E:\精选\AI\03XBPU]S~@]V_~3@6Z]L{TQ_tmb (2024_11_13 09_19_52 UTC).png	E:\精选\AI\03XBPU]S~@]V_~3@6Z]L{TQ_tmb (2024_11_13 09_19_52 UTC).jpg
E:\精选\二次元\$792(F58W{~U}Z$7$F3JA{1.JPG	E:\精选\二次元\$792(F58W{~U}Z$7$F3JA{1.png
E:\精选\二次元\$B2%)4$U@BZG9L[}$S[SZQ6.bmp	E:\精选\二次元\$B2%)4$U@BZG9L[}$S[SZQ6.png
E:\精选\二次元\$NVAVJB9~_Y30_}1G8VW{TX.bmp	E:\精选\二次元\$NVAVJB9~_Y30_}1G8VW{TX.jpg
E:\精选\二次元\$N`SB{M$0[]LF][KT6KIZNA.jpg	E:\精选\二次元\$N`SB{M$0[]LF][KT6KIZNA.png
E:\精选\二次元\$LK8DOB8Q)81@_E}J@9J@%V.jpg	E:\精选\二次元\$LK8DOB8Q)81@_E}J@9J@%V.png
E:\精选\二次元\$R6RSZ4T.jpg	E:\精选\二次元\$R6RSZ4T.png
E:\精选\二次元\$RHKLXLQ.jpg	E:\精选\二次元\$RHKLXLQ.png
E:\精选\二次元\$RITMKZT.jpg	E:\精选\二次元\$RITMKZT.png
E:\精选\二次元\$RKAADGN.jpg	E:\精选\二次元\$RKAADGN.png
E:\精选\二次元\$[A6}5{B$7B{UN99}BCHE@8.bmp	E:\精选\二次元\$[A6}5{B$7B{UN99}BCHE@8.jpg
E:\精选\二次元\$_XS_{G0GG(O8A5](WAV5R3.jpg	E:\精选\二次元\$_XS_{G0GG(O8A5](WAV5R3.png
E:\精选\二次元\%$W)ISBWEN{@J2D587G)RK7.jpg	E:\精选\二次元\%$W)ISBWEN{@J2D587G)RK7.png
E:\精选\二次元\$`X2{R]AK~U7~UC[H~QILU2.jpg	E:\精选\二次元\$`X2{R]AK~U7~UC[H~QILU2.png
E:\精选\二次元\%1J{RZ43{(6DRK%N6%)~@CQ.bmp	E:\精选\二次元\%1J{RZ43{(6DRK%N6%)~@CQ.jpg
E:\精选\二次元\%3FG6{SIC9SHQ3004HNJ66B.jpg	E:\精选\二次元\%3FG6{SIC9SHQ3004HNJ66B.png
E:\精选\二次元\%60V{BCICA1E%Q$P7S1(1Z6.jpg	E:\精选\二次元\%60V{BCICA1E%Q$P7S1(1Z6.png
E:\精选\二次元\%D_0)PG9]4Q[W[3@RGL63OO.gif	E:\精选\二次元\%D_0)PG9]4Q[W[3@RGL63OO.jpg
E:\精选\二次元\%FODRFJ$RK0~N${RW@0}TDP.JPG	E:\精选\二次元\%FODRFJ$RK0~N${RW@0}TDP.png
E:\精选\二次元\%ILM3LMZ_KYKCJU}0[[9ZDB.jpg	E:\精选\二次元\%ILM3LMZ_KYKCJU}0[[9ZDB.png
E:\精选\二次元\%KHP@6Q@BJ2[59(~ZEA2JSK_tmb.gif	E:\精选\二次元\%KHP@6Q@BJ2[59(~ZEA2JSK_tmb.png
E:\精选\二次元\%34X0H6Q93IJRY9~JJX[@H0.JPG	E:\精选\二次元\%34X0H6Q93IJRY9~JJX[@H0.png
E:\精选\二次元\%RC9CA3{]$O_RPRW)21M6JX.gif	E:\精选\二次元\%RC9CA3{]$O_RPRW)21M6JX.jpg
E:\精选\二次元\%T(DJ$%H%[Q{)63F3PX4UDG.bmp	E:\精选\二次元\%T(DJ$%H%[Q{)63F3PX4UDG.jpg
E:\精选\二次元\%RIPYLQN`35X3Z5T~0FXDU4.bmp	E:\精选\二次元\%RIPYLQN`35X3Z5T~0FXDU4.png
E:\精选\二次元\%9]2)J3KZ78WW[L433SF%AV.JPG	E:\精选\二次元\%9]2)J3KZ78WW[L433SF%AV.png
E:\精选\二次元\%X`FC7)Y{~N`%}4%$[U~0TX.png	E:\精选\二次元\%X`FC7)Y{~N`%}4%$[U~0TX.jpg
E:\精选\二次元\%X[}B5]H$8ZYE7LOG4%_5%5.jpg	E:\精选\二次元\%X[}B5]H$8ZYE7LOG4%_5%5.png
E:\精选\二次元\%KYC_5S~CLJ$K%I)Y}2_@OP.JPG	E:\精选\二次元\%KYC_5S~CLJ$K%I)Y}2_@OP.png
E:\精选\二次元\%X4RCF}9_WOY5WW35Y(B(Z5.jpg	E:\精选\二次元\%X4RCF}9_WOY5WW35Y(B(Z5.png
E:\精选\二次元\%[0$S6YVB0B3~OV)[K7Z{[L.bmp	E:\精选\二次元\%[0$S6YVB0B3~OV)[K7Z{[L.jpg
E:\精选\二次元\%TGY61WU4OTWUUT9(SW}U~1.jpg	E:\精选\二次元\%TGY61WU4OTWUUT9(SW}U~1.png
E:\精选\二次元\%{W5QG(KCR5S~_(%]%0S$6U.JPG	E:\精选\二次元\%{W5QG(KCR5S~_(%]%0S$6U.png
E:\精选\二次元\%_WOPSEWL]S]QX@C@]JA3CN_tmb (2024_11_13 09_19_52 UTC).jpg	E:\精选\二次元\%_WOPSEWL]S]QX@C@]JA3CN_tmb (2024_11_13 09_19_52 UTC).png
E:\精选\二次元\(%K~FE{LUKO_KEC7PN3OVVH.png	E:\精选\二次元\(%K~FE{LUKO_KEC7PN3OVVH.jpg
E:\精选\二次元\%QP8A[TDAI44)9(X@5QL@MH.JPG	E:\精选\二次元\%QP8A[TDAI44)9(X@5QL@MH.png
E:\精选\二次元\(%C~}UYGC4C8H(H%5YT2E~9.bmp	E:\精选\二次元\(%C~}UYGC4C8H(H%5YT2E~9.png
E:\精选\二次元\%}%4JIM}3L23A_@3W718}@D.JPG	E:\精选\二次元\%}%4JIM}3L23A_@3W718}@D.png
E:\精选\二次元\(3CMF{Z8O{HP~G0{FI2S%LE.JPG	E:\精选\二次元\(3CMF{Z8O{HP~G0{FI2S%LE.png
E:\精选\二次元\(5~RI@K7SBX$BR%$%I{(E[P.jpg	E:\精选\二次元\(5~RI@K7SBX$BR%$%I{(E[P.png
E:\精选\二次元\(5{3H$1}[XE9YJKSWPTW9EL.png	E:\精选\二次元\(5{3H$1}[XE9YJKSWPTW9EL.jpg
E:\精选\二次元\(I[NTHHF6387XOZR~{WTG26.jpg	E:\精选\二次元\(I[NTHHF6387XOZR~{WTG26.png
E:\精选\二次元\(K8FUC9BKUAWWY@{2VHMYW6.bmp	E:\精选\二次元\(K8FUC9BKUAWWY@{2VHMYW6.jpg
E:\精选\二次元\(N@E[D}CD%3DH()SQG}K8~D.bmp	E:\精选\二次元\(N@E[D}CD%3DH()SQG}K8~D.png
E:\精选\二次元\(Z06)DRKR{1$2[9]07F}QAD_tmb (2024_11_13 09_19_52 UTC).png	E:\精选\二次元\(Z06)DRKR{1$2[9]07F}QAD_tmb (2024_11_13 09_19_52 UTC).jpg
E:\精选\二次元\(Z4UOJ3CYAB4]PWK0WR56{K.png	E:\精选\二次元\(Z4UOJ3CYAB4]PWK0WR56{K.jpg
E:\精选\二次元\(V}PWY1G3Z6Y%OIJX]6WJWJ.gif	E:\精选\二次元\(V}PWY1G3Z6Y%OIJX]6WJWJ.jpg
E:\精选\二次元\({OP@MP%`8FJQ3{0`HHGT1M.jpg	E:\精选\二次元\({OP@MP%`8FJQ3{0`HHGT1M.png
E:\精选\二次元\)$R{WRMC4{PEKLP_VF2B9VD.jpg	E:\精选\二次元\)$R{WRMC4{PEKLP_VF2B9VD.png
E:\精选\二次元\(}PJ[VMWF)L35%@QFNBL2WM.bmp	E:\精选\二次元\(}PJ[VMWF)L35%@QFNBL2WM.png
E:\精选\二次元\)76[D1]BNUG(U{3AJOUH}33.png	E:\精选\二次元\)76[D1]BNUG(U{3AJOUH}33.jpg
E:\精选\二次元\)982Y(H{P%0D@`56P_@A((F.jpg	E:\精选\二次元\)982Y(H{P%0D@`56P_@A((F.png
E:\精选\二次元\)P0H{G27B5T_Z19[{[HKX3A.bmp	E:\精选\二次元\)P0H{G27B5T_Z19[{[HKX3A.jpg
E:\精选\二次元\)Z(L%L@(D52U)UWO{MRU~6O.JPG	E:\精选\二次元\)Z(L%L@(D52U)UWO{MRU~6O.png
E:\精选\二次元\){%H(H3PZ_`[KHAT[O[YGFE_tmb (2024_11_13 09_19_52 UTC).png	E:\精选\二次元\){%H(H3PZ_`[KHAT[O[YGFE_tmb (2024_11_13 09_19_52 UTC).jpg
E:\精选\二次元\){09KV9BD85]13$@2WXNL4Y.bmp	E:\精选\二次元\){09KV9BD85]13$@2WXNL4Y.jpg
E:\精选\二次元\)OH08]0%](_RVLGUVPYDHHX.jpg	E:\精选\二次元\)OH08]0%](_RVLGUVPYDHHX.png
E:\精选\二次元\0)XGQEB3898$4{@Y}8M4%KF.gif	E:\精选\二次元\0)XGQEB3898$4{@Y}8M4%KF.jpg
E:\精选\二次元\01`~IOXX{Y$WWDAIGN}CI51.JPG	E:\精选\二次元\01`~IOXX{Y$WWDAIGN}CI51.png
E:\精选\二次元\01~$D7G}[[2)4GNH{]JW31D.bmp	E:\精选\二次元\01~$D7G}[[2)4GNH{]JW31D.jpg
E:\精选\二次元\0394_[(XB%OH}JZ0P5%WU}K.jpg	E:\精选\二次元\0394_[(XB%OH}JZ0P5%WU}K.png
E:\精选\二次元\02GT06HAIO71%97W%O4)1@1.jpg	E:\精选\二次元\02GT06HAIO71%97W%O4)1@1.png
E:\精选\二次元\0764QY_ST4{N_{M_1$IH_F5.bmp	E:\精选\二次元\0764QY_ST4{N_{M_1$IH_F5.jpg
E:\精选\二次元\082L{PCZPO31LEL0@3I047U.JPG	E:\精选\二次元\082L{PCZPO31LEL0@3I047U.png
E:\精选\二次元\098B_}$HAC6B`{DJLT[FQWN.jpg	E:\精选\二次元\098B_}$HAC6B`{DJLT[FQWN.png
E:\精选\二次元\0HPGA_X}0XJ2`{U{]}WWZ9F.bmp	E:\精选\二次元\0HPGA_X}0XJ2`{U{]}WWZ9F.jpg
E:\精选\二次元\0G_K%P9W4FS@RYX`2[@[3L2.jpg	E:\精选\二次元\0G_K%P9W4FS@RYX`2[@[3L2.png
E:\精选\二次元\0MX44H83ATV80$$_{76Q7Q7.jpg	E:\精选\二次元\0MX44H83ATV80$$_{76Q7Q7.png
E:\精选\二次元\0CO5SK3LQVUTF%ZB9EG6JO2.jpg	E:\精选\二次元\0CO5SK3LQVUTF%ZB9EG6JO2.png
E:\精选\二次元\0O{PN3TOR{TJAOX)KY7I8GT.bmp	E:\精选\二次元\0O{PN3TOR{TJAOX)KY7I8GT.jpg
E:\精选\二次元\1%~4VZAH7)NB8)XI3RZ~]24.jpg	E:\精选\二次元\1%~4VZAH7)NB8)XI3RZ~]24.png
E:\精选\二次元\18QN@W{)4}{1F5~08~J{0N5.bmp	E:\精选\二次元\18QN@W{)4}{1F5~08~J{0N5.jpg
E:\精选\二次元\1NLK(ZB}5ZEK[{7}O[]7K4W.png	E:\精选\二次元\1NLK(ZB}5ZEK[{7}O[]7K4W.jpg
E:\精选\二次元\1Y)]O~_%]SE2MZES7]~Y{WQ.bmp	E:\精选\二次元\1Y)]O~_%]SE2MZES7]~Y{WQ.jpg
E:\精选\二次元\207%N%4SKC@0T7O$O~LDY{1.jpg	E:\精选\二次元\207%N%4SKC@0T7O$O~LDY{1.png
E:\精选\二次元\25ABDO1Q{4}$X$E7}J)FXY4.jpg	E:\精选\二次元\25ABDO1Q{4}$X$E7}J)FXY4.png
E:\精选\二次元\277BK8]%JE%IYVNCS7G}{NF.jpg	E:\精选\二次元\277BK8]%JE%IYVNCS7G}{NF.png
E:\精选\二次元\29B4SP]7J(6T2NS@3V%@GD6.gif	E:\精选\二次元\29B4SP]7J(6T2NS@3V%@GD6.png
E:\精选\二次元\2CP`K7IQ({(AR0@}71F{~~X.bmp	E:\精选\二次元\2CP`K7IQ({(AR0@}71F{~~X.jpg
E:\精选\二次元\2GF[V}WSI1{7ZJSUEFT2BUM.bmp	E:\精选\二次元\2GF[V}WSI1{7ZJSUEFT2BUM.jpg
E:\精选\二次元\2N)R0WR@6{TNVZ4ZEQ$I([K.png	E:\精选\二次元\2N)R0WR@6{TNVZ4ZEQ$I([K.jpg
E:\精选\二次元\2NI$J1AM8]`{P_R6ZRBLX01.bmp	E:\精选\二次元\2NI$J1AM8]`{P_R6ZRBLX01.png
E:\精选\二次元\2P$WXFJ[SF1_DL@7AHG0%0M.jpg	E:\精选\二次元\2P$WXFJ[SF1_DL@7AHG0%0M.png
E:\精选\二次元\2S2V[B_PJ4)HOY{QL]G@RO5_tmb (2024_11_13 09_19_52 UTC).bmp	E:\精选\二次元\2S2V[B_PJ4)HOY{QL]G@RO5_tmb (2024_11_13 09_19_52 UTC).jpg
E:\精选\二次元\2R5{{EM2TWO4`UP(W6}_}9M.JPG	E:\精选\二次元\2R5{{EM2TWO4`UP(W6}_}9M.png
E:\精选\二次元\2RQ2GADA60GCXF17O5_{`}1.jpg	E:\精选\二次元\2RQ2GADA60GCXF17O5_{`}1.png
E:\精选\二次元\2PX}C71X]USQTUV}SV%HUPK.bmp	E:\精选\二次元\2PX}C71X]USQTUV}SV%HUPK.png
E:\精选\二次元\2T{C~EU3{CNWXXDO([19LMC_tmb (2024_11_13 09_19_52 UTC).jpg	E:\精选\二次元\2T{C~EU3{CNWXXDO([19LMC_tmb (2024_11_13 09_19_52 UTC).png
E:\精选\二次元\30$V${A)J`PILIF}}1TKCN8_tmb (2024_11_13 09_19_52 UTC).bmp	E:\精选\二次元\30$V${A)J`PILIF}}1TKCN8_tmb (2024_11_13 09_19_52 UTC).jpg
E:\精选\二次元\2Q)[B]T}[S@DYSVIGH%V0RM.jpg	E:\精选\二次元\2Q)[B]T}[S@DYSVIGH%V0RM.png
E:\精选\二次元\3(%)7C)3`(HXO88J095T`K4.jpg	E:\精选\二次元\3(%)7C)3`(HXO88J095T`K4.png
E:\精选\二次元\38AFTI[JTBSL}D}6L{9)7%P.bmp	E:\精选\二次元\38AFTI[JTBSL}D}6L{9)7%P.jpg
E:\精选\二次元\3M{%`4OPGV@@L7](UK)SH$K.JPG	E:\精选\二次元\3M{%`4OPGV@@L7](UK)SH$K.png
E:\精选\二次元\3S]`$PUB}_$%K(%86YW634M.jpg	E:\精选\二次元\3S]`$PUB}_$%K(%86YW634M.png
E:\精选\二次元\3X0{ZXZ(K]V()AI@K2QQR{4.jpg	E:\精选\二次元\3X0{ZXZ(K]V()AI@K2QQR{4.png
E:\精选\二次元\3XTSELJ{35K9`21A0C[WU1G.bmp	E:\精选\二次元\3XTSELJ{35K9`21A0C[WU1G.jpg
E:\精选\二次元\3`(P9_(D_}SM3Y(V`%AN[@M.JPG	E:\精选\二次元\3`(P9_(D_}SM3Y(V`%AN[@M.png
E:\精选\二次元\3{QVHBQJSUS`MFMND]J(S0H.bmp	E:\精选\二次元\3{QVHBQJSUS`MFMND]J(S0H.jpg
E:\精选\二次元\3~LTQSXZWU}CAY%Z9_TJ0VB.gif	E:\精选\二次元\3~LTQSXZWU}CAY%Z9_TJ0VB.jpg
E:\精选\二次元\49(QZXM2V5572P51C2{LDZS.bmp	E:\精选\二次元\49(QZXM2V5572P51C2{LDZS.jpg
E:\精选\二次元\49GS7_DH]`Y3`0E%Q8FMU7C.jpg	E:\精选\二次元\49GS7_DH]`Y3`0E%Q8FMU7C.png
E:\精选\二次元\4A$YF%O2%5]SX1]D`(T1LHY.bmp	E:\精选\二次元\4A$YF%O2%5]SX1]D`(T1LHY.png
E:\精选\二次元\4ORNX)BN3K3~%2Q$P2TK@)6.gif	E:\精选\二次元\4ORNX)BN3K3~%2Q$P2TK@)6.jpg
E:\精选\二次元\5$IN[7M{~(73C}~XV0K9ODH.bmp	E:\精选\二次元\5$IN[7M{~(73C}~XV0K9ODH.jpg
E:\精选\二次元\52VOVF]6G8{(G5$S((J_Y$O.png	E:\精选\二次元\52VOVF]6G8{(G5$S((J_Y$O.jpg
E:\精选\二次元\53Z29)~I$%8{9XHBC85EI[9.bmp	E:\精选\二次元\53Z29)~I$%8{9XHBC85EI[9.jpg
E:\精选\二次元\54D%I7@P_5G3`TRSCNQ[1QW.jpg	E:\精选\二次元\54D%I7@P_5G3`TRSCNQ[1QW.png
E:\精选\二次元\56W[HZ9}]%K66JU}]5%{XRM.png	E:\精选\二次元\56W[HZ9}]%K66JU}]5%{XRM.jpg
E:\精选\二次元\56SI%`{`0{90N(C`W{VHW(B.gif	E:\精选\二次元\56SI%`{`0{90N(C`W{VHW(B.png
E:\精选\二次元\5EME$]L95M~AWU4Y{OL0A9O.bmp	E:\精选\二次元\5EME$]L95M~AWU4Y{OL0A9O.jpg
E:\精选\二次元\5J18$ADVA%W903EXXN)L8(J.gif	E:\精选\二次元\5J18$ADVA%W903EXXN)L8(J.jpg
E:\精选\二次元\5UWV~3(7M39EOK{B}5F`54F.bmp	E:\精选\二次元\5UWV~3(7M39EOK{B}5F`54F.jpg
E:\精选\二次元\5R{{U{O2441%C6DMK(5XZ)H.gif	E:\精选\二次元\5R{{U{O2441%C6DMK(5XZ)H.jpg
E:\精选\二次元\5{_S`N)$HTO%IA_{6B}PTDF.gif	E:\精选\二次元\5{_S`N)$HTO%IA_{6B}PTDF.jpg
E:\精选\二次元\6)UK]]81[NBFO%)U$60X{Q3.gif	E:\精选\二次元\6)UK]]81[NBFO%)U$60X{Q3.jpg
E:\精选\二次元\6858EXYH242RNIJ6{5`KE8D.bmp	E:\精选\二次元\6858EXYH242RNIJ6{5`KE8D.png
E:\精选\二次元\6@M328__XP1NH74E~FHGM%K.JPG	E:\精选\二次元\6@M328__XP1NH74E~FHGM%K.png
E:\精选\二次元\6CU](J{9$}5]MJ{P731N2K9.bmp	E:\精选\二次元\6CU](J{9$}5]MJ{P731N2K9.jpg
E:\精选\二次元\6E8`I_56P`)DD~)3@{E8(2Y.bmp	E:\精选\二次元\6E8`I_56P`)DD~)3@{E8(2Y.jpg
E:\精选\二次元\6H4E{WZT2I37M$U470}{%9H.bmp	E:\精选\二次元\6H4E{WZT2I37M$U470}{%9H.jpg
E:\精选\二次元\6T%EK`F8[7SR3[~]`IZJZQ4.jpg	E:\精选\二次元\6T%EK`F8[7SR3[~]`IZJZQ4.png
E:\精选\二次元\6W)4CLWXMEBRF8DC`P{HFH0.bmp	E:\精选\二次元\6W)4CLWXMEBRF8DC`P{HFH0.jpg
E:\精选\二次元\6WNM5~{$ZE$K`G}RBK`}NIO.bmp	E:\精选\二次元\6WNM5~{$ZE$K`G}RBK`}NIO.jpg
E:\精选\二次元\7(@]%0JOZE2U%SMIA[{G$IQ.jpg	E:\精选\二次元\7(@]%0JOZE2U%SMIA[{G$IQ.png
E:\精选\二次元\70QN{PRPCUP%0N3RVE145@Y.bmp	E:\精选\二次元\70QN{PRPCUP%0N3RVE145@Y.jpg
E:\精选\二次元\7D@3Z}OR0M}Z{VWQOZQJ1E1.bmp	E:\精选\二次元\7D@3Z}OR0M}Z{VWQOZQJ1E1.jpg
E:\精选\二次元\7DD2VUFX{GNL_%}]69S}YRX_tmb (2024_11_13 09_19_52 UTC).bmp	E:\精选\二次元\7DD2VUFX{GNL_%}]69S}YRX_tmb (2024_11_13 09_19_52 UTC).jpg
E:\精选\二次元\7EWQ7E~RECR(%2XWEY@)Z$7.jpg	E:\精选\二次元\7EWQ7E~RECR(%2XWEY@)Z$7.png
E:\精选\二次元\8)~I])B7TKW{}T65(ZRO4XT.bmp	E:\精选\二次元\8)~I])B7TKW{}T65(ZRO4XT.jpg
E:\精选\二次元\7ZQ1CIK9KW6[MM5%5FR)O`R.JPG	E:\精选\二次元\7ZQ1CIK9KW6[MM5%5FR)O`R.png
E:\精选\二次元\856PT6A{LT_8P9_VTQ4_7]X.bmp	E:\精选\二次元\856PT6A{LT_8P9_VTQ4_7]X.jpg
E:\精选\二次元\88K%9QS$}3]0[X6{8L)MG%T.bmp	E:\精选\二次元\88K%9QS$}3]0[X6{8L)MG%T.jpg
E:\精选\二次元\8@XHDQJ{E7`{SF_F3~QI}Y4.bmp	E:\精选\二次元\8@XHDQJ{E7`{SF_F3~QI}Y4.jpg
E:\精选\二次元\8J00X{016)Z(DVF63L~364B.jpg	E:\精选\二次元\8J00X{016)Z(DVF63L~364B.png
E:\精选\二次元\8]Q5HIEPLTU[)50K{NM9G3Q.jpg	E:\精选\二次元\8]Q5HIEPLTU[)50K{NM9G3Q.png
E:\精选\二次元\9$XD52TJ[GM6L{3F11L])K4.bmp	E:\精选\二次元\9$XD52TJ[GM6L{3F11L])K4.jpg
E:\精选\二次元\93VPY]3($MRM%P8OFO][EON.jpg	E:\精选\二次元\93VPY]3($MRM%P8OFO][EON.png
E:\精选\二次元\96{861XTMW1PPAXIIM62~TS.bmp	E:\精选\二次元\96{861XTMW1PPAXIIM62~TS.jpg
E:\精选\二次元\9N(3FCXO_0~RE]IH74)4{G4_tmb (2024_11_13 09_19_52 UTC).bmp	E:\精选\二次元\9N(3FCXO_0~RE]IH74)4{G4_tmb (2024_11_13 09_19_52 UTC).jpg
E:\精选\二次元\9OV_37ZN}{~)L91~ND9_1ER.jpg	E:\精选\二次元\9OV_37ZN}{~)L91~ND9_1ER.png
E:\精选\二次元\9Z~9(3$L{)%)J4G{XT[Q1HT.bmp	E:\精选\二次元\9Z~9(3$L{)%)J4G{XT[Q1HT.jpg
E:\精选\二次元\9]JQAT{J%}FLLCR(VC~UV7K.bmp	E:\精选\二次元\9]JQAT{J%}FLLCR(VC~UV7K.jpg
E:\精选\二次元\@2YR1{D62M~CY4(UC`~QLK2 (2024_11_13 09_19_52 UTC).bmp	E:\精选\二次元\@2YR1{D62M~CY4(UC`~QLK2 (2024_11_13 09_19_52 UTC).png
E:\精选\二次元\@%5K9KLP~O}410F(2U1SY[Y.bmp	E:\精选\二次元\@%5K9KLP~O}410F(2U1SY[Y.png
E:\精选\二次元\@B9F8WXILI_O`~T3)4O{(0W_tmb (2024_11_13 09_19_52 UTC).jpg	E:\精选\二次元\@B9F8WXILI_O`~T3)4O{(0W_tmb (2024_11_13 09_19_52 UTC).png
E:\精选\二次元\@B]WASJLXUA_GKIC$KU{XWW.bmp	E:\精选\二次元\@B]WASJLXUA_GKIC$KU{XWW.jpg
E:\精选\二次元\@D__NT7}Y8X~U]3{4%D6V[L.jpg	E:\精选\二次元\@D__NT7}Y8X~U]3{4%D6V[L.png
E:\精选\二次元\@LS4{MGBC3B9~$NCAAPR89T.bmp	E:\精选\二次元\@LS4{MGBC3B9~$NCAAPR89T.png
E:\精选\二次元\@RLK)1TSHNN1(GEZ$VF{J1A.jpg	E:\精选\二次元\@RLK)1TSHNN1(GEZ$VF{J1A.png
E:\精选\二次元\@R%FSQ@`V5F}D7IU`AD`JDP.jpg	E:\精选\二次元\@R%FSQ@`V5F}D7IU`AD`JDP.png
E:\精选\二次元\@_PI({JBN1M%E9%E6`MOD]O.bmp	E:\精选\二次元\@_PI({JBN1M%E9%E6`MOD]O.jpg
E:\精选\二次元\A%X2B_GJEIQXBHE4@Y0PAUA.jpg	E:\精选\二次元\A%X2B_GJEIQXBHE4@Y0PAUA.png
E:\精选\二次元\AA[4@S~~KHR_37D{3[_7VP2.png	E:\精选\二次元\AA[4@S~~KHR_37D{3[_7VP2.jpg
E:\精选\二次元\AOKX{J9(IQCA$II%~{4D]V2.bmp	E:\精选\二次元\AOKX{J9(IQCA$II%~{4D]V2.jpg
E:\精选\二次元\ARL%BJ4{}$O`}O{LR~~%2WR.bmp	E:\精选\二次元\ARL%BJ4{}$O`}O{LR~~%2WR.jpg
E:\精选\二次元\APQODD$FG)@Q_V_H4B%E9L4.bmp	E:\精选\二次元\APQODD$FG)@Q_V_H4B%E9L4.png
E:\精选\二次元\B0${E6IV[[1~IR`B5V0A`[O.bmp	E:\精选\二次元\B0${E6IV[[1~IR`B5V0A`[O.jpg
E:\精选\二次元\A~}DUAUELQO%EUEQY1LL1[P_tmb (2024_11_13 09_19_52 UTC).bmp	E:\精选\二次元\A~}DUAUELQO%EUEQY1LL1[P_tmb (2024_11_13 09_19_52 UTC).png
E:\精选\二次元\B79E2(LU8S]{MWQD}TV[TTQ_tmb (2024_11_13 09_19_52 UTC).bmp	E:\精选\二次元\B79E2(LU8S]{MWQD}TV[TTQ_tmb (2024_11_13 09_19_52 UTC).jpg
E:\精选\二次元\B9YL[(THT@67{HQC(_TO5{I.bmp	E:\精选\二次元\B9YL[(THT@67{HQC(_TO5{I.jpg
E:\精选\二次元\BDX@{K9PNYCD@}}QGV)U{OG.bmp	E:\精选\二次元\BDX@{K9PNYCD@}}QGV)U{OG.png
E:\精选\二次元\BMF7Q0YJ)NJH5K]W{Z}0ZTH.bmp	E:\精选\二次元\BMF7Q0YJ)NJH5K]W{Z}0ZTH.jpg
E:\精选\二次元\BGPX%9VFK]VAJA9`T)[24CT.jpg	E:\精选\二次元\BGPX%9VFK]VAJA9`T)[24CT.png
E:\精选\二次元\BRN%O81FL}(VE7C{0~C{~@N.JPG	E:\精选\二次元\BRN%O81FL}(VE7C{0~C{~@N.png
E:\精选\二次元\BS}KT93CO}_5Q{~%HDP[]PP.jpg	E:\精选\二次元\BS}KT93CO}_5Q{~%HDP[]PP.png
E:\精选\二次元\B]FB_JC5CA{EBAJ2ZC{E5K6.bmp	E:\精选\二次元\B]FB_JC5CA{EBAJ2ZC{E5K6.jpg
E:\精选\二次元\C1IOM{~RP3U][L2@%4[@M68.bmp	E:\精选\二次元\C1IOM{~RP3U][L2@%4[@M68.jpg
E:\精选\二次元\C1XBDH(}2[%QO89KLMA(4TV.JPG	E:\精选\二次元\C1XBDH(}2[%QO89KLMA(4TV.png
E:\精选\二次元\C@4OK0{[NFWE1VGCU@C]SZI.jpg	E:\精选\二次元\C@4OK0{[NFWE1VGCU@C]SZI.png
E:\精选\二次元\C@(3AJ[XV1P53$3{O}N1EOE.bmp	E:\精选\二次元\C@(3AJ[XV1P53$3{O}N1EOE.jpg
E:\精选\二次元\CBXFBM[46X((@]M`$HQ}A{H.bmp	E:\精选\二次元\CBXFBM[46X((@]M`$HQ}A{H.jpg
E:\精选\二次元\CF$VHE65`@({~AA$1J~VAKI.bmp	E:\精选\二次元\CF$VHE65`@({~AA$1J~VAKI.jpg
E:\精选\二次元\CT]%]Y`H02%G$YIARY$][1O.gif	E:\精选\二次元\CT]%]Y`H02%G$YIARY$][1O.jpg
E:\精选\二次元\D)(E7DQQ6I{]%_~L{HJN6)O.jpg	E:\精选\二次元\D)(E7DQQ6I{]%_~L{HJN6)O.png
E:\精选\二次元\CW$ZOU%_3IFM[4$_1W50H2Q.JPG	E:\精选\二次元\CW$ZOU%_3IFM[4$_1W50H2Q.png
E:\精选\二次元\D$JLPNA%VZ4J4F)S%)BBKLO.JPG	E:\精选\二次元\D$JLPNA%VZ4J4F)S%)BBKLO.png
E:\精选\二次元\DA8K]%])JX`WOV3DYM44JAD.gif	E:\精选\二次元\DA8K]%])JX`WOV3DYM44JAD.jpg
E:\精选\二次元\DA(V%SY8X1J31UCLOEAS_@B.JPG	E:\精选\二次元\DA(V%SY8X1J31UCLOEAS_@B.png
E:\精选\二次元\DD(9{9(YOB@39V5YXL9E(Q9.bmp	E:\精选\二次元\DD(9{9(YOB@39V5YXL9E(Q9.jpg
E:\精选\二次元\DNB%5U}EKN6UWHS6DS{X7H5.bmp	E:\精选\二次元\DNB%5U}EKN6UWHS6DS{X7H5.jpg
E:\精选\二次元\DZV~AR(2G[U{R@CSA79K((M.bmp	E:\精选\二次元\DZV~AR(2G[U{R@CSA79K((M.jpg
E:\精选\二次元\DXC7(GM2UL{D(ULZ{B_GJ7T.bmp	E:\精选\二次元\DXC7(GM2UL{D(ULZ{B_GJ7T.jpg
E:\精选\二次元\E(%N%AL2$%U9A%$1L%N{H1S_tmb (2024_11_13 09_19_52 UTC).bmp	E:\精选\二次元\E(%N%AL2$%U9A%$1L%N{H1S_tmb (2024_11_13 09_19_52 UTC).jpg
E:\精选\二次元\DOHQ2TMGIYH%K)3G1MM}JRY.jpg	E:\精选\二次元\DOHQ2TMGIYH%K)3G1MM}JRY.png
E:\精选\二次元\E8)S4WM}F~P]ZS~5P(U@`{G.bmp	E:\精选\二次元\E8)S4WM}F~P]ZS~5P(U@`{G.jpg
E:\精选\二次元\EB@OK~_})8I3E59%628~Y0L.gif	E:\精选\二次元\EB@OK~_})8I3E59%628~Y0L.jpg
E:\精选\二次元\EJ{[26MSYE7N(}NE1GVTJ[E.JPG	E:\精选\二次元\EJ{[26MSYE7N(}NE1GVTJ[E.png
E:\精选\二次元\ET77C6]6P~Z`JF{S%D~9ZXM.jpg	E:\精选\二次元\ET77C6]6P~Z`JF{S%D~9ZXM.png
E:\精选\二次元\EQK6(OHIRNWBCRL[)Y2{@QT.bmp	E:\精选\二次元\EQK6(OHIRNWBCRL[)Y2{@QT.jpg
E:\精选\二次元\EX9E{Y}G]D5L_80C)NTL64S.bmp	E:\精选\二次元\EX9E{Y}G]D5L_80C)NTL64S.jpg
E:\精选\二次元\EZG$5}{{{}~EJU{[52BXLMY.bmp	E:\精选\二次元\EZG$5}{{{}~EJU{[52BXLMY.jpg
E:\精选\二次元\E`@7CVI5I792$}7J2QA}G{N.bmp	E:\精选\二次元\E`@7CVI5I792$}7J2QA}G{N.jpg
E:\精选\二次元\E~(2R5{`)2Q]1CME53Z`Q4F.bmp	E:\精选\二次元\E~(2R5{`)2Q]1CME53Z`Q4F.jpg
E:\精选\二次元\E}[8}0}L2Q($DDQHE]~K%CN.bmp	E:\精选\二次元\E}[8}0}L2Q($DDQHE]~K%CN.png
E:\精选\二次元\F1E]3L3ZT~%UW~(~[`IFSYD.jpg	E:\精选\二次元\F1E]3L3ZT~%UW~(~[`IFSYD.png
E:\精选\二次元\F8(T8QP$}PTV{1(S]L@5YZ6.jpg	E:\精选\二次元\F8(T8QP$}PTV{1(S]L@5YZ6.png
E:\精选\二次元\F9%$8V6{J)43IUAJ[8JP5XJ.gif	E:\精选\二次元\F9%$8V6{J)43IUAJ[8JP5XJ.jpg
E:\精选\二次元\FJT3AV]373U{~0J_WM%H(~8.bmp	E:\精选\二次元\FJT3AV]373U{~0J_WM%H(~8.jpg
E:\精选\二次元\FOP@43LC~PPY65YLZKD{VWS_tmb (2024_11_13 09_19_52 UTC).PNG	E:\精选\二次元\FOP@43LC~PPY65YLZKD{VWS_tmb (2024_11_13 09_19_52 UTC).jpg
E:\精选\二次元\FZD~8H{6AI]X2~MJMTC25JM.bmp	E:\精选\二次元\FZD~8H{6AI]X2~MJMTC25JM.png
E:\精选\二次元\F{OVA9RE_(E%_NPLXS0ZO[V.jpg	E:\精选\二次元\F{OVA9RE_(E%_NPLXS0ZO[V.png
E:\精选\二次元\G%L1X[]7K6E(MOIG6II@{9E_tmb (2024_11_13 09_19_52 UTC).bmp	E:\精选\二次元\G%L1X[]7K6E(MOIG6II@{9E_tmb (2024_11_13 09_19_52 UTC).jpg
E:\精选\二次元\G3C@57QWO)DRR(4S6MSA{_M.bmp	E:\精选\二次元\G3C@57QWO)DRR(4S6MSA{_M.jpg
E:\精选\二次元\G4Z``~PHM1_](0ZL826%]EO.gif	E:\精选\二次元\G4Z``~PHM1_](0ZL826%]EO.jpg
E:\精选\二次元\G43_Z3UNF5RSOM)%Y5BYJ{O.gif	E:\精选\二次元\G43_Z3UNF5RSOM)%Y5BYJ{O.jpg
E:\精选\二次元\GB1YNQ4WL9%`B{{71JUHC2N.bmp	E:\精选\二次元\GB1YNQ4WL9%`B{{71JUHC2N.jpg
E:\精选\二次元\GD(VPE0[5D}UI7RDC{E7_4E_tmb (2024_11_13 09_19_52 UTC).bmp	E:\精选\二次元\GD(VPE0[5D}UI7RDC{E7_4E_tmb (2024_11_13 09_19_52 UTC).jpg
E:\精选\二次元\GDJ0{3POJZG5MZX75DBXBKO_tmb (2024_11_13 09_19_52 UTC).bmp	E:\精选\二次元\GDJ0{3POJZG5MZX75DBXBKO_tmb (2024_11_13 09_19_52 UTC).jpg
E:\精选\二次元\GFZ(EV01DKXFQPTU{KE`LPU.bmp	E:\精选\二次元\GFZ(EV01DKXFQPTU{KE`LPU.jpg
E:\精选\二次元\GN8U77N[6[DJ`2H{[G]FPHR.JPG	E:\精选\二次元\GN8U77N[6[DJ`2H{[G]FPHR.png
E:\精选\二次元\GS0LKI0L{$%]{$Z%11X{Z~X.jpg	E:\精选\二次元\GS0LKI0L{$%]{$Z%11X{Z~X.png
E:\精选\二次元\GY6[%{C8{[`HT]6QR4SC]RU_tmb (2024_11_13 09_19_52 UTC).bmp	E:\精选\二次元\GY6[%{C8{[`HT]6QR4SC]RU_tmb (2024_11_13 09_19_52 UTC).jpg
E:\精选\二次元\H9HW9Z23{O%DRKM2I%U49_F.bmp	E:\精选\二次元\H9HW9Z23{O%DRKM2I%U49_F.jpg
E:\精选\二次元\Hermes-base__图片_有用_3I]S[H(XG%)$GUN62[MP1]L.jpg	E:\精选\二次元\Hermes-base__图片_有用_3I]S[H(XG%)$GUN62[MP1]L.png
E:\精选\二次元\Hermes-base__图片_有用_DYZ2J%LSFOO~9@{Q2%5(YZJ.jpg	E:\精选\二次元\Hermes-base__图片_有用_DYZ2J%LSFOO~9@{Q2%5(YZJ.png
E:\精选\二次元\Hermes-base__图片_有用_EY}~UR%MLKS7$5]JVUT9{1C.jpg	E:\精选\二次元\Hermes-base__图片_有用_EY}~UR%MLKS7$5]JVUT9{1C.png
E:\精选\二次元\Hermes-base__图片_有用_DZ`0X$@$NXKPQ{}D{A@VF5H.jpg	E:\精选\二次元\Hermes-base__图片_有用_DZ`0X$@$NXKPQ{}D{A@VF5H.png
E:\精选\二次元\Hermes-base__图片_有用_PH~UTRA)2{O@%DGYVVAF2{D.jpg	E:\精选\二次元\Hermes-base__图片_有用_PH~UTRA)2{O@%DGYVVAF2{D.png
E:\精选\二次元\Hermes-base__图片_有用_H30{`(Q7YGC6W2W3]YR_9$N.jpg	E:\精选\二次元\Hermes-base__图片_有用_H30{`(Q7YGC6W2W3]YR_9$N.png
E:\精选\二次元\Hermes-base__图片_有用_PZOYE1]`TDLW1{TJAA~8W$I.jpg	E:\精选\二次元\Hermes-base__图片_有用_PZOYE1]`TDLW1{TJAA~8W$I.png
E:\精选\二次元\Hermes-base__图片_有用_V}~$I}ZU%GJPD{P@W}67$@U (2024_11_13 09_19_52 UTC).jpg	E:\精选\二次元\Hermes-base__图片_有用_V}~$I}ZU%GJPD{P@W}67$@U (2024_11_13 09_19_52 UTC).png
E:\精选\二次元\Hermes-base__图片_有用_Z`VR(HJ{W6KT({%CH0YJ5]N.jpg	E:\精选\二次元\Hermes-base__图片_有用_Z`VR(HJ{W6KT({%CH0YJ5]N.png
E:\精选\二次元\HGYW_$MN91{HK8T55VSCP2V.bmp	E:\精选\二次元\HGYW_$MN91{HK8T55VSCP2V.jpg
E:\精选\二次元\HJ)J~ZR4UA`2Z_JJW2({Z@T.bmp	E:\精选\二次元\HJ)J~ZR4UA`2Z_JJW2({Z@T.jpg
E:\精选\二次元\HKWZMGBI{0R@K5T$E@}2Y(9_tmb (2024_11_13 09_19_52 UTC).bmp	E:\精选\二次元\HKWZMGBI{0R@K5T$E@}2Y(9_tmb (2024_11_13 09_19_52 UTC).jpg
E:\精选\二次元\HP4RS5){NN%TJBLINE)OFQK.JPG	E:\精选\二次元\HP4RS5){NN%TJBLINE)OFQK.png
E:\精选\二次元\Hermes-base__图片_有用_W)2EVX7@0P`@D%39L9@)O@I.jpg	E:\精选\二次元\Hermes-base__图片_有用_W)2EVX7@0P`@D%39L9@)O@I.png
E:\精选\二次元\HUBY9P4]VI{@BD$TQ~ERTCM_tmb (2024_11_13 09_19_52 UTC).bmp	E:\精选\二次元\HUBY9P4]VI{@BD$TQ~ERTCM_tmb (2024_11_13 09_19_52 UTC).jpg
E:\精选\二次元\I%)]J1HXH__Y3{{HG2S%MHE.jpg	E:\精选\二次元\I%)]J1HXH__Y3{{HG2S%MHE.png
E:\精选\二次元\I%K7JFA}{ISZ99Y}AH3O)]M_tmb (2024_11_13 09_19_52 UTC).bmp	E:\精选\二次元\I%K7JFA}{ISZ99Y}AH3O)]M_tmb (2024_11_13 09_19_52 UTC).jpg
E:\精选\二次元\I4_[6ZDLXWY8HQF@G9C8{JA.jpg	E:\精选\二次元\I4_[6ZDLXWY8HQF@G9C8{JA.png
E:\精选\二次元\I6L@`Y$2(MF@}0{Y6D1C3LX.bmp	E:\精选\二次元\I6L@`Y$2(MF@}0{Y6D1C3LX.png
E:\精选\二次元\I8$(W78`253GP3UT~`2]}%2_tmb (2024_11_13 09_19_52 UTC).jpg	E:\精选\二次元\I8$(W78`253GP3UT~`2]}%2_tmb (2024_11_13 09_19_52 UTC).gif
E:\精选\二次元\I8HRP{K}OX5EM}{5HG~8_9U.jpg	E:\精选\二次元\I8HRP{K}OX5EM}{5HG~8_9U.png
E:\精选\二次元\ID9A{~SN3(I%GB]Z$E`3P)S.bmp	E:\精选\二次元\ID9A{~SN3(I%GB]Z$E`3P)S.jpg
E:\精选\二次元\ID@GZ]]E9QSJ_WB{IG740IJ_tmb (2024_11_13 09_19_52 UTC).PNG	E:\精选\二次元\ID@GZ]]E9QSJ_WB{IG740IJ_tmb (2024_11_13 09_19_52 UTC).jpg
E:\精选\二次元\IE3~2H16P1)AIYL(FG%31NB.gif	E:\精选\二次元\IE3~2H16P1)AIYL(FG%31NB.jpg
E:\精选\二次元\IG8J8)PV@BS)03AAQD0U{C6.jpg	E:\精选\二次元\IG8J8)PV@BS)03AAQD0U{C6.png
E:\精选\二次元\II_P)@}{[)__XZB56A4S$RE.bmp	E:\精选\二次元\II_P)@}{[)__XZB56A4S$RE.jpg
E:\精选\二次元\IJH{L]9M6$E~Z`R34`@6G}3.bmp	E:\精选\二次元\IJH{L]9M6$E~Z`R34`@6G}3.jpg
E:\精选\二次元\IOH{N}S4~L6%GE}7SO5%Q6H.bmp	E:\精选\二次元\IOH{N}S4~L6%GE}7SO5%Q6H.jpg
E:\精选\二次元\IP%N}NP3PJUHY64MZV%{@%R.jpg	E:\精选\二次元\IP%N}NP3PJUHY64MZV%{@%R.png
E:\精选\二次元\ITA)YFJPSJ4P9~I97~(I{5G.png	E:\精选\二次元\ITA)YFJPSJ4P9~I97~(I{5G.jpg
E:\精选\二次元\IU3R5Q)4]9E)TSQ3LF3A{NN.bmp	E:\精选\二次元\IU3R5Q)4]9E)TSQ3LF3A{NN.jpg
E:\精选\二次元\I]4PYKMF5{A}}GOZILNG~BH.jpg	E:\精选\二次元\I]4PYKMF5{A}}GOZILNG~BH.png
E:\精选\二次元\I`U16YR3D{OFAP42U2S8D9V.bmp	E:\精选\二次元\I`U16YR3D{OFAP42U2S8D9V.jpg
E:\精选\二次元\I}F4KZZ_OSUA[JNO{2XDK51.bmp	E:\精选\二次元\I}F4KZZ_OSUA[JNO{2XDK51.png
E:\精选\二次元\J0T6J5)JCW{%)Q[}H2MY43S_tmb (2024_11_13 09_19_52 UTC).png	E:\精选\二次元\J0T6J5)JCW{%)Q[}H2MY43S_tmb (2024_11_13 09_19_52 UTC).jpg
E:\精选\二次元\J%OB]501T3KUM~754IE(DYO.jpg	E:\精选\二次元\J%OB]501T3KUM~754IE(DYO.png
E:\精选\二次元\J9TQ6BC{%CF_KO`L7[X22HJ (2024_11_13 09_19_52 UTC).jpg	E:\精选\二次元\J9TQ6BC{%CF_KO`L7[X22HJ (2024_11_13 09_19_52 UTC).png
E:\精选\二次元\JKS14X0C)2USFV9LU1{W{ZH.jpg	E:\精选\二次元\JKS14X0C)2USFV9LU1{W{ZH.png
E:\精选\二次元\K%RU}{DQQDISI$SCMZ55GWE.bmp	E:\精选\二次元\K%RU}{DQQDISI$SCMZ55GWE.jpg
E:\精选\二次元\K%S[DFZVR4U]5OE{RER5NOQ.bmp	E:\精选\二次元\K%S[DFZVR4U]5OE{RER5NOQ.jpg
E:\精选\二次元\K424QZ8{6MTR%2[X6~[{T`M_tmb (2024_11_13 09_19_52 UTC).bmp	E:\精选\二次元\K424QZ8{6MTR%2[X6~[{T`M_tmb (2024_11_13 09_19_52 UTC).png
E:\精选\二次元\K3G{C{J2W}HI7N0I)VM9CI3.bmp	E:\精选\二次元\K3G{C{J2W}HI7N0I)VM9CI3.jpg
E:\精选\二次元\K8_AHZ_%L)0D5H@W97X`_1T.jpg	E:\精选\二次元\K8_AHZ_%L)0D5H@W97X`_1T.png
E:\精选\二次元\KD%(A98[6{A66%2[8W7[(D6.bmp	E:\精选\二次元\KD%(A98[6{A66%2[8W7[(D6.png
E:\精选\二次元\KFMI_]O}0EI6{AK@RJBCZ(8.bmp	E:\精选\二次元\KFMI_]O}0EI6{AK@RJBCZ(8.jpg
E:\精选\二次元\KJF3FG{N)KDK[2NW86_`6DW.bmp	E:\精选\二次元\KJF3FG{N)KDK[2NW86_`6DW.jpg
E:\精选\二次元\KZ)NZ%OJ9P)3Z{GWMK}A6]O.bmp	E:\精选\二次元\KZ)NZ%OJ9P)3Z{GWMK}A6]O.jpg
E:\精选\二次元\L(F_W_V5S1}$O%E91{K~NZ1.bmp	E:\精选\二次元\L(F_W_V5S1}$O%E91{K~NZ1.jpg
E:\精选\二次元\L38QS{06WFZ]_53FA9K_[CX.jpg	E:\精选\二次元\L38QS{06WFZ]_53FA9K_[CX.png
E:\精选\二次元\L7D[%YG{S9{ZS6WM~AQ{AFH.JPG	E:\精选\二次元\L7D[%YG{S9{ZS6WM~AQ{AFH.png
E:\精选\二次元\LLA(R(O{FZZURL`WQ%ABJ~V.jpg	E:\精选\二次元\LLA(R(O{FZZURL`WQ%ABJ~V.png
E:\精选\二次元\LKZR)2MTF{3C3XQ3H9]LNU8.bmp	E:\精选\二次元\LKZR)2MTF{3C3XQ3H9]LNU8.jpg
E:\精选\二次元\LLIL19Q@Z(L6XA_}{XRW4LB.bmp	E:\精选\二次元\LLIL19Q@Z(L6XA_}{XRW4LB.jpg
E:\精选\二次元\LPWV~)Q{()VUYH~Q9(G(B2R.bmp	E:\精选\二次元\LPWV~)Q{()VUYH~Q9(G(B2R.jpg
E:\精选\二次元\LV%)1R)DPXRD7_NV`O4TTG4.gif	E:\精选\二次元\LV%)1R)DPXRD7_NV`O4TTG4.jpg
E:\精选\二次元\L}V2S{YZST4~GR)Q10PY6VR.jpg	E:\精选\二次元\L}V2S{YZST4~GR)Q10PY6VR.png
E:\精选\二次元\L}QQ{GR2`JXH4G~EB_@GFMM.bmp	E:\精选\二次元\L}QQ{GR2`JXH4G~EB_@GFMM.jpg
E:\精选\二次元\M119)VZ{B)]YW~8@IA}SZ~6.jpg	E:\精选\二次元\M119)VZ{B)]YW~8@IA}SZ~6.png
E:\精选\二次元\M8TQGEY]5O%~JSD3$D4JYUE.bmp	E:\精选\二次元\M8TQGEY]5O%~JSD3$D4JYUE.png
E:\精选\二次元\MAMKAA7IOOZZ(7I8O54_{(B.bmp	E:\精选\二次元\MAMKAA7IOOZZ(7I8O54_{(B.png
E:\精选\二次元\MAXV@{)PS1XV1XYU)V5DTL7.bmp	E:\精选\二次元\MAXV@{)PS1XV1XYU)V5DTL7.jpg
E:\精选\二次元\MPXRO~MT)I%}){])9XEBN7G.bmp	E:\精选\二次元\MPXRO~MT)I%}){])9XEBN7G.png
E:\精选\二次元\MNUOW5%Q6LHL2H4M3)04AFD.JPG	E:\精选\二次元\MNUOW5%Q6LHL2H4M3)04AFD.png
E:\精选\二次元\N0}JZZG[KZ7J%F`{UZFO]VG.bmp	E:\精选\二次元\N0}JZZG[KZ7J%F`{UZFO]VG.jpg
E:\精选\二次元\N8IO[}%ZU%{P1CJY3(O`SG6_tmb (2024_11_13 09_19_52 UTC).PNG	E:\精选\二次元\N8IO[}%ZU%{P1CJY3(O`SG6_tmb (2024_11_13 09_19_52 UTC).jpg
E:\精选\二次元\N4G65AP$C[NH9JP4`4UQD{A.bmp	E:\精选\二次元\N4G65AP$C[NH9JP4`4UQD{A.jpg
E:\精选\二次元\NLB2PFNAT_{5OJQ%4OWCXH2.bmp	E:\精选\二次元\NLB2PFNAT_{5OJQ%4OWCXH2.jpg
E:\精选\二次元\NN0E%93{6F6SA4EH(O%C{T7.bmp	E:\精选\二次元\NN0E%93{6F6SA4EH(O%C{T7.jpg
E:\精选\二次元\NH4PQ2%O}YTW~ZZ03[@SSLV.JPG	E:\精选\二次元\NH4PQ2%O}YTW~ZZ03[@SSLV.png
E:\精选\二次元\N{79$VIPQYP([{VB()KOA_4.png	E:\精选\二次元\N{79$VIPQYP([{VB()KOA_4.jpg
E:\精选\二次元\N{[I6QZWU6QBD(00S9Q2WEN.bmp	E:\精选\二次元\N{[I6QZWU6QBD(00S9Q2WEN.jpg
E:\精选\二次元\N_{FZTFW80B{H%5}[`G4Z~T.gif	E:\精选\二次元\N_{FZTFW80B{H%5}[`G4Z~T.jpg
E:\精选\二次元\O2{J31AP@]J205X53Q5C1}D.bmp	E:\精选\二次元\O2{J31AP@]J205X53Q5C1}D.jpg
E:\精选\二次元\OAMI_3L81AO814]`8F[%B~9.gif	E:\精选\二次元\OAMI_3L81AO814]`8F[%B~9.jpg
E:\精选\二次元\OFTG1`R2GR$U{M7371ODSK4.JPG	E:\精选\二次元\OFTG1`R2GR$U{M7371ODSK4.png
E:\精选\二次元\opencode__图片_三次元_8$6QC}~B8%6ZP{H(L%_F`IN.jpg	E:\精选\二次元\opencode__图片_三次元_8$6QC}~B8%6ZP{H(L%_F`IN.png
E:\精选\二次元\O1~WII2$1]YDW]I0OU6%2DN.gif	E:\精选\二次元\O1~WII2$1]YDW]I0OU6%2DN.jpg
E:\精选\二次元\opencode__图片_三次元_ZOKF`P3{)C]X9UA$FS]8$N5.jpg	E:\精选\二次元\opencode__图片_三次元_ZOKF`P3{)C]X9UA$FS]8$N5.png
E:\精选\二次元\opencode__图片_备份_2026-03-06_I[J_%)`J(7W)_8Y57Q[GX2I.jpg	E:\精选\二次元\opencode__图片_备份_2026-03-06_I[J_%)`J(7W)_8Y57Q[GX2I.png
E:\精选\二次元\OUZN){0YUOWQDSR%0OCI3R7.bmp	E:\精选\二次元\OUZN){0YUOWQDSR%0OCI3R7.jpg
E:\精选\二次元\OXKZ)BTBZ`P_U929D5P{V%U.JPG	E:\精选\二次元\OXKZ)BTBZ`P_U929D5P{V%U.png
E:\精选\二次元\O]JFCM2M1584R@J${YD$CH6.bmp	E:\精选\二次元\O]JFCM2M1584R@J${YD$CH6.jpg
E:\精选\二次元\P${$$43BEI5T%~]R%{_XEXC.bmp	E:\精选\二次元\P${$$43BEI5T%~]R%{_XEXC.jpg
E:\精选\二次元\P8GGH$30MV5CH$8EVL@L{_3.bmp	E:\精选\二次元\P8GGH$30MV5CH$8EVL@L{_3.jpg
E:\精选\二次元\P@6{RXL8RB9A@)IR`TZ@ITF.bmp	E:\精选\二次元\P@6{RXL8RB9A@)IR`TZ@ITF.jpg
E:\精选\二次元\P5T$NCIF[Q9V%}MEGPPM$AH.bmp	E:\精选\二次元\P5T$NCIF[Q9V%}MEGPPM$AH.png
E:\精选\二次元\PJ4({IXISNFP{$JMR2{ZI$1.bmp	E:\精选\二次元\PJ4({IXISNFP{$JMR2{ZI$1.png
E:\精选\二次元\PKGFH(488P)9TWYCV%9%[SG.gif	E:\精选\二次元\PKGFH(488P)9TWYCV%9%[SG.png
E:\精选\二次元\PP}SBMP436}`B_]38%@J~48.jpg	E:\精选\二次元\PP}SBMP436}`B_]38%@J~48.png
E:\精选\二次元\PRCEC[]LG$3B`T_L){MRNUW.bmp	E:\精选\二次元\PRCEC[]LG$3B`T_L){MRNUW.jpg
E:\精选\二次元\PS33{01L~AP[]71BIAXSP4S.bmp	E:\精选\二次元\PS33{01L~AP[]71BIAXSP4S.jpg
E:\精选\二次元\PTCQUET4NJJB{(B2W[[)OOO.bmp	E:\精选\二次元\PTCQUET4NJJB{(B2W[[)OOO.jpg
E:\精选\二次元\PVO{W_`4N4_(INQ6XQ}%Y56.bmp	E:\精选\二次元\PVO{W_`4N4_(INQ6XQ}%Y56.jpg
E:\精选\二次元\P}2ZHA~JRDI}`Q{1P(YF]WJ.bmp	E:\精选\二次元\P}2ZHA~JRDI}`Q{1P(YF]WJ.jpg
E:\精选\二次元\P}C1](2Z(MPDIF(I{BE4OQA.bmp	E:\精选\二次元\P}C1](2Z(MPDIF(I{BE4OQA.jpg
E:\精选\二次元\P`OJLPMRU~]3]TUZZ%J[[XG.jpg	E:\精选\二次元\P`OJLPMRU~]3]TUZZ%J[[XG.png
E:\精选\二次元\Q0{~_R8VFPAM77[)AT)D[XC.bmp	E:\精选\二次元\Q0{~_R8VFPAM77[)AT)D[XC.jpg
E:\精选\二次元\P[PEI%K3449%LVOJ@P6)5Y1.jpg	E:\精选\二次元\P[PEI%K3449%LVOJ@P6)5Y1.png
E:\精选\二次元\Q}UNS[~JXJ0QO@O{(CO@GSW.bmp	E:\精选\二次元\Q}UNS[~JXJ0QO@O{(CO@GSW.jpg
E:\精选\二次元\Q{LL7SGY)`EG5_V4BQNSI$1.bmp	E:\精选\二次元\Q{LL7SGY)`EG5_V4BQNSI$1.jpg
E:\精选\二次元\R(X%Z{H19W0%%7G7LHD7B21.bmp	E:\精选\二次元\R(X%Z{H19W0%%7G7LHD7B21.jpg
E:\精选\二次元\RK}0`0FIAXQOXRBYT${7XY0.bmp	E:\精选\二次元\RK}0`0FIAXQOXRBYT${7XY0.jpg
E:\精选\二次元\RS`W9O%O]H2RI_GB)`YAFIQ.bmp	E:\精选\二次元\RS`W9O%O]H2RI_GB)`YAFIQ.png
E:\精选\二次元\RUV]9M%2D1X{1[H{S1IHOFJ.bmp	E:\精选\二次元\RUV]9M%2D1X{1[H{S1IHOFJ.png
E:\精选\二次元\RWSPPS~KE5}LQZ{$$ZRR1YB.jpg	E:\精选\二次元\RWSPPS~KE5}LQZ{$$ZRR1YB.png
E:\精选\二次元\RZPO38B7_IW3%EQURPD4~8J.gif	E:\精选\二次元\RZPO38B7_IW3%EQURPD4~8J.jpg
E:\精选\二次元\S70GHX8R)J1(5R%%TAD4L(7.jpg	E:\精选\二次元\S70GHX8R)J1(5R%%TAD4L(7.png
E:\精选\二次元\SDBUG`B]J(Q7WM[@7%E}()6.jpg	E:\精选\二次元\SDBUG`B]J(Q7WM[@7%E}()6.png
E:\精选\二次元\SIWV%$KOOF3}SAPN3W14S8B.bmp	E:\精选\二次元\SIWV%$KOOF3}SAPN3W14S8B.png
E:\精选\二次元\SML2@MRI8[U`Q4S{JGQ`M[9.bmp	E:\精选\二次元\SML2@MRI8[U`Q4S{JGQ`M[9.png
E:\精选\二次元\SYH06BG[5UFQJ%H51UYEI)P.gif	E:\精选\二次元\SYH06BG[5UFQJ%H51UYEI)P.jpg
E:\精选\二次元\S]GGNB))C`AU0]9`_`SZ9{D.bmp	E:\精选\二次元\S]GGNB))C`AU0]9`_`SZ9{D.jpg
E:\精选\二次元\T$BMA8CHQCV])16@{7K2$Q6.bmp	E:\精选\二次元\T$BMA8CHQCV])16@{7K2$Q6.jpg
E:\精选\二次元\T%YSYK32){EK(WE[4N){J(9.bmp	E:\精选\二次元\T%YSYK32){EK(WE[4N){J(9.png
E:\精选\二次元\T%@@KLK(W~`P_NS~~ZRDN`A.gif	E:\精选\二次元\T%@@KLK(W~`P_NS~~ZRDN`A.jpg
E:\精选\二次元\T%}~]ZM0%@8Y42}1ZJBEQJD.gif	E:\精选\二次元\T%}~]ZM0%@8Y42}1ZJBEQJD.jpg
E:\精选\二次元\T32HA{{5$RFM[TU1(878`$9.JPG	E:\精选\二次元\T32HA{{5$RFM[TU1(878`$9.png
E:\精选\二次元\TIJEM[BQKJ6KV5A%3L%F{XQ.JPG	E:\精选\二次元\TIJEM[BQKJ6KV5A%3L%F{XQ.png
E:\精选\二次元\TLIO{4BOJ4D32YHF46E9`TC.bmp	E:\精选\二次元\TLIO{4BOJ4D32YHF46E9`TC.png
E:\精选\二次元\TO5]S{P69[H8X{[XT2RJNIY.JPG	E:\精选\二次元\TO5]S{P69[H8X{[XT2RJNIY.png
E:\精选\二次元\TP6VVYW@P]B6`WD]CMM{N{6.bmp	E:\精选\二次元\TP6VVYW@P]B6`WD]CMM{N{6.jpg
E:\精选\二次元\TWCEWF`%QWBSR[`O]@UOM0M.jpg	E:\精选\二次元\TWCEWF`%QWBSR[`O]@UOM0M.png
E:\精选\二次元\T{`APW}O$}U8)]MB~L2%F10.JPG	E:\精选\二次元\T{`APW}O$}U8)]MB~L2%F10.png
E:\精选\二次元\U)30I[%349$R$QEJL1Y6QP7.JPG	E:\精选\二次元\U)30I[%349$R$QEJL1Y6QP7.png
E:\精选\二次元\U5O888]K{7ZS411PZN[{HYQ.bmp	E:\精选\二次元\U5O888]K{7ZS411PZN[{HYQ.jpg
E:\精选\二次元\U@~[V)8UMD3O{CI2`]1[[70.png	E:\精选\二次元\U@~[V)8UMD3O{CI2`]1[[70.jpg
E:\精选\二次元\UBEN6{BQD(6[(}{RC8`DK(S.jpg	E:\精选\二次元\UBEN6{BQD(6[(}{RC8`DK(S.png
E:\精选\二次元\UND6ZJ%XBHN$BYD$9Z{%U05.bmp	E:\精选\二次元\UND6ZJ%XBHN$BYD$9Z{%U05.jpg
E:\精选\二次元\UKT7})MX[%OSI0Q%LPMR(T1.jpg	E:\精选\二次元\UKT7})MX[%OSI0Q%LPMR(T1.png
E:\精选\二次元\UOEAQ9GKU__I@R5~[YK{N{W.jpg	E:\精选\二次元\UOEAQ9GKU__I@R5~[YK{N{W.png
E:\精选\二次元\UT%{[KNMWU~R_VTILL`X}0G_tmb (2024_11_13 09_19_52 UTC).JPG	E:\精选\二次元\UT%{[KNMWU~R_VTILL`X}0G_tmb (2024_11_13 09_19_52 UTC).png
E:\精选\二次元\UT(22NHSHP{HJU~3I`Q0`4C.bmp	E:\精选\二次元\UT(22NHSHP{HJU~3I`Q0`4C.jpg
E:\精选\二次元\U{A1PP){GVBL{J$I{4II732.bmp	E:\精选\二次元\U{A1PP){GVBL{J$I{4II732.jpg
E:\精选\二次元\U{I$SARV4JSAP~RT}EB4DJC.jpg	E:\精选\二次元\U{I$SARV4JSAP~RT}EB4DJC.png
E:\精选\二次元\U}CB5G0%LEJCHF{(H83L@FJ.bmp	E:\精选\二次元\U}CB5G0%LEJCHF{(H83L@FJ.jpg
E:\精选\二次元\V)@5SS(_UM212_A%19B5U}G.bmp	E:\精选\二次元\V)@5SS(_UM212_A%19B5U}G.png
E:\精选\二次元\V%6QT42D0H92)4}Q_0@@TB8.jpg	E:\精选\二次元\V%6QT42D0H92)4}Q_0@@TB8.png
E:\精选\二次元\V9V}80Y5JA_HMW2{P}T6X9L.jpg	E:\精选\二次元\V9V}80Y5JA_HMW2{P}T6X9L.png
E:\精选\二次元\VD@[LQB$E}~RL~62$$358{R.bmp	E:\精选\二次元\VD@[LQB$E}~RL~62$$358{R.jpg
E:\精选\二次元\V6@QDER$49ZW%OFFVV%R}PG.jpg	E:\精选\二次元\V6@QDER$49ZW%OFFVV%R}PG.png
E:\精选\二次元\VF(T68W1TGX[OO7%4_KJFE9.gif	E:\精选\二次元\VF(T68W1TGX[OO7%4_KJFE9.jpg
E:\精选\二次元\VHJ1(4`S{BRH3ZCAVLPQCLE.jpg	E:\精选\二次元\VHJ1(4`S{BRH3ZCAVLPQCLE.png
E:\精选\二次元\VQ%T)FS{[ZC)`RBVF79%3@K_tmb (2024_11_13 09_19_52 UTC).bmp	E:\精选\二次元\VQ%T)FS{[ZC)`RBVF79%3@K_tmb (2024_11_13 09_19_52 UTC).jpg
E:\精选\二次元\VEWQDWX@`%CP%4PAE`C]T(9.jpg	E:\精选\二次元\VEWQDWX@`%CP%4PAE`C]T(9.png
E:\精选\二次元\VW933Q$JE]{@FVWBM3OI]EX.jpg	E:\精选\二次元\VW933Q$JE]{@FVWBM3OI]EX.png
E:\精选\二次元\V]R]0U(9%FPLG_VFKNA9%R4.jpg	E:\精选\二次元\V]R]0U(9%FPLG_VFKNA9%R4.png
E:\精选\二次元\V{`GZEN[QLX0MB]DS]2E1QO.bmp	E:\精选\二次元\V{`GZEN[QLX0MB]DS]2E1QO.jpg
E:\精选\二次元\W$5L{GPKYH{G}(XDR))GW}0.jpg	E:\精选\二次元\W$5L{GPKYH{G}(XDR))GW}0.png
E:\精选\二次元\W14M`ZEB9AV9QPJ%Z]{ND[N.JPG	E:\精选\二次元\W14M`ZEB9AV9QPJ%Z]{ND[N.png
E:\精选\二次元\WDN~IHW%2HUQAPJD6(3QORP.jpg	E:\精选\二次元\WDN~IHW%2HUQAPJD6(3QORP.png
E:\精选\二次元\WG[CPM$${2L_V5XL~TYT(0Q_tmb (2024_11_13 09_19_52 UTC).PNG	E:\精选\二次元\WG[CPM$${2L_V5XL~TYT(0Q_tmb (2024_11_13 09_19_52 UTC).jpg
E:\精选\二次元\WOBYW~_C{%TZ8GM`08G_AJJ.gif	E:\精选\二次元\WOBYW~_C{%TZ8GM`08G_AJJ.jpg
E:\精选\二次元\WOT~@ANZ({6`WZBK)4KDX~A.bmp	E:\精选\二次元\WOT~@ANZ({6`WZBK)4KDX~A.jpg
E:\精选\二次元\WP46ZRG21FJ5VRA[{IKQMVB.bmp	E:\精选\二次元\WP46ZRG21FJ5VRA[{IKQMVB.jpg
E:\精选\二次元\X41L~K~H@324T7J%XQ82({R.jpg	E:\精选\二次元\X41L~K~H@324T7J%XQ82({R.png
E:\精选\二次元\X29@%[9FL2D%Q0U%7PN)AZE.gif	E:\精选\二次元\X29@%[9FL2D%Q0U%7PN)AZE.jpg
E:\精选\二次元\X8CV]38@FC_SCYYSA{FMG_V.bmp	E:\精选\二次元\X8CV]38@FC_SCYYSA{FMG_V.jpg
E:\精选\二次元\XCKOU~$$Q_H}4@1B1{K6W7B.bmp	E:\精选\二次元\XCKOU~$$Q_H}4@1B1{K6W7B.jpg
E:\精选\二次元\XP`H7J1{I0FHA@Q75(S%[74.bmp	E:\精选\二次元\XP`H7J1{I0FHA@Q75(S%[74.jpg
E:\精选\二次元\XSB%06Q{Y1Z[LK@GZPIK3Q7.bmp	E:\精选\二次元\XSB%06Q{Y1Z[LK@GZPIK3Q7.jpg
E:\精选\二次元\X}0LF@GFC$(0`WI}}%RA1M1.gif	E:\精选\二次元\X}0LF@GFC$(0`WI}}%RA1M1.png
E:\精选\二次元\X}}%2)G0$7[HH70SJEX~3CM.jpg	E:\精选\二次元\X}}%2)G0$7[HH70SJEX~3CM.png
E:\精选\二次元\Y(JV)BLG1HR5_B6N`[M2%KG.jpg	E:\精选\二次元\Y(JV)BLG1HR5_B6N`[M2%KG.png
E:\精选\二次元\Y0MJ`DY`O{J8YJ6I}1{C1~B_tmb (2024_11_13 09_19_52 UTC).bmp	E:\精选\二次元\Y0MJ`DY`O{J8YJ6I}1{C1~B_tmb (2024_11_13 09_19_52 UTC).jpg
E:\精选\二次元\Y08V9}G1S6JICFRZXA7%B~2.gif	E:\精选\二次元\Y08V9}G1S6JICFRZXA7%B~2.jpg
E:\精选\二次元\Y1A{U(W3@$DH6X}@95A_XTA.bmp	E:\精选\二次元\Y1A{U(W3@$DH6X}@95A_XTA.jpg
E:\精选\二次元\Y2O)V%Y4%{2EMDZ}JOT1RL6.bmp	E:\精选\二次元\Y2O)V%Y4%{2EMDZ}JOT1RL6.jpg
E:\精选\二次元\YK[SWW9220E44%_Z[%)C(K7.bmp	E:\精选\二次元\YK[SWW9220E44%_Z[%)C(K7.png
E:\精选\二次元\YOJ}4S@2)O{AE6~A1%K[V70.bmp	E:\精选\二次元\YOJ}4S@2)O{AE6~A1%K[V70.jpg
E:\精选\二次元\YPRXD9U@G`O%{X]684G](29.bmp	E:\精选\二次元\YPRXD9U@G`O%{X]684G](29.jpg
E:\精选\二次元\Z%X}9HZGW9{D288T8]RW@(T.bmp	E:\精选\二次元\Z%X}9HZGW9{D288T8]RW@(T.jpg
E:\精选\二次元\Z(N~2J4$9$2$%8L]@%9BO$T.bmp	E:\精选\二次元\Z(N~2J4$9$2$%8L]@%9BO$T.png
E:\精选\二次元\Z85621KIEZ){5M3R1${GWFS.jpg	E:\精选\二次元\Z85621KIEZ){5M3R1${GWFS.png
E:\精选\二次元\ZB8JK33VR@CB(~GBQZO%~HC.gif	E:\精选\二次元\ZB8JK33VR@CB(~GBQZO%~HC.jpg
E:\精选\二次元\ZDZ{~ZZ`VT2%1M]1TIO2PQ8.bmp	E:\精选\二次元\ZDZ{~ZZ`VT2%1M]1TIO2PQ8.jpg
E:\精选\二次元\ZNBV[%`K4CR(9~}F]JJC2}T.jpg	E:\精选\二次元\ZNBV[%`K4CR(9~}F]JJC2}T.png
E:\精选\二次元\ZRCF$0{{2}VT0{7DBOP`LXB.jpg	E:\精选\二次元\ZRCF$0{{2}VT0{7DBOP`LXB.png
E:\精选\二次元\ZUMX(ENX(0``]5{3VWK~39H.JPG	E:\精选\二次元\ZUMX(ENX(0``]5{3VWK~39H.png
E:\精选\二次元\ZVS{4YW}7$MV4A_TE}B)5U2.bmp	E:\精选\二次元\ZVS{4YW}7$MV4A_TE}B)5U2.jpg
E:\精选\二次元\Z[TD~I@`_@C87{6FCZOT)~G.bmp	E:\精选\二次元\Z[TD~I@`_@C87{6FCZOT)~G.jpg
E:\精选\二次元\Z}OR{YV}_UP4~96`G~@H6X7.bmp	E:\精选\二次元\Z}OR{YV}_UP4~96`G~@H6X7.jpg
E:\精选\二次元\Z]R%)T}8~Q}988W3Z}21CI6.jpg	E:\精选\二次元\Z]R%)T}8~Q}988W3Z}21CI6.png
E:\精选\二次元\[)ZJNP21C41@`Z{}MIF%P%8.gif	E:\精选\二次元\[)ZJNP21C41@`Z{}MIF%P%8.jpg
E:\精选\二次元\[%3$`G(@WCF1%]2[GG8P4[0.jpg	E:\精选\二次元\[%3$`G(@WCF1%]2[GG8P4[0.png
E:\精选\二次元\[COM{%IYCX}10V]@3%Q2C5C.JPG	E:\精选\二次元\[COM{%IYCX}10V]@3%Q2C5C.png
E:\精选\二次元\[L%Z`8HKKWWN{TV3HG[GV~W.bmp	E:\精选\二次元\[L%Z`8HKKWWN{TV3HG[GV~W.jpg
E:\精选\二次元\[MH8Z_%0~SZDENH(SKWRB8P.JPG	E:\精选\二次元\[MH8Z_%0~SZDENH(SKWRB8P.png
E:\精选\二次元\]1{7$RFA9Z{XN9~B0D7B]I6.jpg	E:\精选\二次元\]1{7$RFA9Z{XN9~B0D7B]I6.png
E:\精选\二次元\]ADC0ZDUC4G6Q0}C0{OEUCP.bmp	E:\精选\二次元\]ADC0ZDUC4G6Q0}C0{OEUCP.jpg
E:\精选\二次元\]CMWL~%SC([D{71G]1Q~ODE.gif	E:\精选\二次元\]CMWL~%SC([D{71G]1Q~ODE.jpg
E:\精选\二次元\]E29}K$0~2P]A%G~A}L`1L5.jpg	E:\精选\二次元\]E29}K$0~2P]A%G~A}L`1L5.png
E:\精选\二次元\]H{A8KQQRGBV23VQL93I7NL.png	E:\精选\二次元\]H{A8KQQRGBV23VQL93I7NL.jpg
E:\精选\二次元\]J`D7(%VUU4$SAG}08MQ2NH.jpg	E:\精选\二次元\]J`D7(%VUU4$SAG}08MQ2NH.png
E:\精选\二次元\]VG}%GTIVQP16RZGXYEJ5[P.jpg	E:\精选\二次元\]VG}%GTIVQP16RZGXYEJ5[P.png
E:\精选\二次元\]{3~{@59KT7GNBG6B@BT6_F.bmp	E:\精选\二次元\]{3~{@59KT7GNBG6B@BT6_F.jpg
E:\精选\二次元\]}AF11`_{V9I4DKDZH`P(37.bmp	E:\精选\二次元\]}AF11`_{V9I4DKDZH`P(37.jpg
E:\精选\二次元\_3~LUO5NT`$_DR3E5FE{DKN.bmp	E:\精选\二次元\_3~LUO5NT`$_DR3E5FE{DKN.jpg
E:\精选\二次元\_6JF7YP)R47N~GG{QJ0$4PY.bmp	E:\精选\二次元\_6JF7YP)R47N~GG{QJ0$4PY.jpg
E:\精选\二次元\_AUBB(~7_7@LG~%6`2IWCPF.jpg	E:\精选\二次元\_AUBB(~7_7@LG~%6`2IWCPF.png
E:\精选\二次元\_MP$[]{K9CSK~0HPLDZAR4O.bmp	E:\精选\二次元\_MP$[]{K9CSK~0HPLDZAR4O.jpg
E:\精选\二次元\_OL`3K6@@$BJP{$KRLZYX_F.bmp	E:\精选\二次元\_OL`3K6@@$BJP{$KRLZYX_F.png
E:\精选\二次元\_X{3D{W7AIG7B(%OZ69~}}G.png	E:\精选\二次元\_X{3D{W7AIG7B(%OZ69~}}G.jpg
E:\精选\二次元\_ST8)S5YA%P)N__1FOFLDQK.jpg	E:\精选\二次元\_ST8)S5YA%P)N__1FOFLDQK.png
E:\新选\动漫\_[NY{XR`_(B_)3@{A)H_%(Q.bmp	E:\新选\动漫\_[NY{XR`_(B_)3@{A)H_%(Q.jpg
E:\精选\二次元\_图片_三次元_)]ADQ}R~6{{G62WSUVZ89EB.jpg	E:\精选\二次元\_图片_三次元_)]ADQ}R~6{{G62WSUVZ89EB.png
E:\精选\二次元\_图片_三次元_53]2Y[{UXZF72FZQ8CUX5{U.JPG	E:\精选\二次元\_图片_三次元_53]2Y[{UXZF72FZQ8CUX5{U.png
E:\精选\二次元\_图片_三次元_5%[D]7F(7D7CAWHY4LU1_7K.jpg	E:\精选\二次元\_图片_三次元_5%[D]7F(7D7CAWHY4LU1_7K.png
E:\精选\二次元\_图片_三次元_57$6B7Y7{7$%O8AFX}71QB3_tmb (2024_11_13 09_19_52 UTC).PNG	E:\精选\二次元\_图片_三次元_57$6B7Y7{7$%O8AFX}71QB3_tmb (2024_11_13 09_19_52 UTC).jpg
E:\精选\二次元\_图片_三次元_6L{_%PSG]OGWVEEL3~F%QZ4.jpg	E:\精选\二次元\_图片_三次元_6L{_%PSG]OGWVEEL3~F%QZ4.png
E:\精选\二次元\_图片_三次元_6[_PBSS{36YH}0%8OH28H`G.jpg	E:\精选\二次元\_图片_三次元_6[_PBSS{36YH}0%8OH28H`G.png
E:\精选\二次元\_图片_三次元_8A(N[Y5WL6J{X7XGRF}3H35.jpg	E:\精选\二次元\_图片_三次元_8A(N[Y5WL6J{X7XGRF}3H35.png
E:\精选\二次元\_图片_备份_2023-07-19_Z8{B[}CHW_([844V4PU]LXG_tmb (2024_11_13 09_19_52 UTC).bmp	E:\精选\二次元\_图片_备份_2023-07-19_Z8{B[}CHW_([844V4PU]LXG_tmb (2024_11_13 09_19_52 UTC).png
E:\精选\二次元\_图片_备份_2023-07-31_(@J](`3RTJ0H6{}6HL4LWPY_tmb (2024_11_13 09_19_52 UTC).bmp	E:\精选\二次元\_图片_备份_2023-07-31_(@J](`3RTJ0H6{}6HL4LWPY_tmb (2024_11_13 09_19_52 UTC).png
E:\精选\二次元\_图片_备份_2023-08-14_NCYKR4O28(Q{2U1{J`[2E3D_tmb (2024_11_13 09_19_52 UTC).bmp	E:\精选\二次元\_图片_备份_2023-08-14_NCYKR4O28(Q{2U1{J`[2E3D_tmb (2024_11_13 09_19_52 UTC).png
E:\精选\二次元\_图片_备份_2023-09-09_WB9]9$0%{6N0Q}8%FPVHGGX_tmb (2024_11_13 09_19_52 UTC).PNG	E:\精选\二次元\_图片_备份_2023-09-09_WB9]9$0%{6N0Q}8%FPVHGGX_tmb (2024_11_13 09_19_52 UTC).jpg
E:\精选\二次元\_图片_备份_2025-03-23_7B7R746@@)LS86%PT7V]VUH.jpg	E:\精选\二次元\_图片_备份_2025-03-23_7B7R746@@)LS86%PT7V]VUH.png
E:\精选\二次元\_图片_备份_2025-04-05_QDQJCR_B%N~(KBNC]N]PPZT.jpg	E:\精选\二次元\_图片_备份_2025-04-05_QDQJCR_B%N~(KBNC]N]PPZT.png
E:\精选\二次元\_图片_备份_2025-08-15_)PZ$C~1WU[R{3I4H`SKZN1B.jpg	E:\精选\二次元\_图片_备份_2025-08-15_)PZ$C~1WU[R{3I4H`SKZN1B.png
E:\精选\二次元\_图片_备份_2026-02-10_78J67{YZJ09L%_[3@6W4_46.jpg	E:\精选\二次元\_图片_备份_2026-02-10_78J67{YZJ09L%_[3@6W4_46.png
E:\精选\二次元\_图片_有用_197O~U`8S]W{X4S}{PMP7]H.jpg	E:\精选\二次元\_图片_有用_197O~U`8S]W{X4S}{PMP7]H.png
E:\精选\二次元\_图片_有用_1_%T8ZWO5PR7~NX0]FUF_61.jpg	E:\精选\二次元\_图片_有用_1_%T8ZWO5PR7~NX0]FUF_61.png
E:\精选\二次元\_图片_有用_3P0O{)K3EMX`){2C8J)J)9A.jpg	E:\精选\二次元\_图片_有用_3P0O{)K3EMX`){2C8J)J)9A.png
E:\精选\二次元\_图片_有用_40%%@T41[SIZKWB@LYIN_LB.jpg	E:\精选\二次元\_图片_有用_40%%@T41[SIZKWB@LYIN_LB.png
E:\精选\二次元\_图片_有用_AQO)[J9S~LGWM1OXWS{A4DG.jpg	E:\精选\二次元\_图片_有用_AQO)[J9S~LGWM1OXWS{A4DG.png
E:\精选\二次元\_图片_有用_B`{J%W47J~_FRCMERJ5`FWD.jpg	E:\精选\二次元\_图片_有用_B`{J%W47J~_FRCMERJ5`FWD.png
E:\精选\二次元\_图片_有用_CP7@0{{`PBXC[9EI4NPJM@X.jpg	E:\精选\二次元\_图片_有用_CP7@0{{`PBXC[9EI4NPJM@X.png
E:\精选\二次元\_图片_有用_I6(_1QU%)7`)D2V%SQ_(A79.jpg	E:\精选\二次元\_图片_有用_I6(_1QU%)7`)D2V%SQ_(A79.png
E:\精选\二次元\_图片_有用_K{3CFNNY2X21[3VV)N(_31E.jpg	E:\精选\二次元\_图片_有用_K{3CFNNY2X21[3VV)N(_31E.png
E:\精选\二次元\_图片_有用_OW3]US}%JM7)FF4`LKQQX0Q.jpg	E:\精选\二次元\_图片_有用_OW3]US}%JM7)FF4`LKQQX0Q.png
E:\精选\二次元\_图片_有用_R]C[$_9C@U{T78O}W7_E%98.jpg	E:\精选\二次元\_图片_有用_R]C[$_9C@U{T78O}W7_E%98.png
E:\精选\二次元\_图片_有用_S7ZGL{UXR8H7@5~(X58LO0F.jpg	E:\精选\二次元\_图片_有用_S7ZGL{UXR8H7@5~(X58LO0F.png
E:\精选\二次元\_图片_有用_V1`{(5UO5DMWX}9_BX97N26_tmb (2024_11_13 09_19_52 UTC).PNG	E:\精选\二次元\_图片_有用_V1`{(5UO5DMWX}9_BX97N26_tmb (2024_11_13 09_19_52 UTC).jpg
E:\精选\二次元\_图片_有用_V6ZI{5CD`05[XB`P@8VX01G.jpg	E:\精选\二次元\_图片_有用_V6ZI{5CD`05[XB`P@8VX01G.png
E:\精选\二次元\_图片_有用_VI(DJT)~U_HB1)ZQWBKUT{D.jpg	E:\精选\二次元\_图片_有用_VI(DJT)~U_HB1)ZQWBKUT{D.png
E:\精选\二次元\_图片_有用_Y]$67MMCNOMKD5W5_$C%A90.jpg	E:\精选\二次元\_图片_有用_Y]$67MMCNOMKD5W5_$C%A90.png
E:\精选\二次元\`3QA~Q{AKIWWS6WXLDLVSKG.JPG	E:\精选\二次元\`3QA~Q{AKIWWS6WXLDLVSKG.png
E:\精选\二次元\`8}GR{H02~NTB1[5STECA)C.bmp	E:\精选\二次元\`8}GR{H02~NTB1[5STECA)C.png
E:\精选\二次元\`F[HW{)GPFA{U541`V[BI~9.bmp	E:\精选\二次元\`F[HW{)GPFA{U541`V[BI~9.jpg
E:\精选\二次元\`GJ62[5SYBMASM%`J36B@A4.gif	E:\精选\二次元\`GJ62[5SYBMASM%`J36B@A4.jpg
E:\精选\二次元\`S_A%C}B9MB}J~J[BG0G0W8.JPG	E:\精选\二次元\`S_A%C}B9MB}J~J[BG0G0W8.png
E:\精选\二次元\`WK`O9I3%P91K6@N%LQUZZ1.gif	E:\精选\二次元\`WK`O9I3%P91K6@N%LQUZZ1.jpg
E:\精选\二次元\`_H9DK{~3[_2YOFU$I0D((M.bmp	E:\精选\二次元\`_H9DK{~3[_2YOFU$I0D((M.jpg
E:\精选\二次元\{(Z472Q69%[EV3LKC)G4I9Y.bmp	E:\精选\二次元\{(Z472Q69%[EV3LKC)G4I9Y.jpg
E:\精选\二次元\{2WE7]42RWK@ZS0]ON$F_4W.JPG	E:\精选\二次元\{2WE7]42RWK@ZS0]ON$F_4W.png
E:\精选\二次元\{48JV4MCR27WE5P(WC12%8I.bmp	E:\精选\二次元\{48JV4MCR27WE5P(WC12%8I.jpg
E:\精选\二次元\{7LRJ]Z~$L[NBWXL[`QLQ5X.png	E:\精选\二次元\{7LRJ]Z~$L[NBWXL[`QLQ5X.jpg
E:\精选\二次元\{8V3M5E%C$0]1[E6{1CR]0L.bmp	E:\精选\二次元\{8V3M5E%C$0]1[E6{1CR]0L.jpg
E:\精选\二次元\{9B_MG[DPA3D44WUN2[Q}1T.bmp	E:\精选\二次元\{9B_MG[DPA3D44WUN2[Q}1T.jpg
E:\精选\二次元\{BEKXCN8BYTJE2XXB4TKBLE.png	E:\精选\二次元\{BEKXCN8BYTJE2XXB4TKBLE.jpg
E:\精选\二次元\{G7}9C{`J639}PD$FCSY4@7.bmp	E:\精选\二次元\{G7}9C{`J639}PD$FCSY4@7.jpg
E:\精选\二次元\{HJF$)ATJZ[KJ8}S]5A95DH.bmp	E:\精选\二次元\{HJF$)ATJZ[KJ8}S]5A95DH.jpg
E:\精选\二次元\{OMX{B09D{[1IH(_H4E]K{I.bmp	E:\精选\二次元\{OMX{B09D{[1IH(_H4E]K{I.png
E:\精选\二次元\{T`W5V3CH~SO`4~{HQT]5}K.bmp	E:\精选\二次元\{T`W5V3CH~SO`4~{HQT]5}K.jpg
E:\精选\二次元\{UOT0(_O~[@VK%W[`[(FQ(S.png	E:\精选\二次元\{UOT0(_O~[@VK%W[`[(FQ(S.jpg
E:\精选\二次元\{WX{NB_`2$F12)YLJ8%SI(V.gif	E:\精选\二次元\{WX{NB_`2$F12)YLJ8%SI(V.png
E:\精选\二次元\{Y7VK3`@9M@]2A$M$GCXS)F.bmp	E:\精选\二次元\{Y7VK3`@9M@]2A$M$GCXS)F.jpg
E:\精选\二次元\{Z@60)BA(T@(3(]G($$TB@Y.bmp	E:\精选\二次元\{Z@60)BA(T@(3(]G($$TB@Y.jpg
E:\精选\二次元\{ZNBJY~DZIV~JOT}_{Y$(GD.bmp	E:\精选\二次元\{ZNBJY~DZIV~JOT}_{Y$(GD.jpg
E:\精选\二次元\{_~7BQDPY(1NR[C7]01X3HM.bmp	E:\精选\二次元\{_~7BQDPY(1NR[C7]01X3HM.jpg
E:\精选\二次元\{{NFBK55A4%(9R~7)ZI93ZA.bmp	E:\精选\二次元\{{NFBK55A4%(9R~7)ZI93ZA.jpg
E:\精选\二次元\}874QQB1KT[%{]R]T(3183I.bmp	E:\精选\二次元\}874QQB1KT[%{]R]T(3183I.jpg
E:\精选\二次元\}E(Q1P])G]9%3JDM}7`O{TJ.bmp	E:\精选\二次元\}E(Q1P])G]9%3JDM}7`O{TJ.jpg
E:\精选\二次元\}K_P14{ILPP%YF}66(J9I9P.bmp	E:\精选\二次元\}K_P14{ILPP%YF}66(J9I9P.jpg
E:\精选\二次元\}LFCUBUND02Z(Q~{ZPW$M_5.bmp	E:\精选\二次元\}LFCUBUND02Z(Q~{ZPW$M_5.jpg
E:\精选\二次元\}PK]LQ3TANQ)SAX_53B_{NN.bmp	E:\精选\二次元\}PK]LQ3TANQ)SAX_53B_{NN.jpg
E:\精选\二次元\}GZ`XH$APE]81]O5A[%]Z(N.jpg	E:\精选\二次元\}GZ`XH$APE]81]O5A[%]Z(N.png
E:\精选\二次元\}UQ){P)J8)8TA1])UG5W[DA.JPG	E:\精选\二次元\}UQ){P)J8)8TA1])UG5W[DA.png
E:\精选\二次元\}U]6(}A[{D6YL)TLWKBA)UV_tmb (2024_11_13 09_19_52 UTC).bmp	E:\精选\二次元\}U]6(}A[{D6YL)TLWKBA)UV_tmb (2024_11_13 09_19_52 UTC).jpg
E:\精选\二次元\}T50N44[6160MG32W%3DF11.JPG	E:\精选\二次元\}T50N44[6160MG32W%3DF11.png
E:\精选\二次元\}Y%DIZVSX[]Y9C{5`YIXD{S.bmp	E:\精选\二次元\}Y%DIZVSX[]Y9C{5`YIXD{S.jpg
E:\精选\二次元\}]RPAVI[6Y}{I2@U]26@[K8.jpg	E:\精选\二次元\}]RPAVI[6Y}{I2@U]26@[K8.png
E:\精选\二次元\~)3A%A`HH_~2TSWH8LF}63Y.gif	E:\精选\二次元\~)3A%A`HH_~2TSWH8LF}63Y.jpg
E:\精选\二次元\~1{7_CP86IIG87]S_%U1AZ7.bmp	E:\精选\二次元\~1{7_CP86IIG87]S_%U1AZ7.jpg
E:\精选\二次元\~AU(3G]N_@AM`C{Z5N8L_49.bmp	E:\精选\二次元\~AU(3G]N_@AM`C{Z5N8L_49.jpg
E:\精选\二次元\~HMGU${BF0FXAU34D}VHO$Q.bmp	E:\精选\二次元\~HMGU${BF0FXAU34D}VHO$Q.jpg
E:\精选\二次元\~M2CJJ4F0IG[6@S6H{IZL_M.bmp	E:\精选\二次元\~M2CJJ4F0IG[6@S6H{IZL_M.jpg
E:\精选\二次元\~YI10(SGD~X$W%J$D`VNA[O_tmb (2024_11_13 09_19_52 UTC).jpg	E:\精选\二次元\~YI10(SGD~X$W%J$D`VNA[O_tmb (2024_11_13 09_19_52 UTC).png
E:\精选\二次元\~[6{SNPI1P38Y(9R]UL(S_4.bmp	E:\精选\二次元\~[6{SNPI1P38Y(9R]UL(S_4.jpg
E:\精选\二次元\三次元_3PMP1]IQ6H)JZ}[{P{BUENC (2024_11_13 09_19_52 UTC).bmp	E:\精选\二次元\三次元_3PMP1]IQ6H)JZ}[{P{BUENC (2024_11_13 09_19_52 UTC).jpg
E:\精选\二次元\三次元_57Z5{T]OR8EEZASCW6@{O@T.jpg	E:\精选\二次元\三次元_57Z5{T]OR8EEZASCW6@{O@T.png
E:\精选\二次元\三次元_5L64$5OWZJF1TL]7PI%T`HQ.jpg	E:\精选\二次元\三次元_5L64$5OWZJF1TL]7PI%T`HQ.png
E:\精选\二次元\三次元_6F%`SPMSW(H8J7N4W1XL2KR.jpg	E:\精选\二次元\三次元_6F%`SPMSW(H8J7N4W1XL2KR.png
E:\精选\二次元\三次元_7B9BINI%6B9E7[LKBOA`(SA.jpg	E:\精选\二次元\三次元_7B9BINI%6B9E7[LKBOA`(SA.png
E:\精选\二次元\三次元_7{$I%O)J@_PT8%286V_XC3L.jpg	E:\精选\二次元\三次元_7{$I%O)J@_PT8%286V_XC3L.png
E:\精选\二次元\二次元色\%CB]}[6XAO4IBTUJ1G0GOZQ.JPG	E:\精选\二次元\二次元色\%CB]}[6XAO4IBTUJ1G0GOZQ.png
E:\精选\二次元\二次元色\0YK0{RDGAB2Q9%1Q`O2BJDB.JPG	E:\精选\二次元\二次元色\0YK0{RDGAB2Q9%1Q`O2BJDB.png
E:\精选\二次元\二次元色\0ZOJ{UDJ_~RX8{AJU2I%WEI.JPG	E:\精选\二次元\二次元色\0ZOJ{UDJ_~RX8{AJU2I%WEI.png
E:\精选\二次元\二次元色\12($C6)~@W[O%S)7{DJ{M8X.JPG	E:\精选\二次元\二次元色\12($C6)~@W[O%S)7{DJ{M8X.png
E:\精选\二次元\二次元色\1UL6MZ0U~8LX~{LI1[ENBLB.JPG	E:\精选\二次元\二次元色\1UL6MZ0U~8LX~{LI1[ENBLB.png
E:\精选\二次元\二次元色\6K6SPO{9Y4ESAXK0(K[C~93.JPG	E:\精选\二次元\二次元色\6K6SPO{9Y4ESAXK0(K[C~93.png
E:\精选\二次元\二次元色\6W7W_I$QW7JRRHY{0P)E56H.JPG	E:\精选\二次元\二次元色\6W7W_I$QW7JRRHY{0P)E56H.png
E:\精选\二次元\二次元色\7DUA5%VNL}VG8%IXVJRIN12.JPG	E:\精选\二次元\二次元色\7DUA5%VNL}VG8%IXVJRIN12.png
E:\精选\二次元\二次元色\9[J[Y{H]TDX6`FIAR5~00EY.JPG	E:\精选\二次元\二次元色\9[J[Y{H]TDX6`FIAR5~00EY.png
E:\精选\二次元\二次元色\AHFXN]XGRM$[{SS@91Y{SEK.JPG	E:\精选\二次元\二次元色\AHFXN]XGRM$[{SS@91Y{SEK.png
E:\精选\二次元\二次元色\A}14XEA)_DWHJFEG[%{D]4E.JPG	E:\精选\二次元\二次元色\A}14XEA)_DWHJFEG[%{D]4E.png
E:\精选\二次元\二次元色\AJXI`0L@{@YZA`NCT0N`NAF.JPG	E:\精选\二次元\二次元色\AJXI`0L@{@YZA`NCT0N`NAF.png
E:\精选\二次元\二次元色\CS%_SJ[RW_2ETYDDFY4G]2Y.JPG	E:\精选\二次元\二次元色\CS%_SJ[RW_2ETYDDFY4G]2Y.png
E:\精选\二次元\二次元色\JME}$O3X721UVRO15{R$B_S.JPG	E:\精选\二次元\二次元色\JME}$O3X721UVRO15{R$B_S.png
E:\精选\二次元\二次元色\LA~%SO@UD0006YLP7GKMY}9.JPG	E:\精选\二次元\二次元色\LA~%SO@UD0006YLP7GKMY}9.png
E:\精选\二次元\二次元色\M5IU4N9~}I2[_C2NJYY01%E.JPG	E:\精选\二次元\二次元色\M5IU4N9~}I2[_C2NJYY01%E.png
E:\精选\二次元\二次元色\L_XWJ0NPBV_FAS)1`M8%78H.JPG	E:\精选\二次元\二次元色\L_XWJ0NPBV_FAS)1`M8%78H.png
E:\精选\二次元\二次元色\M$)W%F[3M_UKZ~DQPHYGV$3.JPG	E:\精选\二次元\二次元色\M$)W%F[3M_UKZ~DQPHYGV$3.png
E:\精选\二次元\二次元色\NS1~6JBE9BG{Q@BLL@NO0K7.JPG	E:\精选\二次元\二次元色\NS1~6JBE9BG{Q@BLL@NO0K7.png
E:\精选\二次元\二次元色\OR0L%KCK95CXRY62XF(DSYL.JPG	E:\精选\二次元\二次元色\OR0L%KCK95CXRY62XF(DSYL.png
E:\精选\二次元\二次元色\P~FCS38QNK27C4{M)0TC$RG.JPG	E:\精选\二次元\二次元色\P~FCS38QNK27C4{M)0TC$RG.png
E:\精选\二次元\二次元色\SN}PI7}CK_F}%AOI$T{_MQV.JPG	E:\精选\二次元\二次元色\SN}PI7}CK_F}%AOI$T{_MQV.png
E:\精选\二次元\二次元色\UD$GBX5XI64U{MQSBDP1XH8.JPG	E:\精选\二次元\二次元色\UD$GBX5XI64U{MQSBDP1XH8.png
E:\精选\二次元\二次元色\UD(LC`XNHLT94_ZL{U)FRA8.JPG	E:\精选\二次元\二次元色\UD(LC`XNHLT94_ZL{U)FRA8.png
E:\精选\二次元\二次元色\T%G9R@@3_IAQN9G$HUMMJBP.JPG	E:\精选\二次元\二次元色\T%G9R@@3_IAQN9G$HUMMJBP.png
E:\精选\二次元\二次元色\[Z]I$FI0TM%%V@H7D9FEV7O.JPG	E:\精选\二次元\二次元色\[Z]I$FI0TM%%V@H7D9FEV7O.png
E:\精选\二次元\二次元色\_WD~}RQ6{D7OR9XR}AY$%_P.JPG	E:\精选\二次元\二次元色\_WD~}RQ6{D7OR9XR}AY$%_P.png
E:\新选\动漫\_@%D7EOL2BF4[9I`GIY_O]K.JPG	E:\新选\动漫\_@%D7EOL2BF4[9I`GIY_O]K.png
E:\精选\二次元\二次元色\~2@1KJWU%LKG4{Z@D%FFX26.JPG	E:\精选\二次元\二次元色\~2@1KJWU%LKG4{Z@D%FFX26.png
E:\精选\二次元\备份_2023-05-18_1R{1M3(QK[V4TRZ4RX(AK1Y_tmb (2024_11_13 09_19_52 UTC).bmp	E:\精选\二次元\备份_2023-05-18_1R{1M3(QK[V4TRZ4RX(AK1Y_tmb (2024_11_13 09_19_52 UTC).jpg
E:\精选\二次元\备份_2023-05-18_7RUQU(IN9SFAHUR]E7W{`49_tmb (2024_11_13 09_19_52 UTC).bmp	E:\精选\二次元\备份_2023-05-18_7RUQU(IN9SFAHUR]E7W{`49_tmb (2024_11_13 09_19_52 UTC).jpg
E:\精选\二次元\备份_2023-05-20_3BX8{CLO2SI9@AXPRZN9FPF_tmb (2024_11_13 09_19_52 UTC).bmp	E:\精选\二次元\备份_2023-05-20_3BX8{CLO2SI9@AXPRZN9FPF_tmb (2024_11_13 09_19_52 UTC).jpg
E:\精选\二次元\备份_2023-05-20_MEJ$2DCCW]3WW{CTVN{())X_tmb (2024_11_13 09_19_52 UTC).bmp	E:\精选\二次元\备份_2023-05-20_MEJ$2DCCW]3WW{CTVN{())X_tmb (2024_11_13 09_19_52 UTC).jpg
E:\精选\二次元\备份_2023-07-27_)I_T${J%A0EOZ{TDP}YG~}F_tmb (2024_11_13 09_19_52 UTC).bmp	E:\精选\二次元\备份_2023-07-27_)I_T${J%A0EOZ{TDP}YG~}F_tmb (2024_11_13 09_19_52 UTC).jpg
E:\精选\二次元\备份_2023-08-17_4%2RAV2`{_6U9HOSS`)~O{J_tmb (2024_11_13 09_19_52 UTC).png	E:\精选\二次元\备份_2023-08-17_4%2RAV2`{_6U9HOSS`)~O{J_tmb (2024_11_13 09_19_52 UTC).jpg
E:\精选\二次元\备份_2023-10-30_FO9{@$M@}Y5G@FU)AZM%$0M_tmb (2024_11_13 09_19_52 UTC).jpg	E:\精选\二次元\备份_2023-10-30_FO9{@$M@}Y5G@FU)AZM%$0M_tmb (2024_11_13 09_19_52 UTC).png
E:\精选\二次元\备份_2025-03-18_E7EUI%Z[Q9ZKTUSGX{_QMP9.jpg	E:\精选\二次元\备份_2025-03-18_E7EUI%Z[Q9ZKTUSGX{_QMP9.png
E:\精选\二次元\备份_2025-09-19_8L]0CJQ[)C@O%W(GEBO%ME2.jpg	E:\精选\二次元\备份_2025-09-19_8L]0CJQ[)C@O%W(GEBO%ME2.png
E:\精选\二次元\备份_2025-09-26__JGB91%40{]44`O95JYL`L2.jpg	E:\精选\二次元\备份_2025-09-26__JGB91%40{]44`O95JYL`L2.png
E:\精选\二次元\备份_2025-10-26_99OY~P~F7D{KAU}B2%@G`P9.jpg	E:\精选\二次元\备份_2025-10-26_99OY~P~F7D{KAU}B2%@G`P9.png
E:\精选\二次元\备份_2025-11-04_9B%Y0HC$`89%T({7QLCQAQX.jpg	E:\精选\二次元\备份_2025-11-04_9B%Y0HC$`89%T({7QLCQAQX.png
E:\精选\二次元\备份_2025-12-25_LZCZ%B7GI4K]Y3Z$U2L$SAP.JPG	E:\精选\二次元\备份_2025-12-25_LZCZ%B7GI4K]Y3Z$U2L$SAP.png
E:\精选\二次元\备份_2025-12-25_LYY01%KK}NPUE_BVYPN4_DA.jpg	E:\精选\二次元\备份_2025-12-25_LYY01%KK}NPUE_BVYPN4_DA.png
E:\精选\二次元\备份_2026-01-21_U5B{MKZG7AUU}3T`1TYC@RD.jpg	E:\精选\二次元\备份_2026-01-21_U5B{MKZG7AUU}3T`1TYC@RD.png
E:\精选\二次元\备份_2026-03-01_`2{J}%O0@9K]M}E1U[K1N9I.jpg	E:\精选\二次元\备份_2026-03-01_`2{J}%O0@9K]M}E1U[K1N9I.png
E:\精选\二次元\备份_2026-03-04_`Z)4]0%YG9%~[`_CGOO$O(L.jpg	E:\精选\二次元\备份_2026-03-04_`Z)4]0%YG9%~[`_CGOO$O(L.png
E:\精选\二次元\有用_0VV}W97~6DEM}S{N8NKWLVO.jpg	E:\精选\二次元\有用_0VV}W97~6DEM}S{N8NKWLVO.png
E:\精选\二次元\有用_1E4G8MV3$@%YH(Z%9LNZZ4O.jpg	E:\精选\二次元\有用_1E4G8MV3$@%YH(Z%9LNZZ4O.png
E:\精选\二次元\有用_2FI32)$@C`AB`@CLB}61${Y.jpg	E:\精选\二次元\有用_2FI32)$@C`AB`@CLB}61${Y.png
E:\精选\二次元\有用_3H6JJ%~DC}Z@9[F7`8P]MLD.JPG	E:\精选\二次元\有用_3H6JJ%~DC}Z@9[F7`8P]MLD.png
E:\精选\二次元\有用_H229EK{[SA)J0%93R00@J(M.jpg	E:\精选\二次元\有用_H229EK{[SA)J0%93R00@J(M.png
E:\精选\二次元\有用_G`5IA1ZY84KM}_A3JV$%O8E.jpg	E:\精选\二次元\有用_G`5IA1ZY84KM}_A3JV$%O8E.png
E:\精选\二次元\有用_IU12GOKCTOK4(CDNW{U3Z(7.JPG	E:\精选\二次元\有用_IU12GOKCTOK4(CDNW{U3Z(7.png
E:\精选\二次元\有用_JR}%0Q@M%ZN_{LAVXTULYXY.jpg	E:\精选\二次元\有用_JR}%0Q@M%ZN_{LAVXTULYXY.png
E:\精选\二次元\有用_V5{PW14[1M`SN(WQZJ(~@WW.jpg	E:\精选\二次元\有用_V5{PW14[1M`SN(WQZJ(~@WW.png
E:\精选\二次元\有用_]8VEKVGUT`WZ5%BEXJ8L`Y1.jpg	E:\精选\二次元\有用_]8VEKVGUT`WZ5%BEXJ8L`Y1.png
E:\精选\二次元\有用_{CSQ368P39810D9DVO9G6IA.jpg	E:\精选\二次元\有用_{CSQ368P39810D9DVO9G6IA.png
E:\精选\二次元\有用_{J4WH(1Z]4VDF~V}P23]TLV.jpg	E:\精选\二次元\有用_{J4WH(1Z]4VDF~V}P23]TLV.png
E:\精选\二次元\有用_{_21S0L{]L{VE734M`JSAR8.jpg	E:\精选\二次元\有用_{_21S0L{]L{VE734M`JSAR8.png
E:\精选\二次元\有用___WV%FSPTA$5(Z%V1I2WQFH.JPG	E:\精选\二次元\有用___WV%FSPTA$5(Z%V1I2WQFH.png
E:\精选\套图\$$_5W`85(AATVG)}($0~{K2.jpg	E:\精选\套图\$$_5W`85(AATVG)}($0~{K2.png
E:\精选\套图\$1D{`U$H)K@[5`~[N5KIRQO.jpg	E:\精选\套图\$1D{`U$H)K@[5`~[N5KIRQO.png
E:\精选\套图\$DE8VD~KUDHE_%{58H]KCRO.jpg	E:\精选\套图\$DE8VD~KUDHE_%{58H]KCRO.png
E:\精选\套图\$RQEHZ2BXN}7]L5WJ(0P{XC.jpg	E:\精选\套图\$RQEHZ2BXN}7]L5WJ(0P{XC.png
E:\精选\套图\$RU8NZ71.jpg	E:\精选\套图\$RU8NZ71.png
E:\精选\套图\$RZK1JG6.jpg	E:\精选\套图\$RZK1JG6.png
E:\精选\套图\$T`2S4Q[)%E](~_(}X$JYIT.jpg	E:\精选\套图\$T`2S4Q[)%E](~_(}X$JYIT.png
E:\精选\套图\%(7M2X]}XE0BN$MC%Y@12EK.jpg	E:\精选\套图\%(7M2X]}XE0BN$MC%Y@12EK.png
E:\精选\套图\%0K_F`Y5V[_CCTF`P%QG%FG.jpg	E:\精选\套图\%0K_F`Y5V[_CCTF`P%QG%FG.png
E:\精选\套图\%O0IYIG4V{$X04HZ6~])Z53.jpg	E:\精选\套图\%O0IYIG4V{$X04HZ6~])Z53.png
E:\精选\套图\%UMTPW53CNOUW}TIG$6@S5R.jpg	E:\精选\套图\%UMTPW53CNOUW}TIG$6@S5R.png
E:\精选\套图\%YHOCW4Q@HREY8DH$6UVZWU.jpg	E:\精选\套图\%YHOCW4Q@HREY8DH$6UVZWU.png
E:\精选\套图\%WGEIV]VX0B40ZRI}7S3R_B.jpg	E:\精选\套图\%WGEIV]VX0B40ZRI}7S3R_B.png
E:\精选\套图\%[4F3S1ZXO(ZO)VN[A10%UK.jpg	E:\精选\套图\%[4F3S1ZXO(ZO)VN[A10%UK.png
E:\精选\套图\%{3~[NV}ZE}81K%023LTWA5.bmp	E:\精选\套图\%{3~[NV}ZE}81K%023LTWA5.jpg
E:\精选\套图\(2KR%5EC[A7%%HBTW4{YF87.jpg	E:\精选\套图\(2KR%5EC[A7%%HBTW4{YF87.webp
E:\精选\套图\(1XLG{VWX)C`FTRN8KXLE3T.bmp	E:\精选\套图\(1XLG{VWX)C`FTRN8KXLE3T.jpg
E:\精选\套图\(BD5PB0YQ8$BL{VYMI8T9GR_tmb (2024_11_13 09_19_52 UTC).bmp	E:\精选\套图\(BD5PB0YQ8$BL{VYMI8T9GR_tmb (2024_11_13 09_19_52 UTC).jpg
E:\精选\套图\(LF7{G4A)_2FCHZOXRH_)$6.jpg	E:\精选\套图\(LF7{G4A)_2FCHZOXRH_)$6.png
E:\精选\套图\(P{FDI90DFFPF~X8$PZFF32.jpg	E:\精选\套图\(P{FDI90DFFPF~X8$PZFF32.png
E:\精选\套图\(XS3R8G]O{CYHMNT~}WSJBX.bmp	E:\精选\套图\(XS3R8G]O{CYHMNT~}WSJBX.jpg
E:\精选\套图\(}3_$MGA3~KO]N{2Q(ERP~W.jpg	E:\精选\套图\(}3_$MGA3~KO]N{2Q(ERP~W.png
E:\精选\套图\)(38VXJICX6MROOWQ{R[@5W.jpg	E:\精选\套图\)(38VXJICX6MROOWQ{R[@5W.png
E:\精选\套图\)9XB`NTNF34{AQE9`E@[V(5.bmp	E:\精选\套图\)9XB`NTNF34{AQE9`E@[V(5.jpg
E:\精选\套图\)BY_O0C2EN@H%C_]PP1R6KK.jpg	E:\精选\套图\)BY_O0C2EN@H%C_]PP1R6KK.png
E:\精选\套图\)GSIV[}QWMR`FT7J9J%PV_2.jpg	E:\精选\套图\)GSIV[}QWMR`FT7J9J%PV_2.png
E:\精选\套图\)MY$)E$HG{PND`Y4`5L~1NR.jpg	E:\精选\套图\)MY$)E$HG{PND`Y4`5L~1NR.png
E:\精选\套图\)N@GR8N[_W]0KLP)JN{{BXH.jpg	E:\精选\套图\)N@GR8N[_W]0KLP)JN{{BXH.png
E:\精选\套图\)S`G{XJY869SNC5(P@ZU(DA.bmp	E:\精选\套图\)S`G{XJY869SNC5(P@ZU(DA.jpg
E:\精选\套图\)XK}6JTV`C%%DBWH17~T3]1.jpg	E:\精选\套图\)XK}6JTV`C%%DBWH17~T3]1.png
E:\精选\套图\)~{WT8ZJZ7`96%T$KBA9%2A.jpg	E:\精选\套图\)~{WT8ZJZ7`96%T$KBA9%2A.png
E:\精选\套图\04A_GXPC%`S(G4`ZDFF3OUE.JPG	E:\精选\套图\04A_GXPC%`S(G4`ZDFF3OUE.png
E:\精选\套图\0[F5[1{@8T_A@GK@~MM@N1Z.bmp	E:\精选\套图\0[F5[1{@8T_A@GK@~MM@N1Z.jpg
E:\精选\套图\1$9O92N[8FH{VD)1)H6}T52.bmp	E:\精选\套图\1$9O92N[8FH{VD)1)H6}T52.jpg
E:\精选\套图\1)O)V`%@B_2Q%L(A{H[4VM1.bmp	E:\精选\套图\1)O)V`%@B_2Q%L(A{H[4VM1.jpg
E:\精选\套图\1%]G1I@5HC6(2E9DZJ9FOT2.jpg	E:\精选\套图\1%]G1I@5HC6(2E9DZJ9FOT2.png
E:\精选\套图\11}2P2XT5LH95){75UMN1$C.JPG	E:\精选\套图\11}2P2XT5LH95){75UMN1$C.png
E:\精选\套图\1PXBS$XXFSGDL_`{15AOV45.jpg	E:\精选\套图\1PXBS$XXFSGDL_`{15AOV45.png
E:\精选\套图\2AJS6O})QF}[V]%%1ZRYCIV.jpg	E:\精选\套图\2AJS6O})QF}[V]%%1ZRYCIV.png
E:\精选\套图\2J`1{(_~Y1S66RXWQX`E8J4.bmp	E:\精选\套图\2J`1{(_~Y1S66RXWQX`E8J4.jpg
E:\精选\套图\2YIWWF(~11GO%TWM5T$6(]P.JPG	E:\精选\套图\2YIWWF(~11GO%TWM5T$6(]P.png
E:\精选\套图\2]T~SVX$XXU]_{{K6]QBG72.jpg	E:\精选\套图\2]T~SVX$XXU]_{{K6]QBG72.png
E:\精选\套图\2]}%`@(]~9YOEQW8{}~PHZU.jpg	E:\精选\套图\2]}%`@(]~9YOEQW8{}~PHZU.png
E:\精选\套图\2}5DT_I{2B63JOGBFH3}HQS.jpg	E:\精选\套图\2}5DT_I{2B63JOGBFH3}HQS.png
E:\精选\套图\2_I_WJ7DBCWWIN1V8%DP@)5.jpg	E:\精选\套图\2_I_WJ7DBCWWIN1V8%DP@)5.png
E:\精选\套图\35]DPKNJ%~XJYHC_86Y{`U8.jpg	E:\精选\套图\35]DPKNJ%~XJYHC_86Y{`U8.png
E:\精选\套图\392[]VQGYI_I0{9112NXUT8.bmp	E:\精选\套图\392[]VQGYI_I0{9112NXUT8.jpg
E:\精选\套图\3A7%`28DG]GIR75%_7`{V0B.bmp	E:\精选\套图\3A7%`28DG]GIR75%_7`{V0B.jpg
E:\精选\套图\3P0`@VC@AV%@%8%2H}5`6}O.jpg	E:\精选\套图\3P0`@VC@AV%@%8%2H}5`6}O.png
E:\精选\套图\46XZ@EX_QSJ5`WE9{ZJ$~V2.jpg	E:\精选\套图\46XZ@EX_QSJ5`WE9{ZJ$~V2.png
E:\精选\套图\4@{QIB8]WQJF5}7RPPQ9PM1.jpg	E:\精选\套图\4@{QIB8]WQJF5}7RPPQ9PM1.png
E:\精选\套图\4J~X}MED}UK3%~C`S(8V$VO.jpg	E:\精选\套图\4J~X}MED}UK3%~C`S(8V$VO.png
E:\精选\套图\4OH6%GHTEI9SBL9768M{OX9.jpg	E:\精选\套图\4OH6%GHTEI9SBL9768M{OX9.png
E:\精选\套图\4_KA4EW{R0]WPJT{`7_1N~H.jpg	E:\精选\套图\4_KA4EW{R0]WPJT{`7_1N~H.png
E:\精选\套图\4Y12BWDU)B5((GD}I$%CZFL.jpg	E:\精选\套图\4Y12BWDU)B5((GD}I$%CZFL.png
E:\精选\套图\5(6FPJS9[{OEHX``GU(WA25.jpg	E:\精选\套图\5(6FPJS9[{OEHX``GU(WA25.png
E:\精选\套图\4U_]G}Y%MU_IXIK79JW$)]9.jpg	E:\精选\套图\4U_]G}Y%MU_IXIK79JW$)]9.png
E:\精选\套图\5LUS6{)5IU(3EZIS}YM]KVB.bmp	E:\精选\套图\5LUS6{)5IU(3EZIS}YM]KVB.jpg
E:\精选\套图\6L8Y1JVD_SWA6DDZW{{Y4NN.jpg	E:\精选\套图\6L8Y1JVD_SWA6DDZW{{Y4NN.png
E:\精选\套图\6O36%EDL_B]@MN8IJ6TZK4X.jpg	E:\精选\套图\6O36%EDL_B]@MN8IJ6TZK4X.png
E:\精选\套图\6PB7V4SZYS4X`CJC{4%WIJ1.jpg	E:\精选\套图\6PB7V4SZYS4X`CJC{4%WIJ1.png
E:\精选\套图\71TWR]K%)}M52VNTR@{XRNV.jpg	E:\精选\套图\71TWR]K%)}M52VNTR@{XRNV.png
E:\精选\套图\7J%XU(ZWYIM9`1}R7K9~DBD.jpg	E:\精选\套图\7J%XU(ZWYIM9`1}R7K9~DBD.png
E:\精选\套图\8GIUPZ9VH2UU00SGX0](`{F.JPG	E:\精选\套图\8GIUPZ9VH2UU00SGX0](`{F.png
E:\精选\套图\8OL6[E7JSFL~H{[V@UXOY0N.bmp	E:\精选\套图\8OL6[E7JSFL~H{[V@UXOY0N.jpg
E:\精选\套图\8TEO}~CO~BA5V2%JJS8RFUO.jpg	E:\精选\套图\8TEO}~CO~BA5V2%JJS8RFUO.png
E:\精选\套图\9(P~)JRS@)$YWJ$0~0S{YEV.jpg	E:\精选\套图\9(P~)JRS@)$YWJ$0~0S{YEV.png
E:\精选\套图\94)]LQ(8U]9S8H5ZWTQ%8ME.jpg	E:\精选\套图\94)]LQ(8U]9S8H5ZWTQ%8ME.png
E:\精选\套图\97)[BPW03{HH[`}IFT@SDEN.jpg	E:\精选\套图\97)[BPW03{HH[`}IFT@SDEN.png
E:\精选\套图\9WX6B~`Z4N3L{]B1OCW{HKN.JPG	E:\精选\套图\9WX6B~`Z4N3L{]B1OCW{HKN.png
E:\精选\套图\@6Z`FT2Z$2G2J%9O%17`E8F.jpg	E:\精选\套图\@6Z`FT2Z$2G2J%9O%17`E8F.png
E:\精选\套图\@A(}0CX56%NQ[CD~2F4]%8F.jpg	E:\精选\套图\@A(}0CX56%NQ[CD~2F4]%8F.png
E:\精选\套图\@K6C_DUSR4EYT`M$RI{46Y9.jpg	E:\精选\套图\@K6C_DUSR4EYT`M$RI{46Y9.png
E:\精选\套图\@R]~73R~07OXGA7{74A1T7U.jpg	E:\精选\套图\@R]~73R~07OXGA7{74A1T7U.png
E:\精选\套图\@WC8)@~~VXKHYH{WOG@{T6O.jpg	E:\精选\套图\@WC8)@~~VXKHYH{WOG@{T6O.png
E:\精选\套图\@~`01C%~4O$J[8]XGOTPUL7.jpg	E:\精选\套图\@~`01C%~4O$J[8]XGOTPUL7.png
E:\精选\套图\A9FV}%{$@AW7%4C(Z(N4A~M_tmb (2024_11_13 09_19_52 UTC).jpg	E:\精选\套图\A9FV}%{$@AW7%4C(Z(N4A~M_tmb (2024_11_13 09_19_52 UTC).png
E:\精选\套图\ADPG4Y_4YOQX{][ON%%`)TG.jpg	E:\精选\套图\ADPG4Y_4YOQX{][ON%%`)TG.png
E:\精选\套图\A_2(J85%@1YAE82[$W~PF0F.JPG	E:\精选\套图\A_2(J85%@1YAE82[$W~PF0F.png
E:\精选\套图\BF)258_[VG{B4SME$OLEFQP.bmp	E:\精选\套图\BF)258_[VG{B4SME$OLEFQP.jpg
E:\精选\套图\BTU(TTM)$73Y`P}4UQ)OM{H.jpg	E:\精选\套图\BTU(TTM)$73Y`P}4UQ)OM{H.png
E:\精选\套图\B[DH{H7R@24G)8YMHRF(G[G_tmb (2024_11_13 09_19_52 UTC).png	E:\精选\套图\B[DH{H7R@24G)8YMHRF(G[G_tmb (2024_11_13 09_19_52 UTC).jpg
E:\精选\套图\B}`%KE34}P0(DMOU[W~8{}I.bmp	E:\精选\套图\B}`%KE34}P0(DMOU[W~8{}I.jpg
E:\精选\套图\CXGC%S)HG9FU@FAD3ZJY7OB.jpg	E:\精选\套图\CXGC%S)HG9FU@FAD3ZJY7OB.png
E:\精选\套图\E1G~G_U1VLVYKXP%{WMKF)T.jpg	E:\精选\套图\E1G~G_U1VLVYKXP%{WMKF)T.png
E:\精选\套图\E6JSXZ6F[MDV9K{821E{$RG.jpg	E:\精选\套图\E6JSXZ6F[MDV9K{821E{$RG.png
E:\精选\套图\EA8_)]{60CX)(NI)ZNHE5`X.bmp	E:\精选\套图\EA8_)]{60CX)(NI)ZNHE5`X.jpg
E:\精选\套图\EMXG5~W`113_BOB}_5%9Y1J.bmp	E:\精选\套图\EMXG5~W`113_BOB}_5%9Y1J.png
E:\精选\套图\EV%NZ`]ZZ1(BFI)468RE~NY.jpg	E:\精选\套图\EV%NZ`]ZZ1(BFI)468RE~NY.png
E:\精选\套图\GNS5[CS3_DOW[33SJLJS{XD.bmp	E:\精选\套图\GNS5[CS3_DOW[33SJLJS{XD.jpg
E:\精选\套图\GO1}R7W7{{40$Q1HV`J9GWJ.jpg	E:\精选\套图\GO1}R7W7{{40$Q1HV`J9GWJ.png
E:\精选\套图\GP`WERYHINWQB{U7_VBO7GP.jpg	E:\精选\套图\GP`WERYHINWQB{U7_VBO7GP.png
E:\精选\套图\GT%4$(AUE0Y$E%{~H{4{DWG.bmp	E:\精选\套图\GT%4$(AUE0Y$E%{~H{4{DWG.jpg
E:\精选\套图\GTX[2BOM{E{Z(G2`FGNDQWQ_tmb (2024_11_13 09_19_52 UTC).bmp	E:\精选\套图\GTX[2BOM{E{Z(G2`FGNDQWQ_tmb (2024_11_13 09_19_52 UTC).jpg
E:\精选\套图\H%O_7GL204Y}25CZ3{]W]$O.jpg	E:\精选\套图\H%O_7GL204Y}25CZ3{]W]$O.png
E:\精选\套图\H[82731T1SRFYD`X({XFF27.bmp	E:\精选\套图\H[82731T1SRFYD`X({XFF27.jpg
E:\精选\套图\I373)CI{E4O~J5@JOU2@U[3_tmb (2024_11_13 09_19_52 UTC).bmp	E:\精选\套图\I373)CI{E4O~J5@JOU2@U[3_tmb (2024_11_13 09_19_52 UTC).jpg
E:\精选\套图\IG%GYTGNT)CWZERYD4HXG(T.jpg	E:\精选\套图\IG%GYTGNT)CWZERYD4HXG(T.png
E:\精选\套图\ITU)HPX0B]1B$ZES%}C1]{P.jpg	E:\精选\套图\ITU)HPX0B]1B$ZES%}C1]{P.png
E:\精选\套图\JD[WOE3J${6OWPWZSRFKS@K.JPG	E:\精选\套图\JD[WOE3J${6OWPWZSRFKS@K.png
E:\精选\套图\JG[AQB%%K]614Y`I@XGSN84.jpg	E:\精选\套图\JG[AQB%%K]614Y`I@XGSN84.png
E:\精选\套图\JR174(M6CI3%)`BU`C1K{20.jpg	E:\精选\套图\JR174(M6CI3%)`BU`C1K{20.png
E:\精选\套图\KL@W_E0[LR%F9@R$O5%3(S7.jpg	E:\精选\套图\KL@W_E0[LR%F9@R$O5%3(S7.png
E:\精选\套图\KVAXAIN[C6GFJ]ZS{GI}QRO.bmp	E:\精选\套图\KVAXAIN[C6GFJ]ZS{GI}QRO.jpg
E:\精选\套图\K~~GYFT}3S2LU]YYMV{{LZ9.bmp	E:\精选\套图\K~~GYFT}3S2LU]YYMV{{LZ9.jpg
E:\精选\套图\LT~S`0H]K4({]3O%WB(F59H.bmp	E:\精选\套图\LT~S`0H]K4({]3O%WB(F59H.jpg
E:\精选\套图\L~28])F7A7[JM`QYTW]{G@U.jpg	E:\精选\套图\L~28])F7A7[JM`QYTW]{G@U.png
E:\精选\套图\M3$_4J5D{C){IS0MQ`02}O3.jpg	E:\精选\套图\M3$_4J5D{C){IS0MQ`02}O3.png
E:\精选\套图\MQZA{8%OEDMXQ[T$[GR3U$H.jpg	E:\精选\套图\MQZA{8%OEDMXQ[T$[GR3U$H.png
E:\精选\套图\MT{C9~`N~7[3BRT~_(%10}M.JPG	E:\精选\套图\MT{C9~`N~7[3BRT~_(%10}M.png
E:\精选\套图\N%EGSYK%(7{9_V_OBC8W5NM.jpg	E:\精选\套图\N%EGSYK%(7{9_V_OBC8W5NM.png
E:\精选\套图\N15_O_~%NMS5DYSC7)8JADA.jpg	E:\精选\套图\N15_O_~%NMS5DYSC7)8JADA.png
E:\精选\套图\O@3VMK~{KY5]TSDO]IEW`@I.png	E:\精选\套图\O@3VMK~{KY5]TSDO]IEW`@I.jpg
E:\精选\套图\PB`[0B8%)X)XD267(4LD%@I.jpg	E:\精选\套图\PB`[0B8%)X)XD267(4LD%@I.png
E:\精选\套图\PCUWUNT2A7N{BB}_2))SZF8.jpg	E:\精选\套图\PCUWUNT2A7N{BB}_2))SZF8.png
E:\精选\套图\PEWNIZA{UDGL(XV_53~047L.bmp	E:\精选\套图\PEWNIZA{UDGL(XV_53~047L.jpg
E:\精选\套图\PZK~86UDB%6@8(S4%T]B6JF.JPG	E:\精选\套图\PZK~86UDB%6@8(S4%T]B6JF.png
E:\精选\套图\QYPWNV{]BZC0Y]H2V(@~@[3.jpg	E:\精选\套图\QYPWNV{]BZC0Y]H2V(@~@[3.png
E:\精选\套图\QZ7KRDQWJ53ETHB2HM{65`6.bmp	E:\精选\套图\QZ7KRDQWJ53ETHB2HM{65`6.jpg
E:\精选\套图\RH570EWRHB(~6UP$17GB{II.jpg	E:\精选\套图\RH570EWRHB(~6UP$17GB{II.png
E:\精选\套图\SC]GG%66)S2F7$ASX)IM{C3.bmp	E:\精选\套图\SC]GG%66)S2F7$ASX)IM{C3.jpg
E:\精选\套图\SGF~A63DG7KM%K12]}YJ`_J.jpg	E:\精选\套图\SGF~A63DG7KM%K12]}YJ`_J.png
E:\精选\套图\SMD0CLYD`%JY{@[IQ36L)$6.bmp	E:\精选\套图\SMD0CLYD`%JY{@[IQ36L)$6.jpg
E:\精选\套图\SNNI40JT@TD3{~X7%)T7D0J.bmp	E:\精选\套图\SNNI40JT@TD3{~X7%)T7D0J.jpg
E:\精选\套图\SPJBR{5]UI91RYDYV6OLFK8.jpg	E:\精选\套图\SPJBR{5]UI91RYDYV6OLFK8.png
E:\精选\套图\T203}{Q7$OT1945F]0F`8FM.bmp	E:\精选\套图\T203}{Q7$OT1945F]0F`8FM.jpg
E:\精选\套图\TQU~HH@()}@KWNVS3%Q[7WX.jpg	E:\精选\套图\TQU~HH@()}@KWNVS3%Q[7WX.png
E:\精选\套图\U(~T{G@X9$42NXXOVGPPKV8.bmp	E:\精选\套图\U(~T{G@X9$42NXXOVGPPKV8.jpg
E:\精选\套图\U)}{EIZQ(TAEXKOG7@Q1L@J.jpg	E:\精选\套图\U)}{EIZQ(TAEXKOG7@Q1L@J.png
E:\精选\套图\UNV{VOJ@I)C9W38B[0V_YSW.jpg	E:\精选\套图\UNV{VOJ@I)C9W38B[0V_YSW.png
E:\精选\套图\UZXLZ1]1G{IM37F}X))KDBQ.bmp	E:\精选\套图\UZXLZ1]1G{IM37F}X))KDBQ.jpg
E:\精选\套图\VLYZ6{S7Y@UZO3XAA$M$G{H.jpg	E:\精选\套图\VLYZ6{S7Y@UZO3XAA$M$G{H.png
E:\精选\套图\VNK{A[OAH_]{{QSLVR)GV}8.bmp	E:\精选\套图\VNK{A[OAH_]{{QSLVR)GV}8.jpg
E:\精选\套图\VRC_7CDGL4GC`MK[IJV4[{6.jpg	E:\精选\套图\VRC_7CDGL4GC`MK[IJV4[{6.png
E:\精选\套图\VS%I(0RTEVIJUU`M0)JX_HR.JPG	E:\精选\套图\VS%I(0RTEVIJUU`M0)JX_HR.png
E:\精选\套图\V~R{B63%KF]_1BXBJHE`2[L.bmp	E:\精选\套图\V~R{B63%KF]_1BXBJHE`2[L.jpg
E:\精选\套图\W5NWX[M2~IDQP]OSMWQ%CZD.jpg	E:\精选\套图\W5NWX[M2~IDQP]OSMWQ%CZD.png
E:\精选\套图\WS%MF6I``MISMAZ)KNR5E4Y.JPG	E:\精选\套图\WS%MF6I``MISMAZ)KNR5E4Y.png
E:\精选\套图\WZ[CI7{_T{PZRT)(R2HIMW4.bmp	E:\精选\套图\WZ[CI7{_T{PZRT)(R2HIMW4.jpg
E:\精选\套图\X}@[I7BS`E3KSD3(UB[M%[5.jpg	E:\精选\套图\X}@[I7BS`E3KSD3(UB[M%[5.png
E:\精选\套图\Y%3~0OF4[EC(V7GOZK2F4CT.jpg	E:\精选\套图\Y%3~0OF4[EC(V7GOZK2F4CT.png
E:\精选\套图\ZH%9EIPIR8[E9SUQ[KB69}7.jpg	E:\精选\套图\ZH%9EIPIR8[E9SUQ[KB69}7.png
E:\精选\套图\ZT}4Y4O1[DRIJFUD_D%SZBA.jpg	E:\精选\套图\ZT}4Y4O1[DRIJFUD_D%SZBA.webp
E:\精选\套图\[KFB9KNS2{U9I_I931OP3ON.jpg	E:\精选\套图\[KFB9KNS2{U9I_I931OP3ON.png
E:\精选\套图\]${F(ZU_SE(KMAQLYH{G5CU.bmp	E:\精选\套图\]${F(ZU_SE(KMAQLYH{G5CU.jpg
E:\精选\套图\]9WP1S{SXG9EXCOQ37PUXR2.jpg	E:\精选\套图\]9WP1S{SXG9EXCOQ37PUXR2.png
E:\精选\套图\]D%BV5GU_ZO5MZGZD`7)ST9.jpg	E:\精选\套图\]D%BV5GU_ZO5MZGZD`7)ST9.png
E:\精选\套图\]E`ZQWH6RZL%YULA~)U51`T.jpg	E:\精选\套图\]E`ZQWH6RZL%YULA~)U51`T.png
E:\精选\套图\]F{A~6`4[2G0{@}LT__NTIX.jpg	E:\精选\套图\]F{A~6`4[2G0{@}LT__NTIX.png
E:\精选\套图\]TNQHZTMLUPJI{MDR3NA[@5.jpg	E:\精选\套图\]TNQHZTMLUPJI{MDR3NA[@5.png
E:\精选\套图\_2HJ{((M6V2_K536CT_8)G9.bmp	E:\精选\套图\_2HJ{((M6V2_K536CT_8)G9.jpg
E:\精选\套图\_5ONGAVYRLRVSGAK{NGO24B.bmp	E:\精选\套图\_5ONGAVYRLRVSGAK{NGO24B.jpg
E:\精选\套图\_图片_三次元_VPW($FL[)~EQP%TM}PXFW~R.jpg	E:\精选\套图\_图片_三次元_VPW($FL[)~EQP%TM}PXFW~R.png
E:\精选\套图\_图片_备份_2023-05-20_FKEZR6GW97F{YDCMP}%JG5E_tmb (2024_11_13 09_19_52 UTC).bmp	E:\精选\套图\_图片_备份_2023-05-20_FKEZR6GW97F{YDCMP}%JG5E_tmb (2024_11_13 09_19_52 UTC).jpg
E:\精选\套图\_图片_备份_2025-03-11_WWGQG7IU@Y{B9~`@)M0(R{G.jpg	E:\精选\套图\_图片_备份_2025-03-11_WWGQG7IU@Y{B9~`@)M0(R{G.png
E:\精选\套图\_图片_备份_2025-03-13_50B24RSTAA{@ZA@JX}RZ7TL.jpg	E:\精选\套图\_图片_备份_2025-03-13_50B24RSTAA{@ZA@JX}RZ7TL.png
E:\精选\套图\_图片_备份_2025-03-13_@A@8)ZI(_3R]4E{YH3G`555.jpg	E:\精选\套图\_图片_备份_2025-03-13_@A@8)ZI(_3R]4E{YH3G`555.png
E:\精选\套图\_图片_备份_2025-03-15_J50P9@7P%(LA8D[YGW3[OTX.jpg	E:\精选\套图\_图片_备份_2025-03-15_J50P9@7P%(LA8D[YGW3[OTX.png
E:\精选\套图\_图片_备份_2025-03-18_A2@1V~DX)]~WJ]K{(7E2{@T.JPG	E:\精选\套图\_图片_备份_2025-03-18_A2@1V~DX)]~WJ]K{(7E2{@T.png
E:\精选\套图\_图片_备份_2025-04-01_PRZ@3_~ZD%5AS1FO5I~0)MU.jpg	E:\精选\套图\_图片_备份_2025-04-01_PRZ@3_~ZD%5AS1FO5I~0)MU.png
E:\精选\套图\_图片_备份_2025-04-02_X$`Y~HW{$PPCH{{FGDC[J8P.JPG	E:\精选\套图\_图片_备份_2025-04-02_X$`Y~HW{$PPCH{{FGDC[J8P.png
E:\精选\套图\_图片_备份_2025-04-04_THJ02EBC8K]HMAV1(@{M_CV.jpg	E:\精选\套图\_图片_备份_2025-04-04_THJ02EBC8K]HMAV1(@{M_CV.png
E:\精选\套图\_图片_有用_Q8M3]2BZ_5DTBEYZ77{XX4F.jpg	E:\精选\套图\_图片_有用_Q8M3]2BZ_5DTBEYZ77{XX4F.png
E:\精选\套图\_图片_有用_QO@~D}_%6{)[_O]6)J)HP65.jpg	E:\精选\套图\_图片_有用_QO@~D}_%6{)[_O]6)J)HP65.png
E:\精选\套图\_图片_有用_WB%9{OGGP]RZDJ2GGA{F}SG.jpg	E:\精选\套图\_图片_有用_WB%9{OGGP]RZDJ2GGA{F}SG.png
E:\精选\套图\`@B@J[RR7%B~2${V0RCL4OE.bmp	E:\精选\套图\`@B@J[RR7%B~2${V0RCL4OE.jpg
E:\精选\套图\`X0E{NN6Z{CYNNJ0]S[@E29.jpg	E:\精选\套图\`X0E{NN6Z{CYNNJ0]S[@E29.png
E:\精选\套图\`~K7O8`04A5D%1IK4J6JN`9.jpg	E:\精选\套图\`~K7O8`04A5D%1IK4J6JN`9.png
E:\精选\套图\{0VN`DSH6{H40O0QMRTZ_61.bmp	E:\精选\套图\{0VN`DSH6{H40O0QMRTZ_61.jpg
E:\精选\套图\{3ZO87KP8%LIYFL2YLXUETG.jpg	E:\精选\套图\{3ZO87KP8%LIYFL2YLXUETG.png
E:\精选\套图\{5WORW54(1)$HCUWE%6Q6WC.jpg	E:\精选\套图\{5WORW54(1)$HCUWE%6Q6WC.png
E:\精选\套图\{731%%A1PRQCE2T7~WH8V(X.bmp	E:\精选\套图\{731%%A1PRQCE2T7~WH8V(X.jpg
E:\精选\套图\{YX26TFLV0[3N7X`4AR[GX1.JPG	E:\精选\套图\{YX26TFLV0[3N7X`4AR[GX1.png
E:\精选\套图\{[$4VNYJLVON4FYEO)[CG_F.bmp	E:\精选\套图\{[$4VNYJLVON4FYEO)[CG_F.jpg
E:\精选\套图\{]_FZYD{@~QL$W`9F5Z}BK0.bmp	E:\精选\套图\{]_FZYD{@~QL$W`9F5Z}BK0.jpg
E:\精选\套图\}9%LL]H$]DAYK2CPG%ZPE(V.jpg	E:\精选\套图\}9%LL]H$]DAYK2CPG%ZPE(V.png
E:\精选\套图\~C7Z73SRQS~AMWHJY_AV)]0.jpg	E:\精选\套图\~C7Z73SRQS~AMWHJY_AV)]0.png
E:\精选\套图\~FZZ@9_}}]U0)92{N0QDRG0.bmp	E:\精选\套图\~FZZ@9_}}]U0)92{N0QDRG0.jpg
E:\精选\套图\~G9UO_)C{2Q$(X0]}3[6$D4.JPG	E:\精选\套图\~G9UO_)C{2Q$(X0]}3[6$D4.png
E:\精选\套图\~W}M3D}W6H]3079RU{AF%WJ.jpg	E:\精选\套图\~W}M3D}W6H]3079RU{AF%WJ.png
E:\精选\套图\备份_2023-05-06_L1F1{UB6$0U[JI8YX3T$IIF_tmb (2024_11_13 09_19_52 UTC).bmp	E:\精选\套图\备份_2023-05-06_L1F1{UB6$0U[JI8YX3T$IIF_tmb (2024_11_13 09_19_52 UTC).jpg
E:\精选\精选\桌面\$@F4W}{T{__5FBKESHDUFMS.bmp	E:\精选\精选\桌面\$@F4W}{T{__5FBKESHDUFMS.jpg
E:\精选\精选\桌面\0Q}GA_TPS(3{J(7ROL621}B.bmp	E:\精选\精选\桌面\0Q}GA_TPS(3{J(7ROL621}B.jpg
E:\精选\精选\桌面\027KISRC@4%1M$[GX@OGRQT.jpg	E:\精选\精选\桌面\027KISRC@4%1M$[GX@OGRQT.png
E:\精选\精选\桌面\2@U3OZJ{_15C_ZA@2TYVC23.bmp	E:\精选\精选\桌面\2@U3OZJ{_15C_ZA@2TYVC23.jpg
E:\精选\精选\桌面\4LMQ]Q2[4A]8T)8@FOQ3I{0.bmp	E:\精选\精选\桌面\4LMQ]Q2[4A]8T)8@FOQ3I{0.png
E:\精选\精选\桌面\6K(9YW$Z{GW0M}`83%(FFKT.JPG	E:\精选\精选\桌面\6K(9YW$Z{GW0M}`83%(FFKT.png
E:\精选\精选\桌面\7{EU6(%}`H@}%1F[P()G7UX.jpg	E:\精选\精选\桌面\7{EU6(%}`H@}%1F[P()G7UX.png
E:\精选\精选\桌面\FE{SDNWV4TA24}EB]FTNJ_3.bmp	E:\精选\精选\桌面\FE{SDNWV4TA24}EB]FTNJ_3.jpg
E:\精选\精选\桌面\QJ4$61(UDXW`K~U1$AY{(N4.bmp	E:\精选\精选\桌面\QJ4$61(UDXW`K~U1$AY{(N4.jpg
D:\图片\Hermes-base\_图片_有用_1M(NP18EN@`6W79`[R75V%R.jpg	D:\图片\Hermes-base\_图片_有用_1M(NP18EN@`6W79`[R75V%R.png
D:\图片\Hermes-base\_图片_有用_359ZM$(HN35QV7FHT}%7QYC.jpg	D:\图片\Hermes-base\_图片_有用_359ZM$(HN35QV7FHT}%7QYC.png
D:\图片\Hermes-base\_图片_有用_3NZ2{XJ(WQ4{PR]NA_QP@VH.jpg	D:\图片\Hermes-base\_图片_有用_3NZ2{XJ(WQ4{PR]NA_QP@VH.png
D:\图片\Hermes-base\_图片_有用_3Z`Q58L07RO%[Z$UNNY5MN0.jpg	D:\图片\Hermes-base\_图片_有用_3Z`Q58L07RO%[Z$UNNY5MN0.png
D:\图片\Hermes-base\_图片_有用_9ZLUK8V%L0IWA(D@YR[(R6X.jpg	D:\图片\Hermes-base\_图片_有用_9ZLUK8V%L0IWA(D@YR[(R6X.png
D:\图片\Hermes-base\_图片_有用_@%G{DYT%2U(JF3R~`_E3[B3_tmb (2024_11_13 09_19_52 UTC).jpg	D:\图片\Hermes-base\_图片_有用_@%G{DYT%2U(JF3R~`_E3[B3_tmb (2024_11_13 09_19_52 UTC).png
D:\图片\Hermes-base\_图片_有用_@ILX_2KVERVK1Z9EA`N01{J.JPG	D:\图片\Hermes-base\_图片_有用_@ILX_2KVERVK1Z9EA`N01{J.png
D:\图片\Hermes-base\_图片_有用_@Y_$MY4Z}H%TJJ9T3KP2)7K.jpg	D:\图片\Hermes-base\_图片_有用_@Y_$MY4Z}H%TJJ9T3KP2)7K.png
D:\图片\Hermes-base\_图片_有用_@}DN()KPU6IZJDCEUUE%7W2.jpg	D:\图片\Hermes-base\_图片_有用_@}DN()KPU6IZJDCEUUE%7W2.png
D:\图片\Hermes-base\_图片_有用_BM8E}@JOMTYQ%297C$UBKSQ.JPG	D:\图片\Hermes-base\_图片_有用_BM8E}@JOMTYQ%297C$UBKSQ.png
D:\图片\Hermes-base\_图片_有用_BPULBYW6PWC0_ZNN%VV~T8R.jpg	D:\图片\Hermes-base\_图片_有用_BPULBYW6PWC0_ZNN%VV~T8R.png
D:\图片\Hermes-base\_图片_有用_BT}S7OGJ_VOWA5`0{}M8BOP_tmb (2024_11_13 09_19_52 UTC).png	D:\图片\Hermes-base\_图片_有用_BT}S7OGJ_VOWA5`0{}M8BOP_tmb (2024_11_13 09_19_52 UTC).jpg
D:\图片\Hermes-base\_图片_有用_CD8A__8QIX69(@~RFY)Q{@R_tmb (2024_11_13 09_19_52 UTC).bmp	D:\图片\Hermes-base\_图片_有用_CD8A__8QIX69(@~RFY)Q{@R_tmb (2024_11_13 09_19_52 UTC).jpg
D:\图片\Hermes-base\_图片_有用_CGQG2EUK5$K`[Y7@{V_`{XH.jpg	D:\图片\Hermes-base\_图片_有用_CGQG2EUK5$K`[Y7@{V_`{XH.png
D:\图片\Hermes-base\_图片_有用_E$Y1L9_OKI0S1LYNFBI{Q]R.jpg	D:\图片\Hermes-base\_图片_有用_E$Y1L9_OKI0S1LYNFBI{Q]R.png
D:\图片\Hermes-base\_图片_有用_EFGMQ8QGIIDZL%`(%UR9YTB.jpg	D:\图片\Hermes-base\_图片_有用_EFGMQ8QGIIDZL%`(%UR9YTB.webp
D:\图片\Hermes-base\_图片_有用_GFUP9B8(GGN8{5@}01U7SSY.jpg	D:\图片\Hermes-base\_图片_有用_GFUP9B8(GGN8{5@}01U7SSY.png
D:\图片\Hermes-base\_图片_有用_I9A{6)PUEM[V}]V`5EL2HY3.jpg	D:\图片\Hermes-base\_图片_有用_I9A{6)PUEM[V}]V`5EL2HY3.png
D:\图片\Hermes-base\_图片_有用_KE%Z3~8E97{ARHLF6T(Y)JG.jpg	D:\图片\Hermes-base\_图片_有用_KE%Z3~8E97{ARHLF6T(Y)JG.png
D:\图片\Hermes-base\_图片_有用_KMQAFS{BXID~4AK@B$TSL]5.jpg	D:\图片\Hermes-base\_图片_有用_KMQAFS{BXID~4AK@B$TSL]5.png
D:\图片\Hermes-base\_图片_有用_KQS]DR}}CL{8AE]0UB227_I.jpg	D:\图片\Hermes-base\_图片_有用_KQS]DR}}CL{8AE]0UB227_I.png
D:\图片\Hermes-base\_图片_有用_KWVY{@`FDLC[9I$@7NW%3`7.jpg	D:\图片\Hermes-base\_图片_有用_KWVY{@`FDLC[9I$@7NW%3`7.png
D:\图片\Hermes-base\_图片_有用_KY{$SYB[SNF8NCK`[QOS37L.jpg	D:\图片\Hermes-base\_图片_有用_KY{$SYB[SNF8NCK`[QOS37L.png
D:\图片\Hermes-base\_图片_有用_L3AFCOFAAVKJ{4C3%24N2WR_tmb (2024_11_13 09_19_52 UTC).bmp	D:\图片\Hermes-base\_图片_有用_L3AFCOFAAVKJ{4C3%24N2WR_tmb (2024_11_13 09_19_52 UTC).jpg
D:\图片\Hermes-base\_图片_有用_L45NNPA(}H{D3032WI~X)BL.jpg	D:\图片\Hermes-base\_图片_有用_L45NNPA(}H{D3032WI~X)BL.png
D:\图片\Hermes-base\_图片_有用_MHP]VY9O0L$0OC[Z{{{${ZH.jpg	D:\图片\Hermes-base\_图片_有用_MHP]VY9O0L$0OC[Z{{{${ZH.png
D:\图片\Hermes-base\_图片_有用_M]K]{J~S9N4]]OCSNXS~6KY_tmb (2024_11_13 09_19_52 UTC).png	D:\图片\Hermes-base\_图片_有用_M]K]{J~S9N4]]OCSNXS~6KY_tmb (2024_11_13 09_19_52 UTC).jpg
D:\图片\Hermes-base\_图片_有用_N03{PZZ2``)E__`KOWCE2~C.jpg	D:\图片\Hermes-base\_图片_有用_N03{PZZ2``)E__`KOWCE2~C.png
D:\图片\Hermes-base\_图片_有用_NIGZD(3)51CJIWAB0XO[{MR_tmb (2024_11_13 09_19_52 UTC).bmp	D:\图片\Hermes-base\_图片_有用_NIGZD(3)51CJIWAB0XO[{MR_tmb (2024_11_13 09_19_52 UTC).jpg
D:\图片\Hermes-base\_图片_有用_Q8MCSF8]5KPC{{SD55$SVBK.jpg	D:\图片\Hermes-base\_图片_有用_Q8MCSF8]5KPC{{SD55$SVBK.png
D:\图片\Hermes-base\_图片_有用_Q@AMYXQFR74WQZHNV_6%QVS.jpg	D:\图片\Hermes-base\_图片_有用_Q@AMYXQFR74WQZHNV_6%QVS.png
D:\图片\Hermes-base\_图片_有用_R)HSRK%@M96B{WDC@VWB@WC.jpg	D:\图片\Hermes-base\_图片_有用_R)HSRK%@M96B{WDC@VWB@WC.png
D:\图片\Hermes-base\_图片_有用_SN{QD~488MKDX]FWOM9DO(S.jpg	D:\图片\Hermes-base\_图片_有用_SN{QD~488MKDX]FWOM9DO(S.png
D:\图片\Hermes-base\_图片_有用_T)CPC87[([PNN%TF{1[N@DP.jpg	D:\图片\Hermes-base\_图片_有用_T)CPC87[([PNN%TF{1[N@DP.png
D:\图片\Hermes-base\_图片_有用_TDF56I{V9][C9~VS@GRKR[B.jpg	D:\图片\Hermes-base\_图片_有用_TDF56I{V9][C9~VS@GRKR[B.png
D:\图片\Hermes-base\_图片_有用_T{9[$B@Q_N_4~9E8NEIP5{P_tmb (2024_11_13 09_19_52 UTC).bmp	D:\图片\Hermes-base\_图片_有用_T{9[$B@Q_N_4~9E8NEIP5{P_tmb (2024_11_13 09_19_52 UTC).jpg
D:\图片\Hermes-base\_图片_有用_T~UQ75W44B{M1BLMV~8}ALT.jpg	D:\图片\Hermes-base\_图片_有用_T~UQ75W44B{M1BLMV~8}ALT.png
D:\图片\Hermes-base\_图片_有用_V%O3(M8C26TD]%5J73]$[~I.jpg	D:\图片\Hermes-base\_图片_有用_V%O3(M8C26TD]%5J73]$[~I.png
D:\图片\Hermes-base\_图片_有用_W%7%SXDSLD{RNPD`4EUD)%K.jpg	D:\图片\Hermes-base\_图片_有用_W%7%SXDSLD{RNPD`4EUD)%K.png
D:\图片\Hermes-base\_图片_有用_WE{1[F]Y1{~(GSYYFYK2)VS.jpg	D:\图片\Hermes-base\_图片_有用_WE{1[F]Y1{~(GSYYFYK2)VS.png
D:\图片\Hermes-base\_图片_有用_WP`_V@1UJQX%ICGC}YV6K}Y.jpg	D:\图片\Hermes-base\_图片_有用_WP`_V@1UJQX%ICGC}YV6K}Y.png
D:\图片\Hermes-base\_图片_有用_X`%RZD%{}Z}VT(VAZ6X6E%U.jpg	D:\图片\Hermes-base\_图片_有用_X`%RZD%{}Z}VT(VAZ6X6E%U.png
D:\图片\Hermes-base\_图片_有用_Z(7}$28CI{H8LSS@JX0Q@6K_tmb (2024_11_13 09_19_52 UTC).bmp	D:\图片\Hermes-base\_图片_有用_Z(7}$28CI{H8LSS@JX0Q@6K_tmb (2024_11_13 09_19_52 UTC).jpg
D:\图片\Hermes-base\_图片_有用_ZI`Q[M%WMXPGF@K5{TY1A(4.jpg	D:\图片\Hermes-base\_图片_有用_ZI`Q[M%WMXPGF@K5{TY1A(4.png
D:\图片\Hermes-base\_图片_有用_Z_%PYGZ)34O@D)4BL9EINZA.jpg	D:\图片\Hermes-base\_图片_有用_Z_%PYGZ)34O@D)4BL9EINZA.png
D:\图片\Hermes-base\_图片_有用_Z}{T0Z%1]T~8TUS9EEJ@H$G.jpg	D:\图片\Hermes-base\_图片_有用_Z}{T0Z%1]T~8TUS9EEJ@H$G.png
D:\图片\Hermes-base\_图片_有用_Z~BWK0N07%`HWK5N4)O{TD1_tmb (2024_11_13 09_19_52 UTC).bmp	D:\图片\Hermes-base\_图片_有用_Z~BWK0N07%`HWK5N4)O{TD1_tmb (2024_11_13 09_19_52 UTC).jpg
D:\图片\Hermes-base\_图片_有用_[)T~(GYWT5[]U62{0Y$UKWL.jpg	D:\图片\Hermes-base\_图片_有用_[)T~(GYWT5[]U62{0Y$UKWL.png
D:\图片\Hermes-base\_图片_有用_[7`23K12MA[_Y{%C`3FU~T6_tmb (2024_11_13 09_19_52 UTC).bmp	D:\图片\Hermes-base\_图片_有用_[7`23K12MA[_Y{%C`3FU~T6_tmb (2024_11_13 09_19_52 UTC).jpg
D:\图片\Hermes-base\_图片_有用_[DLDT3NS%~741(TWAH{GQB5.jpg	D:\图片\Hermes-base\_图片_有用_[DLDT3NS%~741(TWAH{GQB5.png
D:\图片\Hermes-base\_图片_有用_]EZKZ14F5C_UG{Q1TE~RB0J.jpg	D:\图片\Hermes-base\_图片_有用_]EZKZ14F5C_UG{Q1TE~RB0J.png
D:\图片\Hermes-base\_图片_有用_]TKR@HO$$(ZEIV5G9}ZFA{G.jpg	D:\图片\Hermes-base\_图片_有用_]TKR@HO$$(ZEIV5G9}ZFA{G.png
D:\图片\Hermes-base\_图片_有用_{$~~H3]$KMTUDAG{8N9`C0B.jpg	D:\图片\Hermes-base\_图片_有用_{$~~H3]$KMTUDAG{8N9`C0B.png
D:\图片\Hermes-base\_图片_有用_{E1}5Y8EYQ_82HX3P4$IIDE.jpg	D:\图片\Hermes-base\_图片_有用_{E1}5Y8EYQ_82HX3P4$IIDE.png
D:\图片\Hermes-base\_图片_有用_{EA)3GZFLB7F1Q})2T8(T8D.jpg	D:\图片\Hermes-base\_图片_有用_{EA)3GZFLB7F1Q})2T8(T8D.gif
D:\图片\Hermes-base\_图片_有用_{S08VH6YZ~1X3FG[}({7Y@I_tmb (2024_11_13 09_19_52 UTC).png	D:\图片\Hermes-base\_图片_有用_{S08VH6YZ~1X3FG[}({7Y@I_tmb (2024_11_13 09_19_52 UTC).jpg
D:\图片\Hermes-base\_图片_有用_}3]HDJQC6DV{720P3ACEKRK_tmb (2024_11_13 09_19_52 UTC).png	D:\图片\Hermes-base\_图片_有用_}3]HDJQC6DV{720P3ACEKRK_tmb (2024_11_13 09_19_52 UTC).jpg
D:\图片\Hermes-base\_图片_有用_}M$SJ43$$0S`%LK1H03EXRH.jpg	D:\图片\Hermes-base\_图片_有用_}M$SJ43$$0S`%LK1H03EXRH.png
D:\图片\Hermes-base\_图片_有用_~3CNO{WXMUCB28RP$(@FV0Q.jpg	D:\图片\Hermes-base\_图片_有用_~3CNO{WXMUCB28RP$(@FV0Q.png
D:\图片\Hermes-base\_图片_有用_~9(XSW~V{KR{SMZ_6ITW[[F.JPG	D:\图片\Hermes-base\_图片_有用_~9(XSW~V{KR{SMZ_6ITW[[F.png
D:\图片\Hermes-base\_图片_有用_~RPESV5%QB224$[0$~52_2B.jpg	D:\图片\Hermes-base\_图片_有用_~RPESV5%QB224$[0$~52_2B.png
D:\图片\Hermes-base\_图片_有用_~SJZO{OO](QS{C2X@{4F[M4_tmb (2024_11_13 09_19_52 UTC).png	D:\图片\Hermes-base\_图片_有用_~SJZO{OO](QS{C2X@{4F[M4_tmb (2024_11_13 09_19_52 UTC).jpg
D:\图片\opencode\_图片_三次元_%HSV`AG]Q58R(U]3EH3F3PQ.jpg	D:\图片\opencode\_图片_三次元_%HSV`AG]Q58R(U]3EH3F3PQ.gif
D:\图片\opencode\_图片_三次元_)ZGF~J]%%VUX70OVMC~}F_G.jpg	D:\图片\opencode\_图片_三次元_)ZGF~J]%%VUX70OVMC~}F_G.png
D:\图片\opencode\_图片_三次元_4QF{{`YTKCUBWVNXI4AEW[9.jpg	D:\图片\opencode\_图片_三次元_4QF{{`YTKCUBWVNXI4AEW[9.png
D:\图片\opencode\_图片_三次元_58J~AVP]S(%4(}B_SZK0~1N.jpg	D:\图片\opencode\_图片_三次元_58J~AVP]S(%4(}B_SZK0~1N.png
D:\图片\opencode\_图片_三次元_6555K)SV{IC$D4L1B{EK8[1.jpg	D:\图片\opencode\_图片_三次元_6555K)SV{IC$D4L1B{EK8[1.png
D:\图片\opencode\_图片_三次元_7B`95EG%24`WCK~XGDEMFZF.jpg	D:\图片\opencode\_图片_三次元_7B`95EG%24`WCK~XGDEMFZF.png
D:\图片\opencode\_图片_三次元_7PSE7$CI34ZL`GTT$$%G8@N.jpg	D:\图片\opencode\_图片_三次元_7PSE7$CI34ZL`GTT$$%G8@N.png
D:\图片\opencode\_图片_三次元_CE59}DECWJ68OFC{R_Q_2%7.jpg	D:\图片\opencode\_图片_三次元_CE59}DECWJ68OFC{R_Q_2%7.png
D:\图片\opencode\_图片_三次元_G{UTEEE1EFKS66([82}1T{L.jpg	D:\图片\opencode\_图片_三次元_G{UTEEE1EFKS66([82}1T{L.png
D:\图片\opencode\_图片_三次元_RV_U%NI0U[FBY2DCQYLM65W.jpg	D:\图片\opencode\_图片_三次元_RV_U%NI0U[FBY2DCQYLM65W.png
D:\图片\opencode\_图片_三次元_VMVEMZ2OJF4R{WHZ9DFODT5.jpg	D:\图片\opencode\_图片_三次元_VMVEMZ2OJF4R{WHZ9DFODT5.png
D:\图片\opencode\_图片_三次元_~ME5]@J5%]YSY8]HV$_KWCM.jpg	D:\图片\opencode\_图片_三次元_~ME5]@J5%]YSY8]HV$_KWCM.png
D:\图片\opencode\_图片_备份_2023-04-20_2U51`)2Y]3YL84OO4G{EAET_tmb (2024_11_13 09_19_52 UTC).bmp	D:\图片\opencode\_图片_备份_2023-04-20_2U51`)2Y]3YL84OO4G{EAET_tmb (2024_11_13 09_19_52 UTC).jpg
D:\图片\opencode\_图片_备份_2023-05-20_6`FLKL9YIVG{FZ]Y9@U1RGT_tmb (2024_11_13 09_19_52 UTC).bmp	D:\图片\opencode\_图片_备份_2023-05-20_6`FLKL9YIVG{FZ]Y9@U1RGT_tmb (2024_11_13 09_19_52 UTC).jpg
D:\图片\opencode\_图片_备份_2023-05-20_DZRB9@N{9)YETP)$IJ}WC2J_tmb (2024_11_13 09_19_52 UTC).bmp	D:\图片\opencode\_图片_备份_2023-05-20_DZRB9@N{9)YETP)$IJ}WC2J_tmb (2024_11_13 09_19_52 UTC).jpg
D:\图片\opencode\_图片_备份_2023-07-17_H50U`)XD89(%)YQJT~Q]A{N_tmb (2024_11_13 09_19_52 UTC).bmp	D:\图片\opencode\_图片_备份_2023-07-17_H50U`)XD89(%)YQJT~Q]A{N_tmb (2024_11_13 09_19_52 UTC).jpg
D:\图片\opencode\_图片_备份_2023-07-20_CHT`0E57{OIZ9`2F_4B6V31_tmb (2024_11_13 09_19_52 UTC).bmp	D:\图片\opencode\_图片_备份_2023-07-20_CHT`0E57{OIZ9`2F_4B6V31_tmb (2024_11_13 09_19_52 UTC).png
D:\图片\opencode\_图片_备份_2023-09-09_2{ZJK$)IUCQB)O1)}XD}7@C_tmb (2024_11_13 09_19_52 UTC).PNG	D:\图片\opencode\_图片_备份_2023-09-09_2{ZJK$)IUCQB)O1)}XD}7@C_tmb (2024_11_13 09_19_52 UTC).jpg
D:\图片\opencode\_图片_备份_2023-09-24_V}3}1_`ZS4{S8X@ZLKD)KYP_tmb (2024_11_13 09_19_52 UTC).png	D:\图片\opencode\_图片_备份_2023-09-24_V}3}1_`ZS4{S8X@ZLKD)KYP_tmb (2024_11_13 09_19_52 UTC).jpg
D:\图片\opencode\_图片_备份_2023-10-07_LCNKZ@ZH_E)_HQS(J1$8H{G_tmb (2024_11_13 09_19_52 UTC).PNG	D:\图片\opencode\_图片_备份_2023-10-07_LCNKZ@ZH_E)_HQS(J1$8H{G_tmb (2024_11_13 09_19_52 UTC).jpg
D:\图片\opencode\_图片_备份_2025-03-16_HWS83{}ZKS{7LKM(96X}VEQ.jpg	D:\图片\opencode\_图片_备份_2025-03-16_HWS83{}ZKS{7LKM(96X}VEQ.png
D:\图片\opencode\_图片_备份_2025-04-04_4DZ75})JLK27Z%Q$V_XJOV1.jpg	D:\图片\opencode\_图片_备份_2025-04-04_4DZ75})JLK27Z%Q$V_XJOV1.png
D:\图片\opencode\_图片_备份_2025-04-28_N$IRP19~Y1EX(~1D{UT~77K.jpg	D:\图片\opencode\_图片_备份_2025-04-28_N$IRP19~Y1EX(~1D{UT~77K.png
D:\图片\opencode\_图片_备份_2025-06-13_W%VP6$J]31[])Y_5%)DH@MG.jpg	D:\图片\opencode\_图片_备份_2025-06-13_W%VP6$J]31[])Y_5%)DH@MG.png
D:\图片\opencode\_图片_备份_2025-08-01_RKA}~GE2]T5{72GJ9UN01UA.jpg	D:\图片\opencode\_图片_备份_2025-08-01_RKA}~GE2]T5{72GJ9UN01UA.png
D:\图片\opencode\_图片_备份_2025-08-07_{)D414@S_QSRD6I$QE~1`H6.jpg	D:\图片\opencode\_图片_备份_2025-08-07_{)D414@S_QSRD6I$QE~1`H6.png
D:\图片\opencode\_图片_备份_2025-09-03_~)FHYRURFD)7~{KAUGKSYI9.jpg	D:\图片\opencode\_图片_备份_2025-09-03_~)FHYRURFD)7~{KAUGKSYI9.png
D:\图片\opencode\_图片_备份_2025-09-08_)B}5UCAAIP[2KJ%QNCMCAP0.jpg	D:\图片\opencode\_图片_备份_2025-09-08_)B}5UCAAIP[2KJ%QNCMCAP0.png
D:\图片\opencode\_图片_备份_2025-09-08_DBH(K5VG~H}[O9V5B%W[Z_D.jpg	D:\图片\opencode\_图片_备份_2025-09-08_DBH(K5VG~H}[O9V5B%W[Z_D.png
D:\图片\opencode\_图片_备份_2025-09-20_~WOIMAD8$97IAEP]X`J%BK9.jpg	D:\图片\opencode\_图片_备份_2025-09-20_~WOIMAD8$97IAEP]X`J%BK9.png
D:\图片\opencode\_图片_备份_2025-09-21_8{1O0828NH8{$6IFG$N}BYD.jpg	D:\图片\opencode\_图片_备份_2025-09-21_8{1O0828NH8{$6IFG$N}BYD.png
D:\图片\opencode\_图片_备份_2025-10-05_SDR(__0{`Y6{([OQUOIYAM7.jpg	D:\图片\opencode\_图片_备份_2025-10-05_SDR(__0{`Y6{([OQUOIYAM7.png
D:\图片\opencode\_图片_备份_2025-10-21_`I2WL%B(%R[BOHP$3I7Z]{B.jpg	D:\图片\opencode\_图片_备份_2025-10-21_`I2WL%B(%R[BOHP$3I7Z]{B.gif
D:\图片\opencode\_图片_备份_2025-10-22_EVI)RU5X0LUKFX]{R73PDLN.jpg	D:\图片\opencode\_图片_备份_2025-10-22_EVI)RU5X0LUKFX]{R73PDLN.png
D:\图片\opencode\_图片_备份_2025-10-24_Q_1N2A`KI5(_FQ{C@9VR~(H.jpg	D:\图片\opencode\_图片_备份_2025-10-24_Q_1N2A`KI5(_FQ{C@9VR~(H.png
D:\图片\opencode\_图片_备份_2025-11-06_(}~B84IGQ6P}SQCD2%(8[05.jpg	D:\图片\opencode\_图片_备份_2025-11-06_(}~B84IGQ6P}SQCD2%(8[05.png
D:\图片\opencode\_图片_备份_2025-11-12_JZG5_X_D6DU5@@@H%@KEBYR.jpg	D:\图片\opencode\_图片_备份_2025-11-12_JZG5_X_D6DU5@@@H%@KEBYR.png
D:\图片\opencode\_图片_备份_2025-11-19_3R}_K110%I$3{7_9E(O1W7E.jpg	D:\图片\opencode\_图片_备份_2025-11-19_3R}_K110%I$3{7_9E(O1W7E.png
D:\图片\opencode\_图片_备份_2025-12-27_[)UNGN@8XZ{X$2N{[305C}1.jpg	D:\图片\opencode\_图片_备份_2025-12-27_[)UNGN@8XZ{X$2N{[305C}1.png
D:\图片\opencode\_图片_备份_2026-02-03_P%LQ_B@I[}BA8023Y%E]]@S.jpg	D:\图片\opencode\_图片_备份_2026-02-03_P%LQ_B@I[}BA8023Y%E]]@S.png
D:\图片\三次元\$AIXF%A`O]M6K(0MX6_O7_H.jpg	D:\图片\三次元\$AIXF%A`O]M6K(0MX6_O7_H.png
D:\图片\三次元\$A{QCT1DX`MLYD5KP~G4_VK.JPG	D:\图片\三次元\$A{QCT1DX`MLYD5KP~G4_VK.png
D:\图片\三次元\$MMB9W%)(J$~UDW5_2HF}[V_tmb (2024_11_13 09_19_52 UTC).jpg	D:\图片\三次元\$MMB9W%)(J$~UDW5_2HF}[V_tmb (2024_11_13 09_19_52 UTC).png
D:\图片\三次元\$VCY]JH1S{95`}L7}JEN_GH.jpg	D:\图片\三次元\$VCY]JH1S{95`}L7}JEN_GH.png
D:\图片\三次元\$V{GEPIUA4Q}0QHC)N1V302.jpg	D:\图片\三次元\$V{GEPIUA4Q}0QHC)N1V302.png
D:\图片\三次元\$W{C4ZXJT07{{WX%0IK@4@5_tmb (2024_11_13 09_19_52 UTC).bmp	D:\图片\三次元\$W{C4ZXJT07{{WX%0IK@4@5_tmb (2024_11_13 09_19_52 UTC).jpg
D:\图片\三次元\$~81`8EZZ_(4(6XA[TW`0%T.jpg	D:\图片\三次元\$~81`8EZZ_(4(6XA[TW`0%T.png
D:\图片\三次元\%0XG)%N0{V}}@VI]TYU22YJ.jpg	D:\图片\三次元\%0XG)%N0{V}}@VI]TYU22YJ.png
D:\图片\三次元\%18PRL~X6$SDSE2LDXPI[9X.jpg	D:\图片\三次元\%18PRL~X6$SDSE2LDXPI[9X.png
D:\图片\三次元\%1{P_MG0LLV07S[4~4_S%}W.jpg	D:\图片\三次元\%1{P_MG0LLV07S[4~4_S%}W.png
D:\图片\三次元\%88L5`PZU$PGE[@U(L%0~1O.jpg	D:\图片\三次元\%88L5`PZU$PGE[@U(L%0~1O.png
D:\图片\三次元\%DAQ)1}AV3@BU%K(~9`Y_%S.JPG	D:\图片\三次元\%DAQ)1}AV3@BU%K(~9`Y_%S.png
D:\图片\三次元\%F0AHFQJ@43@__XQMK5A[(G.jpg	D:\图片\三次元\%F0AHFQJ@43@__XQMK5A[(G.png
D:\图片\三次元\%LFS@ODH{2L4$NRZ%`(4QNY.jpg	D:\图片\三次元\%LFS@ODH{2L4$NRZ%`(4QNY.png
D:\图片\三次元\%OI4LO0S6UF8S29IV4}J$`V.jpg	D:\图片\三次元\%OI4LO0S6UF8S29IV4}J$`V.png
D:\图片\三次元\%RGM]S3YYRPOXAAA3607$JU.jpg	D:\图片\三次元\%RGM]S3YYRPOXAAA3607$JU.png
D:\图片\三次元\%T2KPM$T882J${$T)2AD1J3.bmp	D:\图片\三次元\%T2KPM$T882J${$T)2AD1J3.jpg
D:\图片\三次元\()(R_`{ZRVJ$L%B3HV4`%O4.jpg	D:\图片\三次元\()(R_`{ZRVJ$L%B3HV4`%O4.png
D:\图片\三次元\(35P$V(F0G0@JE~O]%)F2_4.jpg	D:\图片\三次元\(35P$V(F0G0@JE~O]%)F2_4.png
D:\图片\三次元\(AV_3JOR~K`2ZHR@C%L8O08.jpg	D:\图片\三次元\(AV_3JOR~K`2ZHR@C%L8O08.png
D:\图片\三次元\(CL%_~35X`WR@S57EP(M61T.jpg	D:\图片\三次元\(CL%_~35X`WR@S57EP(M61T.gif
D:\图片\三次元\(E1R_067S54[IAR{I@SJP05_tmb (2024_11_13 09_19_52 UTC).bmp	D:\图片\三次元\(E1R_067S54[IAR{I@SJP05_tmb (2024_11_13 09_19_52 UTC).jpg
D:\图片\三次元\(GW6_H7ITLUAB{7LAJDO3JP.JPG	D:\图片\三次元\(GW6_H7ITLUAB{7LAJDO3JP.png
D:\图片\三次元\(H38T6$NLXMWI~]M%A(7LFR.jpg	D:\图片\三次元\(H38T6$NLXMWI~]M%A(7LFR.png
D:\图片\三次元\(J)%W2NY2Y`}{EZUB1VI@YK_tmb (2024_11_13 09_19_52 UTC).png	D:\图片\三次元\(J)%W2NY2Y`}{EZUB1VI@YK_tmb (2024_11_13 09_19_52 UTC).jpg
D:\图片\三次元\(UGAP88@]OOBRWHD{${$RGM_tmb (2024_11_13 09_19_52 UTC).bmp	D:\图片\三次元\(UGAP88@]OOBRWHD{${$RGM_tmb (2024_11_13 09_19_52 UTC).jpg
D:\图片\三次元\)54E$@V(WLD_)Y1{Y(J`{W1_tmb (2024_11_13 09_19_52 UTC).bmp	D:\图片\三次元\)54E$@V(WLD_)Y1{Y(J`{W1_tmb (2024_11_13 09_19_52 UTC).jpg
D:\图片\三次元\)@AU[V%DK3KJ98Z{7J%Q(9H.jpg	D:\图片\三次元\)@AU[V%DK3KJ98Z{7J%Q(9H.png
D:\图片\三次元\)C)%}QICS@A9D{6@2C}1I5H (2024_11_13 09_19_52 UTC).jpg	D:\图片\三次元\)C)%}QICS@A9D{6@2C}1I5H (2024_11_13 09_19_52 UTC).png
D:\图片\三次元\)CV457O0_U]2X1X)FZ2{L{3.jpg	D:\图片\三次元\)CV457O0_U]2X1X)FZ2{L{3.png
D:\图片\三次元\)FDD858LH{P4GTRKX1WZ]~L (2024_11_13 09_19_52 UTC).png	D:\图片\三次元\)FDD858LH{P4GTRKX1WZ]~L (2024_11_13 09_19_52 UTC).jpg
D:\图片\三次元\)JO1Y%EKCA2DE$[6KQ81N5Q_tmb (2024_11_13 09_19_52 UTC).jpg	D:\图片\三次元\)JO1Y%EKCA2DE$[6KQ81N5Q_tmb (2024_11_13 09_19_52 UTC).png
D:\图片\三次元\)NLOIF{IWL5$BGSEM4TQ$AN.jpg	D:\图片\三次元\)NLOIF{IWL5$BGSEM4TQ$AN.png
D:\图片\三次元\)S89ZBJVAP5%S$J1Q04ZQZH.jpg	D:\图片\三次元\)S89ZBJVAP5%S$J1Q04ZQZH.png
D:\图片\三次元\)Z8TEP7[[)0~]XXQLW[N{[9_tmb (2024_11_13 09_19_52 UTC).bmp	D:\图片\三次元\)Z8TEP7[[)0~]XXQLW[N{[9_tmb (2024_11_13 09_19_52 UTC).jpg
D:\图片\三次元\)}G4`{2)Q86FBXE4(%5LL8P_tmb (2024_11_13 09_19_52 UTC).bmp	D:\图片\三次元\)}G4`{2)Q86FBXE4(%5LL8P_tmb (2024_11_13 09_19_52 UTC).jpg
D:\图片\三次元\0$69}H{A90HI_J@E{MHY81N.jpg	D:\图片\三次元\0$69}H{A90HI_J@E{MHY81N.png
D:\图片\三次元\4@5)O}QU267SY{7OH2I[}G6.jpg	D:\图片\三次元\4@5)O}QU267SY{7OH2I[}G6.png
D:\图片\三次元\4B`4E~DBZ%YY{WA7_`T``[O.jpg	D:\图片\三次元\4B`4E~DBZ%YY{WA7_`T``[O.png
D:\图片\三次元\4GVEWW_0]K]`3BI4~S)OM{C.jpg	D:\图片\三次元\4GVEWW_0]K]`3BI4~S)OM{C.png
D:\图片\三次元\4H45]1~Q_V[CO`H~A%XASS8.jpg	D:\图片\三次元\4H45]1~Q_V[CO`H~A%XASS8.png
D:\图片\三次元\4HYR$4DHMAE}8E}90L%J3GK.jpg	D:\图片\三次元\4HYR$4DHMAE}8E}90L%J3GK.png
D:\图片\三次元\4K34OWWZ[L}NC1B9{Q3`M]Y.jpg	D:\图片\三次元\4K34OWWZ[L}NC1B9{Q3`M]Y.png
D:\图片\三次元\541CW4R84%A%Z5CC{}92{~2.jpg	D:\图片\三次元\541CW4R84%A%Z5CC{}92{~2.png
D:\图片\三次元\57UH9VEL[Y}H[PJ{YKWVV[I (2024_11_13 09_19_52 UTC).png	D:\图片\三次元\57UH9VEL[Y}H[PJ{YKWVV[I (2024_11_13 09_19_52 UTC).jpg
D:\图片\三次元\59$VYLWO83DT}3H%`9PG{[5_tmb (2024_11_13 09_19_52 UTC).bmp	D:\图片\三次元\59$VYLWO83DT}3H%`9PG{[5_tmb (2024_11_13 09_19_52 UTC).jpg
D:\图片\三次元\6AA1@)LMIZX1112$EXPC{{A_tmb (2024_11_13 09_19_52 UTC).bmp	D:\图片\三次元\6AA1@)LMIZX1112$EXPC{{A_tmb (2024_11_13 09_19_52 UTC).jpg
D:\图片\三次元\6C7_`W[_{GXJR[RCR@I7435.jpg	D:\图片\三次元\6C7_`W[_{GXJR[RCR@I7435.png
D:\图片\三次元\6JJ%P]595M9`@QX_GI1CN1S.jpg	D:\图片\三次元\6JJ%P]595M9`@QX_GI1CN1S.png
D:\图片\三次元\6UJWFQ_%@GJ6VWM{}MNFC02.jpg	D:\图片\三次元\6UJWFQ_%@GJ6VWM{}MNFC02.png
D:\图片\三次元\6ZHK)_WA7(6GJ_5BI{3E$NC_tmb (2024_11_13 09_19_52 UTC).png	D:\图片\三次元\6ZHK)_WA7(6GJ_5BI{3E$NC_tmb (2024_11_13 09_19_52 UTC).jpg
D:\图片\三次元\6`4TFEP(VVP@B}3%{]K~7_T_tmb (2024_11_13 09_19_52 UTC).png	D:\图片\三次元\6`4TFEP(VVP@B}3%{]K~7_T_tmb (2024_11_13 09_19_52 UTC).jpg
D:\图片\三次元\7@`KSRK0}N(9[A7OVQ%7}_Y.jpg	D:\图片\三次元\7@`KSRK0}N(9[A7OVQ%7}_Y.gif
D:\图片\三次元\7EEX[MRD8{W39E$~05N_HS3.jpg	D:\图片\三次元\7EEX[MRD8{W39E$~05N_HS3.gif
D:\图片\三次元\7F2_FHM%25`ML~0$LDFT41Y.JPG	D:\图片\三次元\7F2_FHM%25`ML~0$LDFT41Y.png
D:\图片\三次元\7T6G]4A6G]H}W)`CZ)85G{B.jpg	D:\图片\三次元\7T6G]4A6G]H}W)`CZ)85G{B.png
D:\图片\三次元\7{5F1F[9{QFJ41HR~TE7BE9.jpg	D:\图片\三次元\7{5F1F[9{QFJ41HR~TE7BE9.png
D:\图片\三次元\83DRO%YAJW%]GIW7WOWFMI5.jpg	D:\图片\三次元\83DRO%YAJW%]GIW7WOWFMI5.png
D:\图片\三次元\83O(ODAK))%IKK}G[KW{703.jpg	D:\图片\三次元\83O(ODAK))%IKK}G[KW{703.png
D:\图片\三次元\83`}S`}E7V9%`$Y]C)O7E58.jpg	D:\图片\三次元\83`}S`}E7V9%`$Y]C)O7E58.png
D:\图片\三次元\84X29@C0WDLC53Z475%K{W7.jpg	D:\图片\三次元\84X29@C0WDLC53Z475%K{W7.png
D:\图片\三次元\8@8{%%FPA{_G%O@BX0HL23W.jpg	D:\图片\三次元\8@8{%%FPA{_G%O@BX0HL23W.png
D:\图片\三次元\8CIOV8KGN{]@UG6W~QZSLIB_tmb (2024_11_13 09_19_52 UTC).bmp	D:\图片\三次元\8CIOV8KGN{]@UG6W~QZSLIB_tmb (2024_11_13 09_19_52 UTC).jpg
D:\图片\三次元\8EYWN~W6_]S2){FS54%BY`T.jpg	D:\图片\三次元\8EYWN~W6_]S2){FS54%BY`T.png
D:\图片\三次元\8GV~W4~1SNH5}$%`8%Y9[`B.jpg	D:\图片\三次元\8GV~W4~1SNH5}$%`8%Y9[`B.png
D:\图片\三次元\8LNPB%I@$EA4UEW4W~]T({M.jpg	D:\图片\三次元\8LNPB%I@$EA4UEW4W~]T({M.png
D:\图片\三次元\8UY@0MA1C}U1V7KTX%IGV5J.JPG	D:\图片\三次元\8UY@0MA1C}U1V7KTX%IGV5J.png
D:\图片\三次元\8XHOF41R}PRU(J6YP{~2WPJ.JPG	D:\图片\三次元\8XHOF41R}PRU(J6YP{~2WPJ.png
D:\图片\三次元\8_CBTP3@L7311QBG2I4%MO8.jpg	D:\图片\三次元\8_CBTP3@L7311QBG2I4%MO8.png
D:\图片\三次元\8{}Z5CT@YM)3(CUYW$Y~8NL.jpg	D:\图片\三次元\8{}Z5CT@YM)3(CUYW$Y~8NL.png
D:\图片\三次元\99%RC}Z{(W)W{V78ZLL]X5S_tmb (2024_11_13 09_19_52 UTC).jpg	D:\图片\三次元\99%RC}Z{(W)W{V78ZLL]X5S_tmb (2024_11_13 09_19_52 UTC).png
D:\图片\三次元\9DAR3{WHT$W%9}9(3%F0QPH.jpg	D:\图片\三次元\9DAR3{WHT$W%9}9(3%F0QPH.png
D:\图片\三次元\9Q]0{@4%GZ99WZ[][`)S1ED_tmb (2024_11_13 09_19_52 UTC).bmp	D:\图片\三次元\9Q]0{@4%GZ99WZ[][`)S1ED_tmb (2024_11_13 09_19_52 UTC).jpg
D:\图片\三次元\9Q_1$B3F{Q_FBRS{DQ`V7DK.jpg	D:\图片\三次元\9Q_1$B3F{Q_FBRS{DQ`V7DK.png
D:\图片\三次元\E1{)]0KCWVZ_3AIH8W6K{HM.jpg	D:\图片\三次元\E1{)]0KCWVZ_3AIH8W6K{HM.png
D:\图片\三次元\J%@DWM3XZG$_~)(D`LH06ZD.jpg	D:\图片\三次元\J%@DWM3XZG$_~)(D`LH06ZD.png
D:\图片\三次元\KYVTE5`AI%9FAK5Y[0KZV1Z.jpg	D:\图片\三次元\KYVTE5`AI%9FAK5Y[0KZV1Z.png
D:\图片\三次元\O`E`P@_%_H84YJIG$NG5]WT.jpg	D:\图片\三次元\O`E`P@_%_H84YJIG$NG5]WT.png
D:\图片\三次元\QM_S_HV1@G_TL2%~ZHYVZXH.jpg	D:\图片\三次元\QM_S_HV1@G_TL2%~ZHYVZXH.png
D:\图片\三次元\T1@))V6$DNJZ{{U0$W_PINE_tmb (2024_11_13 09_19_52 UTC).bmp	D:\图片\三次元\T1@))V6$DNJZ{{U0$W_PINE_tmb (2024_11_13 09_19_52 UTC).jpg
D:\图片\三次元\{6H1A`ICZRM2QS9QW0S2Q4P_tmb (2024_11_13 09_19_52 UTC).bmp	D:\图片\三次元\{6H1A`ICZRM2QS9QW0S2Q4P_tmb (2024_11_13 09_19_52 UTC).jpg
D:\图片\三次元\}TXXAEP}DGQ1CH6)3{(}VK6.jpg	D:\图片\三次元\}TXXAEP}DGQ1CH6)3{(}VK6.png
D:\图片\备份\2023-05-07\OE{ZO567`}ZO1~O6SV@3(52_tmb (2024_11_13 09_19_52 UTC).png	D:\图片\备份\2023-05-07\OE{ZO567`}ZO1~O6SV@3(52_tmb (2024_11_13 09_19_52 UTC).jpg
D:\图片\备份\2023-05-11\K55_USMT58@JKQ$2{LXVNN9_tmb (2024_11_13 09_19_52 UTC).bmp	D:\图片\备份\2023-05-11\K55_USMT58@JKQ$2{LXVNN9_tmb (2024_11_13 09_19_52 UTC).jpg
D:\图片\备份\2023-05-11\U%N@8G}1DQ]YNI641{})C57_tmb (2024_11_13 09_19_52 UTC).bmp	D:\图片\备份\2023-05-11\U%N@8G}1DQ]YNI641{})C57_tmb (2024_11_13 09_19_52 UTC).jpg
D:\图片\备份\2023-05-17\28`$YW4~Q0UOPQFHI4(0}{O_tmb (2024_11_13 09_19_52 UTC).bmp	D:\图片\备份\2023-05-17\28`$YW4~Q0UOPQFHI4(0}{O_tmb (2024_11_13 09_19_52 UTC).jpg
D:\图片\备份\2023-05-18\34[B6@4R065~JCQUY${Y5VT_tmb (2024_11_13 09_19_52 UTC).bmp	D:\图片\备份\2023-05-18\34[B6@4R065~JCQUY${Y5VT_tmb (2024_11_13 09_19_52 UTC).jpg
D:\图片\备份\2023-05-18\7TAUR{Q22Y3WFA_4%XELQ5W_tmb (2024_11_13 09_19_52 UTC).bmp	D:\图片\备份\2023-05-18\7TAUR{Q22Y3WFA_4%XELQ5W_tmb (2024_11_13 09_19_52 UTC).jpg
D:\图片\备份\2023-05-18\@6{K8{$P(0I6IX~LFH%C_12_tmb (2024_11_13 09_19_52 UTC).bmp	D:\图片\备份\2023-05-18\@6{K8{$P(0I6IX~LFH%C_12_tmb (2024_11_13 09_19_52 UTC).jpg
D:\图片\备份\2023-05-18\VVYM4W](586%50{RP9`Q~5D_tmb (2024_11_13 09_19_52 UTC).bmp	D:\图片\备份\2023-05-18\VVYM4W](586%50{RP9`Q~5D_tmb (2024_11_13 09_19_52 UTC).jpg
D:\图片\备份\2023-05-20\9LJW]JM6MT}}I~RVD3J{1JO_tmb (2024_11_13 09_19_52 UTC).bmp	D:\图片\备份\2023-05-20\9LJW]JM6MT}}I~RVD3J{1JO_tmb (2024_11_13 09_19_52 UTC).jpg
D:\图片\备份\2023-05-20\P{J%EYOHQ(MU1W`L1TJZJDU_tmb (2024_11_13 09_19_52 UTC).png	D:\图片\备份\2023-05-20\P{J%EYOHQ(MU1W`L1TJZJDU_tmb (2024_11_13 09_19_52 UTC).jpg
D:\图片\备份\2023-05-26\ID)5{0%WRLG[(8J@36S@@HI_tmb (2024_11_13 09_19_52 UTC).bmp	D:\图片\备份\2023-05-26\ID)5{0%WRLG[(8J@36S@@HI_tmb (2024_11_13 09_19_52 UTC).jpg
D:\图片\备份\2023-05-27\1{DPCR(2X(X)M(18BU9F985_tmb (2024_11_13 09_19_52 UTC).bmp	D:\图片\备份\2023-05-27\1{DPCR(2X(X)M(18BU9F985_tmb (2024_11_13 09_19_52 UTC).jpg
D:\图片\备份\2023-06-07\1LN9[9M$EZ4F`R{USCT86SR_tmb (2024_11_13 09_19_52 UTC).bmp	D:\图片\备份\2023-06-07\1LN9[9M$EZ4F`R{USCT86SR_tmb (2024_11_13 09_19_52 UTC).jpg
D:\图片\备份\2023-06-12\LSW7QYVJ{(1FD%7R80T(5]1_tmb (2024_11_13 09_19_52 UTC).bmp	D:\图片\备份\2023-06-12\LSW7QYVJ{(1FD%7R80T(5]1_tmb (2024_11_13 09_19_52 UTC).jpg
D:\图片\备份\2023-06-27\2){}`CK[T8K4D1WHGG[()HM_tmb (2024_11_13 09_19_52 UTC).png	D:\图片\备份\2023-06-27\2){}`CK[T8K4D1WHGG[()HM_tmb (2024_11_13 09_19_52 UTC).jpg
D:\图片\备份\2023-06-27\8@E0S{L5K9WE8$%(KC$`){9_tmb (2024_11_13 09_19_52 UTC).bmp	D:\图片\备份\2023-06-27\8@E0S{L5K9WE8$%(KC$`){9_tmb (2024_11_13 09_19_52 UTC).jpg
D:\图片\备份\2023-06-27\HBKZTJ~@CLH~RU{6]A$GE(J_tmb (2024_11_13 09_19_52 UTC).png	D:\图片\备份\2023-06-27\HBKZTJ~@CLH~RU{6]A$GE(J_tmb (2024_11_13 09_19_52 UTC).jpg
D:\图片\备份\2023-06-28\$E%6Q5HC{R(}FED(9KWRUO9_tmb (2024_11_13 09_19_52 UTC).png	D:\图片\备份\2023-06-28\$E%6Q5HC{R(}FED(9KWRUO9_tmb (2024_11_13 09_19_52 UTC).jpg
D:\图片\备份\2023-07-01\IPSHF[I{4_M5U_TPL05M$I6_tmb (2024_11_13 09_19_52 UTC).png	D:\图片\备份\2023-07-01\IPSHF[I{4_M5U_TPL05M$I6_tmb (2024_11_13 09_19_52 UTC).jpg
D:\图片\备份\2023-07-03\HD20{`%1)PW9QT_{%A%{8YG_tmb (2024_11_13 09_19_52 UTC).bmp	D:\图片\备份\2023-07-03\HD20{`%1)PW9QT_{%A%{8YG_tmb (2024_11_13 09_19_52 UTC).jpg
D:\图片\备份\2023-07-05\(IHE96RFJGZ)HP{42D@~2PX_tmb (2024_11_13 09_19_52 UTC).bmp	D:\图片\备份\2023-07-05\(IHE96RFJGZ)HP{42D@~2PX_tmb (2024_11_13 09_19_52 UTC).jpg
D:\图片\备份\2023-07-10\Z5WELCA{Z3XYN`K8D3I}Y3X_tmb (2024_11_13 09_19_52 UTC).jpg	D:\图片\备份\2023-07-10\Z5WELCA{Z3XYN`K8D3I}Y3X_tmb (2024_11_13 09_19_52 UTC).png
D:\图片\备份\2023-07-11\ZQ_M7E`Q}%WE)(3~28XO)LN_tmb (2024_11_13 09_19_52 UTC).jpg	D:\图片\备份\2023-07-11\ZQ_M7E`Q}%WE)(3~28XO)LN_tmb (2024_11_13 09_19_52 UTC).png
D:\图片\备份\2023-07-13\FV@O$LM{~C9W%IYTP@RS)N7_tmb (2024_11_13 09_19_52 UTC).bmp	D:\图片\备份\2023-07-13\FV@O$LM{~C9W%IYTP@RS)N7_tmb (2024_11_13 09_19_52 UTC).jpg
D:\图片\备份\2023-07-19\2{NWU61O_EY3UXN1I$MI2(L_tmb (2024_11_13 09_19_52 UTC).bmp	D:\图片\备份\2023-07-19\2{NWU61O_EY3UXN1I$MI2(L_tmb (2024_11_13 09_19_52 UTC).jpg
D:\图片\备份\2023-07-19\I}A6K`U8{YVV]E7_747HRNA_tmb (2024_11_13 09_19_52 UTC).bmp	D:\图片\备份\2023-07-19\I}A6K`U8{YVV]E7_747HRNA_tmb (2024_11_13 09_19_52 UTC).jpg
D:\图片\备份\2023-07-20\8ASBW[(`0]SQ9UTM45(AT{C_tmb (2024_11_13 09_19_52 UTC).bmp	D:\图片\备份\2023-07-20\8ASBW[(`0]SQ9UTM45(AT{C_tmb (2024_11_13 09_19_52 UTC).png
D:\图片\备份\2023-07-26\IDYMOR[4(X3WYOAPW[_YU{2_tmb (2024_11_13 09_19_52 UTC).png	D:\图片\备份\2023-07-26\IDYMOR[4(X3WYOAPW[_YU{2_tmb (2024_11_13 09_19_52 UTC).jpg
D:\图片\备份\2023-07-27\[I02B4WGA{M(2ZY9J[)M]~8_tmb (2024_11_13 09_19_52 UTC).bmp	D:\图片\备份\2023-07-27\[I02B4WGA{M(2ZY9J[)M]~8_tmb (2024_11_13 09_19_52 UTC).jpg
D:\图片\备份\2023-07-31\3)QV19`XJV(%ASS%}%IIN{N_tmb (2024_11_13 09_19_52 UTC).png	D:\图片\备份\2023-07-31\3)QV19`XJV(%ASS%}%IIN{N_tmb (2024_11_13 09_19_52 UTC).jpg
D:\图片\备份\2023-08-03\H[W7T1S55X%}8$2~XC{O@D5_tmb (2024_11_13 09_19_52 UTC).bmp	D:\图片\备份\2023-08-03\H[W7T1S55X%}8$2~XC{O@D5_tmb (2024_11_13 09_19_52 UTC).jpg
D:\图片\备份\2023-08-03\LK`YSQ1B]]Y)J0Q~{U}O(5G (2024_11_13 09_19_52 UTC).jpg	D:\图片\备份\2023-08-03\LK`YSQ1B]]Y)J0Q~{U}O(5G (2024_11_13 09_19_52 UTC).gif
D:\图片\备份\2023-08-03\{3T981T)ZTFW$0%LLF61GGX_tmb (2024_11_13 09_19_52 UTC).png	D:\图片\备份\2023-08-03\{3T981T)ZTFW$0%LLF61GGX_tmb (2024_11_13 09_19_52 UTC).jpg
D:\图片\备份\2023-08-04\~03~@$71B{L)18${9J1ANT1_tmb (2024_11_13 09_19_52 UTC).png	D:\图片\备份\2023-08-04\~03~@$71B{L)18${9J1ANT1_tmb (2024_11_13 09_19_52 UTC).jpg
D:\图片\备份\2023-08-15\3{WXZK5AN(([~995{ZRPKED_tmb (2024_11_13 09_19_52 UTC).png	D:\图片\备份\2023-08-15\3{WXZK5AN(([~995{ZRPKED_tmb (2024_11_13 09_19_52 UTC).jpg
D:\图片\备份\2023-08-15\WGNM@A0EF)LOY8X{N{Z0WLI_tmb (2024_11_13 09_19_52 UTC).png	D:\图片\备份\2023-08-15\WGNM@A0EF)LOY8X{N{Z0WLI_tmb (2024_11_13 09_19_52 UTC).jpg
D:\图片\备份\2023-08-16\G%EH$(TCI){0`KQNJ0NC7J7_tmb (2024_11_13 09_19_52 UTC).png	D:\图片\备份\2023-08-16\G%EH$(TCI){0`KQNJ0NC7J7_tmb (2024_11_13 09_19_52 UTC).jpg
D:\图片\备份\2023-08-24\653INH}WJF(I7(PR%J8{RZO_tmb (2024_11_13 09_19_52 UTC).jpg	D:\图片\备份\2023-08-24\653INH}WJF(I7(PR%J8{RZO_tmb (2024_11_13 09_19_52 UTC).png
D:\图片\备份\2023-08-25\SE[KX926395$GU{IOJ2O863_tmb (2024_11_13 09_19_52 UTC).png	D:\图片\备份\2023-08-25\SE[KX926395$GU{IOJ2O863_tmb (2024_11_13 09_19_52 UTC).jpg
D:\图片\备份\2023-08-30\HXE(LLCF49@ELQKD43{D`LQ_tmb (2024_11_13 09_19_52 UTC).png	D:\图片\备份\2023-08-30\HXE(LLCF49@ELQKD43{D`LQ_tmb (2024_11_13 09_19_52 UTC).jpg
D:\图片\备份\2023-08-31\CBF701F2K]8~O3(T6`YZ{Z5_tmb (2024_11_13 09_19_52 UTC).PNG	D:\图片\备份\2023-08-31\CBF701F2K]8~O3(T6`YZ{Z5_tmb (2024_11_13 09_19_52 UTC).jpg
D:\图片\备份\2023-08-31\X`GA54X}{D@RGYEMHRLE[CU_tmb (2024_11_13 09_19_52 UTC).PNG	D:\图片\备份\2023-08-31\X`GA54X}{D@RGYEMHRLE[CU_tmb (2024_11_13 09_19_52 UTC).jpg
D:\图片\备份\2023-09-02\6$MW~4C{MOKAZWS8(`(PJ0F_tmb (2024_11_13 09_19_52 UTC).png	D:\图片\备份\2023-09-02\6$MW~4C{MOKAZWS8(`(PJ0F_tmb (2024_11_13 09_19_52 UTC).jpg
D:\图片\备份\2023-09-04\5O($5%KM~`S{T5N(6LX$U}A_tmb (2024_11_13 09_19_52 UTC).PNG	D:\图片\备份\2023-09-04\5O($5%KM~`S{T5N(6LX$U}A_tmb (2024_11_13 09_19_52 UTC).jpg
D:\图片\备份\2023-09-04\8Q%H(6}8P@OKW[{0JK)0I02_tmb (2024_11_13 09_19_52 UTC).PNG	D:\图片\备份\2023-09-04\8Q%H(6}8P@OKW[{0JK)0I02_tmb (2024_11_13 09_19_52 UTC).jpg
D:\图片\备份\2023-09-04\Z$JM{TD1$X6_T)`1W`2GS]J_tmb (2024_11_13 09_19_52 UTC).PNG	D:\图片\备份\2023-09-04\Z$JM{TD1$X6_T)`1W`2GS]J_tmb (2024_11_13 09_19_52 UTC).jpg
D:\图片\备份\2023-09-05\@X[`1M~@AWLA%X{CFSNZT3O_tmb (2024_11_13 09_19_52 UTC).png	D:\图片\备份\2023-09-05\@X[`1M~@AWLA%X{CFSNZT3O_tmb (2024_11_13 09_19_52 UTC).jpg
D:\图片\备份\2023-09-07\6`{GH2]N@PDH9%DC%)K8{HN_tmb (2024_11_13 09_19_52 UTC).png	D:\图片\备份\2023-09-07\6`{GH2]N@PDH9%DC%)K8{HN_tmb (2024_11_13 09_19_52 UTC).jpg
D:\图片\备份\2023-09-07\_N@XS2@@M}PX$@OK{Z)33TU_tmb (2024_11_13 09_19_52 UTC).PNG	D:\图片\备份\2023-09-07\_N@XS2@@M}PX$@OK{Z)33TU_tmb (2024_11_13 09_19_52 UTC).jpg
D:\图片\备份\2023-09-08\RI]IG6BCFDUSJ]%3N{@{HS9_tmb (2024_11_13 09_19_52 UTC).PNG	D:\图片\备份\2023-09-08\RI]IG6BCFDUSJ]%3N{@{HS9_tmb (2024_11_13 09_19_52 UTC).jpg
D:\图片\备份\2023-09-14\G$Z3_)`[{L8NA]I`ZA6@281_tmb (2024_11_13 09_19_52 UTC).PNG	D:\图片\备份\2023-09-14\G$Z3_)`[{L8NA]I`ZA6@281_tmb (2024_11_13 09_19_52 UTC).jpg
D:\图片\备份\2023-09-14\J{AI6Y{0E3QP3E2X_}Z4`9S_tmb (2024_11_13 09_19_52 UTC).JPG	D:\图片\备份\2023-09-14\J{AI6Y{0E3QP3E2X_}Z4`9S_tmb (2024_11_13 09_19_52 UTC).png
D:\图片\备份\2023-09-19\_C~34UM`(F~Y{9VN0JY6ETO_tmb (2024_11_13 09_19_52 UTC).jpg	D:\图片\备份\2023-09-19\_C~34UM`(F~Y{9VN0JY6ETO_tmb (2024_11_13 09_19_52 UTC).png
D:\图片\备份\2023-09-22\98F_0C9R36OOCH4L(5{A4JI_tmb (2024_11_13 09_19_52 UTC).PNG	D:\图片\备份\2023-09-22\98F_0C9R36OOCH4L(5{A4JI_tmb (2024_11_13 09_19_52 UTC).jpg
D:\图片\备份\2023-09-23\T5[V)7H}Q]5ZC3IH72N}M{B_tmb (2024_11_13 09_19_52 UTC).png	D:\图片\备份\2023-09-23\T5[V)7H}Q]5ZC3IH72N}M{B_tmb (2024_11_13 09_19_52 UTC).jpg
D:\图片\备份\2023-09-26\J7Z@F[DBS4H{T)@K[V9(TVU_tmb (2024_11_13 09_19_52 UTC).PNG	D:\图片\备份\2023-09-26\J7Z@F[DBS4H{T)@K[V9(TVU_tmb (2024_11_13 09_19_52 UTC).jpg
D:\图片\备份\2023-09-28\]YB{GQ1WL{][20(JD7L}K)D_tmb (2024_11_13 09_19_52 UTC).png	D:\图片\备份\2023-09-28\]YB{GQ1WL{][20(JD7L}K)D_tmb (2024_11_13 09_19_52 UTC).jpg
D:\图片\备份\2023-10-08\1I{@N_J86T2$HS6Q]4F6_TM_tmb (2024_11_13 09_19_52 UTC).png	D:\图片\备份\2023-10-08\1I{@N_J86T2$HS6Q]4F6_TM_tmb (2024_11_13 09_19_52 UTC).jpg
D:\图片\备份\2023-10-10\R8YAR2_Y(DNS4O`F){8)E6D_tmb (2024_11_13 09_19_52 UTC).PNG	D:\图片\备份\2023-10-10\R8YAR2_Y(DNS4O`F){8)E6D_tmb (2024_11_13 09_19_52 UTC).jpg
D:\图片\备份\2023-10-11\Z0T{LQ@6{7I92@4{`EFYZYS_tmb (2024_11_13 09_19_52 UTC).png	D:\图片\备份\2023-10-11\Z0T{LQ@6{7I92@4{`EFYZYS_tmb (2024_11_13 09_19_52 UTC).jpg
D:\图片\备份\2023-10-23\8LIOAJ%@Z44)0WOQUHXV_2U_tmb (2024_11_13 09_19_52 UTC).jpg	D:\图片\备份\2023-10-23\8LIOAJ%@Z44)0WOQUHXV_2U_tmb (2024_11_13 09_19_52 UTC).png
D:\图片\备份\2023-10-24\3PWRZL]ZCAMX9%YD5[%0@9U_tmb (2024_11_13 09_19_52 UTC).jpg	D:\图片\备份\2023-10-24\3PWRZL]ZCAMX9%YD5[%0@9U_tmb (2024_11_13 09_19_52 UTC).gif
D:\图片\备份\2023-10-24\]Q55YJ1%]7@~G%})L0`_ZPE_tmb (2024_11_13 09_19_52 UTC).jpg	D:\图片\备份\2023-10-24\]Q55YJ1%]7@~G%})L0`_ZPE_tmb (2024_11_13 09_19_52 UTC).gif
D:\图片\备份\2023-10-25\61L(L01~T@AW02{Y26W(J(K_tmb (2024_11_13 09_19_52 UTC).jpg	D:\图片\备份\2023-10-25\61L(L01~T@AW02{Y26W(J(K_tmb (2024_11_13 09_19_52 UTC).png
D:\图片\备份\2023-10-25\YVJ55W4L[1C8BFA9)KV{(4D_tmb (2024_11_13 09_19_52 UTC).png	D:\图片\备份\2023-10-25\YVJ55W4L[1C8BFA9)KV{(4D_tmb (2024_11_13 09_19_52 UTC).jpg
D:\图片\备份\2023-10-26\X[@DE{ZA}QAYAKRRMR6LD}A_tmb (2024_11_13 09_19_52 UTC).png	D:\图片\备份\2023-10-26\X[@DE{ZA}QAYAKRRMR6LD}A_tmb (2024_11_13 09_19_52 UTC).jpg
D:\图片\备份\2023-10-30\F%EO{J6{V)9@8{H[ZA%`TD3_tmb (2024_11_13 09_19_52 UTC).jpg	D:\图片\备份\2023-10-30\F%EO{J6{V)9@8{H[ZA%`TD3_tmb (2024_11_13 09_19_52 UTC).png
D:\图片\备份\2023-11-03\A{XU$98YAI$$]3JFPAIL(%N_tmb (2024_11_13 09_19_52 UTC).png	D:\图片\备份\2023-11-03\A{XU$98YAI$$]3JFPAIL(%N_tmb (2024_11_13 09_19_52 UTC).jpg
D:\图片\备份\2023-11-03\I66N[%DNB}JZ28Z09%%2[C1_tmb (2024_11_13 09_19_52 UTC).jpg	D:\图片\备份\2023-11-03\I66N[%DNB}JZ28Z09%%2[C1_tmb (2024_11_13 09_19_52 UTC).png
D:\图片\备份\2023-11-09\2J%2BNPSM~{[V`NU$0IL%Q3_tmb (2024_11_13 09_19_52 UTC).png	D:\图片\备份\2023-11-09\2J%2BNPSM~{[V`NU$0IL%Q3_tmb (2024_11_13 09_19_52 UTC).jpg
D:\图片\备份\2023-11-09\[30NT{${EBQ4S1MV0L_5O2S_tmb (2024_11_13 09_19_52 UTC).png	D:\图片\备份\2023-11-09\[30NT{${EBQ4S1MV0L_5O2S_tmb (2024_11_13 09_19_52 UTC).jpg
D:\图片\备份\2023-11-09\{4]H3@M6XY`BP4]4]][T1EL_tmb (2024_11_13 09_19_52 UTC).png	D:\图片\备份\2023-11-09\{4]H3@M6XY`BP4]4]][T1EL_tmb (2024_11_13 09_19_52 UTC).jpg
D:\图片\备份\2025-03-10\APB45(G)2L1{%A$HJGB]JD8.jpg	D:\图片\备份\2025-03-10\APB45(G)2L1{%A$HJGB]JD8.gif
D:\图片\备份\2025-03-11\C_)FE{CF4LWJ$V]_FCXWL(H.jpg	D:\图片\备份\2025-03-11\C_)FE{CF4LWJ$V]_FCXWL(H.png
D:\图片\备份\2025-03-11\G`G40_Y}421VI)AKTG@D{~T.jpg	D:\图片\备份\2025-03-11\G`G40_Y}421VI)AKTG@D{~T.png
D:\图片\备份\2025-03-11\H)%Y{6G_T33Y9_BY@NRXR[7.jpg	D:\图片\备份\2025-03-11\H)%Y{6G_T33Y9_BY@NRXR[7.png
D:\图片\备份\2025-03-12\@%ZJJ~}B4PPLD(TZ83SWXA3.jpg	D:\图片\备份\2025-03-12\@%ZJJ~}B4PPLD(TZ83SWXA3.png
D:\图片\备份\2025-03-12\A{3P[3]TL96@J{D[NTWVYDR.jpg	D:\图片\备份\2025-03-12\A{3P[3]TL96@J{D[NTWVYDR.png
D:\图片\备份\2025-03-12\DPK]C{MW0[]PO)3_1BAEL43.jpg	D:\图片\备份\2025-03-12\DPK]C{MW0[]PO)3_1BAEL43.png
D:\图片\备份\2025-03-12\E$G$5VK@QQJEPT{ITVRFK%O.jpg	D:\图片\备份\2025-03-12\E$G$5VK@QQJEPT{ITVRFK%O.png
D:\图片\备份\2025-03-12\LA%U){`W()TTOXRRG4NJOMV.jpg	D:\图片\备份\2025-03-12\LA%U){`W()TTOXRRG4NJOMV.png
D:\图片\备份\2025-03-12\TU75[27[_K3%Z7G@{0EGD7A.jpg	D:\图片\备份\2025-03-12\TU75[27[_K3%Z7G@{0EGD7A.png
D:\图片\备份\2025-03-12\YO%O@%OR~8@[97%`WD4~_07.jpg	D:\图片\备份\2025-03-12\YO%O@%OR~8@[97%`WD4~_07.png
D:\图片\备份\2025-03-12\[IVKQ]_1HGZ787AK{2%LOUH.jpg	D:\图片\备份\2025-03-12\[IVKQ]_1HGZ787AK{2%LOUH.png
D:\图片\备份\2025-03-12\{$(KYA[~{4H7`81``QCG706.jpg	D:\图片\备份\2025-03-12\{$(KYA[~{4H7`81``QCG706.png
D:\图片\备份\2025-03-13\%5941GD0SWEXTOTHS%OY9{P.jpg	D:\图片\备份\2025-03-13\%5941GD0SWEXTOTHS%OY9{P.png
D:\图片\备份\2025-03-13\E]9JC92)WGEZ8`P%PPY0UZP.jpg	D:\图片\备份\2025-03-13\E]9JC92)WGEZ8`P%PPY0UZP.png
D:\图片\备份\2025-03-13\F{@~@Z78YXA(G_%H$9`UHDK.jpg	D:\图片\备份\2025-03-13\F{@~@Z78YXA(G_%H$9`UHDK.png
D:\图片\备份\2025-03-13\IH%B_Z[%MS9K4VX[KWKL]UL.jpg	D:\图片\备份\2025-03-13\IH%B_Z[%MS9K4VX[KWKL]UL.png
D:\图片\备份\2025-03-13\WZ})){]}2J_9L2]PLEC1}HN.jpg	D:\图片\备份\2025-03-13\WZ})){]}2J_9L2]PLEC1}HN.png
D:\图片\备份\2025-03-13\{ACEI%`X0EGMQ256Y1D7FHN.jpg	D:\图片\备份\2025-03-13\{ACEI%`X0EGMQ256Y1D7FHN.png
D:\图片\备份\2025-03-14\%]8T)51N5)JSOISHYO)AE@U.jpg	D:\图片\备份\2025-03-14\%]8T)51N5)JSOISHYO)AE@U.png
D:\图片\备份\2025-03-14\S@40CQQWME40K$T$1{X$BUI.jpg	D:\图片\备份\2025-03-14\S@40CQQWME40K$T$1{X$BUI.png
D:\图片\备份\2025-03-14\Y%~}HLBS@90IM5Z(EVI04TD.jpg	D:\图片\备份\2025-03-14\Y%~}HLBS@90IM5Z(EVI04TD.png
D:\图片\备份\2025-03-14\YTX%{T}DL8[ZFH}R1AAX59Y.jpg	D:\图片\备份\2025-03-14\YTX%{T}DL8[ZFH}R1AAX59Y.png
D:\图片\备份\2025-03-15\$D(4%UGUCN$$XLWK2CDRE$X.jpg	D:\图片\备份\2025-03-15\$D(4%UGUCN$$XLWK2CDRE$X.png
D:\图片\备份\2025-03-15\$XZ{X5MC(R_BDUE(S5Q89K6.jpg	D:\图片\备份\2025-03-15\$XZ{X5MC(R_BDUE(S5Q89K6.png
D:\图片\备份\2025-03-15\2M]{ELFTBX)NPW{D0)UE@~B.jpg	D:\图片\备份\2025-03-15\2M]{ELFTBX)NPW{D0)UE@~B.png
D:\图片\备份\2025-03-15\5K13{{_3@W09ZB]O[P831FI.jpg	D:\图片\备份\2025-03-15\5K13{{_3@W09ZB]O[P831FI.png
D:\图片\备份\2025-03-15\6T5IMF%$~7`N1LRVAY91~W1.jpg	D:\图片\备份\2025-03-15\6T5IMF%$~7`N1LRVAY91~W1.png
D:\图片\备份\2025-03-15\8[_3H(@@3FBJT38{0SE{}@1.jpg	D:\图片\备份\2025-03-15\8[_3H(@@3FBJT38{0SE{}@1.png
D:\图片\备份\2025-03-15\A]V[_J9{CP9A%XDMBU6F)]W.jpg	D:\图片\备份\2025-03-15\A]V[_J9{CP9A%XDMBU6F)]W.png
D:\图片\备份\2025-03-15\EB3IDUS3DC[]LX~2T`Y%[KI.jpg	D:\图片\备份\2025-03-15\EB3IDUS3DC[]LX~2T`Y%[KI.png
D:\图片\备份\2025-03-15\M%Z6V)%2CXR@JG4BSY{OMRU.jpg	D:\图片\备份\2025-03-15\M%Z6V)%2CXR@JG4BSY{OMRU.png
D:\图片\备份\2025-03-15\OUNO7TJ59GL1D`{_QN@BQ_V.jpg	D:\图片\备份\2025-03-15\OUNO7TJ59GL1D`{_QN@BQ_V.png
D:\图片\备份\2025-03-15\QPQ0B930%BQ@$R$H(IUU04K.jpg	D:\图片\备份\2025-03-15\QPQ0B930%BQ@$R$H(IUU04K.png
D:\图片\备份\2025-03-15\ZH5(8]U(Q`6IS4O2)$%73IT.jpg	D:\图片\备份\2025-03-15\ZH5(8]U(Q`6IS4O2)$%73IT.png
D:\图片\备份\2025-03-15\ZKJ%U17F]U]7BFI397W~R[4.jpg	D:\图片\备份\2025-03-15\ZKJ%U17F]U]7BFI397W~R[4.png
D:\图片\备份\2025-03-16\6@6`NZI@1_P{TNI048BKEI0.jpg	D:\图片\备份\2025-03-16\6@6`NZI@1_P{TNI048BKEI0.png
D:\图片\备份\2025-03-16\8}_70J8C4@$F[Q(2{UU4IYI.jpg	D:\图片\备份\2025-03-16\8}_70J8C4@$F[Q(2{UU4IYI.png
D:\图片\备份\2025-03-16\MSU%WF}7)PX1RM7U4YQ33GL.jpg	D:\图片\备份\2025-03-16\MSU%WF}7)PX1RM7U4YQ33GL.png
D:\图片\备份\2025-03-16\NU5MZ31[SEKHJQ6AI}{F`49.jpg	D:\图片\备份\2025-03-16\NU5MZ31[SEKHJQ6AI}{F`49.png
D:\图片\备份\2025-03-16\W5KI25O5G`{LWZA`VTB1{KA.jpg	D:\图片\备份\2025-03-16\W5KI25O5G`{LWZA`VTB1{KA.png
D:\图片\备份\2025-03-18\E5EN$4DANFAR0Y)9M){)LE7.JPG	D:\图片\备份\2025-03-18\E5EN$4DANFAR0Y)9M){)LE7.png
D:\图片\备份\2025-03-18\O1C{T9$00)W)TI0F[@@_MHX.JPG	D:\图片\备份\2025-03-18\O1C{T9$00)W)TI0F[@@_MHX.png
D:\图片\备份\2025-03-19\16$9(3CFU9DU~BLV{]$40JL.jpg	D:\图片\备份\2025-03-19\16$9(3CFU9DU~BLV{]$40JL.png
D:\图片\备份\2025-03-19\18WB}Q@_MV}E)%DI56@$4{0.JPG	D:\图片\备份\2025-03-19\18WB}Q@_MV}E)%DI56@$4{0.png
D:\图片\备份\2025-03-19\2YS_T91OZBGRAX3Y{39UXJ0.jpg	D:\图片\备份\2025-03-19\2YS_T91OZBGRAX3Y{39UXJ0.png
D:\图片\备份\2025-03-19\DF_V%TWZ8%_WYXCLI@[BMLJ.JPG	D:\图片\备份\2025-03-19\DF_V%TWZ8%_WYXCLI@[BMLJ.png
D:\图片\备份\2025-03-19\M@_%PF}EC1S0LVUPBGY3]{3.jpg	D:\图片\备份\2025-03-19\M@_%PF}EC1S0LVUPBGY3]{3.png
D:\图片\备份\2025-03-19\O7U9]X4}[LB%H$(~V80L_9V.jpg	D:\图片\备份\2025-03-19\O7U9]X4}[LB%H$(~V80L_9V.png
D:\图片\备份\2025-03-19\P_8_0%2_F`N~046`PEVJL{S.JPG	D:\图片\备份\2025-03-19\P_8_0%2_F`N~046`PEVJL{S.png
D:\图片\备份\2025-03-19\S)6V$D{3I1S3[C@4S2I$Z[G.jpg	D:\图片\备份\2025-03-19\S)6V$D{3I1S3[C@4S2I$Z[G.png
D:\图片\备份\2025-03-19\VVBC%QW%0}R)R)M6(9A(3XM.jpg	D:\图片\备份\2025-03-19\VVBC%QW%0}R)R)M6(9A(3XM.png
D:\图片\备份\2025-03-19\}{1PG4IVN$E9__YHHP3JBWQ.jpg	D:\图片\备份\2025-03-19\}{1PG4IVN$E9__YHHP3JBWQ.png
D:\图片\备份\2025-03-25\UY1Y6RXD%)PCC7AY6FOK0Y5.jpg	D:\图片\备份\2025-03-25\UY1Y6RXD%)PCC7AY6FOK0Y5.png
D:\图片\备份\2025-04-01\$RQF%667$UVE`AD}$%2YDJD.jpg	D:\图片\备份\2025-04-01\$RQF%667$UVE`AD}$%2YDJD.png
D:\图片\备份\2025-04-01\%_S96WKWXYKIQL_E5R(0N$P.jpg	D:\图片\备份\2025-04-01\%_S96WKWXYKIQL_E5R(0N$P.png
D:\图片\备份\2025-04-01\5XEICEFHJW0N([NR5(X[M{D.jpg	D:\图片\备份\2025-04-01\5XEICEFHJW0N([NR5(X[M{D.png
D:\图片\备份\2025-04-01\RIV1]2I[2K1%F5O7RKR(3BX.jpg	D:\图片\备份\2025-04-01\RIV1]2I[2K1%F5O7RKR(3BX.png
D:\图片\备份\2025-04-01\T}{IIRY%K[UUY}GJLL68`BF.jpg	D:\图片\备份\2025-04-01\T}{IIRY%K[UUY}GJLL68`BF.png
D:\图片\备份\2025-04-01\YEK6X5$M75}8%B]$4$Y`RTK.jpg	D:\图片\备份\2025-04-01\YEK6X5$M75}8%B]$4$Y`RTK.png
D:\图片\备份\2025-04-01\{X{(79CQ5L5$]]AR8GXXGIH.jpg	D:\图片\备份\2025-04-01\{X{(79CQ5L5$]]AR8GXXGIH.png
D:\图片\备份\2025-04-01\{`B@~BDJXI9CSZV1]P)LIO1.jpg	D:\图片\备份\2025-04-01\{`B@~BDJXI9CSZV1]P)LIO1.png
D:\图片\备份\2025-04-01\~_N9SVZ44YEUG69X9(V~{SM.jpg	D:\图片\备份\2025-04-01\~_N9SVZ44YEUG69X9(V~{SM.png
D:\图片\备份\2025-04-02\O`~X1VR4`ULK_9YQ}{C_}NN.JPG	D:\图片\备份\2025-04-02\O`~X1VR4`ULK_9YQ}{C_}NN.png
D:\图片\备份\2025-04-02\UK1{6QGS]MFL6F@O6HC9D0Y.jpg	D:\图片\备份\2025-04-02\UK1{6QGS]MFL6F@O6HC9D0Y.png
D:\图片\备份\2025-04-04\7[B(%1CXH0~V8T{B71T4}(N.jpg	D:\图片\备份\2025-04-04\7[B(%1CXH0~V8T{B71T4}(N.png
D:\图片\备份\2025-04-04\B4B87V@PJ%Z1@C@S2EAN6U0.jpg	D:\图片\备份\2025-04-04\B4B87V@PJ%Z1@C@S2EAN6U0.png
D:\图片\备份\2025-04-04\DDA}1WJZZAGO{UW73[T8CKW.jpg	D:\图片\备份\2025-04-04\DDA}1WJZZAGO{UW73[T8CKW.png
D:\图片\备份\2025-04-04\MEHOXC$XSX)9W}TMC`C]{CH.jpg	D:\图片\备份\2025-04-04\MEHOXC$XSX)9W}TMC`C]{CH.png
D:\图片\备份\2025-04-04\T_(@]A12U6PWA2{07AXT_IL.jpg	D:\图片\备份\2025-04-04\T_(@]A12U6PWA2{07AXT_IL.png
D:\图片\备份\2025-04-04\VYDLYK9~Q{`A]8)~B2OHYUH.jpg	D:\图片\备份\2025-04-04\VYDLYK9~Q{`A]8)~B2OHYUH.png
D:\图片\备份\2025-04-04\XG%6YJ7U[V`S~BUW~446W[A.jpg	D:\图片\备份\2025-04-04\XG%6YJ7U[V`S~BUW~446W[A.png
D:\图片\备份\2025-04-04\]9`CNZUQ4I]5M38ONT2PM%S.jpg	D:\图片\备份\2025-04-04\]9`CNZUQ4I]5M38ONT2PM%S.png
D:\图片\备份\2025-04-04\{7{H`RG}U4F[RKFU4SK4A@B.jpg	D:\图片\备份\2025-04-04\{7{H`RG}U4F[RKFU4SK4A@B.png
D:\图片\备份\2025-04-04\{UYE1AEW[V]W`VNISF2CJ35.jpg	D:\图片\备份\2025-04-04\{UYE1AEW[V]W`VNISF2CJ35.png
D:\图片\备份\2025-04-04\}AYHWMTVQ5Z]BN8[S~%$Z]H.jpg	D:\图片\备份\2025-04-04\}AYHWMTVQ5Z]BN8[S~%$Z]H.png
D:\图片\备份\2025-04-09\EHTW~WQ8E@9O3HCBGE{3@C5.jpg	D:\图片\备份\2025-04-09\EHTW~WQ8E@9O3HCBGE{3@C5.gif
D:\图片\备份\2025-04-11\IAZQVLC%6KE4EDZHV8L15DL.jpg	D:\图片\备份\2025-04-11\IAZQVLC%6KE4EDZHV8L15DL.png
D:\图片\备份\2025-04-14\N39$_O_A({%7R`C6XJY5%4W.jpg	D:\图片\备份\2025-04-14\N39$_O_A({%7R`C6XJY5%4W.png
D:\图片\备份\2025-04-17\AQRT]G{@I`R%F~(XCX[(_9V.jpg	D:\图片\备份\2025-04-17\AQRT]G{@I`R%F~(XCX[(_9V.png
D:\图片\备份\2025-04-17\YBA79CY[S69JW75U7{9JB`N.jpg	D:\图片\备份\2025-04-17\YBA79CY[S69JW75U7{9JB`N.png
D:\图片\备份\2025-05-09\@$%L9%1}OK$9A5~_QONKACD.jpg	D:\图片\备份\2025-05-09\@$%L9%1}OK$9A5~_QONKACD.png
D:\图片\备份\2025-05-18\H3~E{7ZB2$ZKH1LE2]@2)NF.jpg	D:\图片\备份\2025-05-18\H3~E{7ZB2$ZKH1LE2]@2)NF.png
D:\图片\备份\2025-05-19\W%MCZKLHT`1L`4255LLCH9J.jpg	D:\图片\备份\2025-05-19\W%MCZKLHT`1L`4255LLCH9J.png
D:\图片\备份\2025-05-20\DCT{V]9EKJZSVHLFIZPFM$G.jpg	D:\图片\备份\2025-05-20\DCT{V]9EKJZSVHLFIZPFM$G.png
D:\图片\备份\2025-05-20\VKJ7K4Q%1K%6$[X`8S`{VK9.jpg	D:\图片\备份\2025-05-20\VKJ7K4Q%1K%6$[X`8S`{VK9.png
D:\图片\备份\2025-05-20\}DW{8ISNB806SB(SMM(%ZAC.jpg	D:\图片\备份\2025-05-20\}DW{8ISNB806SB(SMM(%ZAC.png
D:\图片\备份\2025-05-20\~(57OLPMNGNJAI12Y64~L%C.jpg	D:\图片\备份\2025-05-20\~(57OLPMNGNJAI12Y64~L%C.png
D:\图片\备份\2025-05-26\D%H47_J$D__S_X209J7]8_T.jpg	D:\图片\备份\2025-05-26\D%H47_J$D__S_X209J7]8_T.png
D:\图片\备份\2025-05-28\ED`I`8MNQ7{H0QPVY2RIGB2.jpg	D:\图片\备份\2025-05-28\ED`I`8MNQ7{H0QPVY2RIGB2.png
D:\图片\备份\2025-05-31\%WOV`KL9ANK3VIH62K_59D1.jpg	D:\图片\备份\2025-05-31\%WOV`KL9ANK3VIH62K_59D1.png
D:\图片\备份\2025-05-31\IP9Q(`FU`Z[EI[GTD%]J_Z5.jpg	D:\图片\备份\2025-05-31\IP9Q(`FU`Z[EI[GTD%]J_Z5.png
D:\图片\备份\2025-06-11\I`16OV81{F[2T{TF$NP3_XR.jpg	D:\图片\备份\2025-06-11\I`16OV81{F[2T{TF$NP3_XR.png
D:\图片\备份\2025-06-11\L2V_{HX)1GRJ}GOWNKNK{VO.jpg	D:\图片\备份\2025-06-11\L2V_{HX)1GRJ}GOWNKNK{VO.png
D:\图片\备份\2025-06-14\8$1W~LYORUM66}{HQJW{~H1.jpg	D:\图片\备份\2025-06-14\8$1W~LYORUM66}{HQJW{~H1.png
D:\图片\备份\2025-06-14\@}J0W`{P(9Y){]PN2ZLJ(2Y.jpg	D:\图片\备份\2025-06-14\@}J0W`{P(9Y){]PN2ZLJ(2Y.png
D:\图片\备份\2025-06-14\F%02R`ZUD)S}ZDC8J`P@PAO.jpg	D:\图片\备份\2025-06-14\F%02R`ZUD)S}ZDC8J`P@PAO.png
D:\图片\备份\2025-06-14\GR8)1(@E%S664B4`U1}XAOJ.jpg	D:\图片\备份\2025-06-14\GR8)1(@E%S664B4`U1}XAOJ.png
D:\图片\备份\2025-06-14\XD_HPC%ZU_E00YIMXSWZMMI.jpg	D:\图片\备份\2025-06-14\XD_HPC%ZU_E00YIMXSWZMMI.png
D:\图片\备份\2025-06-14\](F1L022P~[B@[%4~EQ)OPX.jpg	D:\图片\备份\2025-06-14\](F1L022P~[B@[%4~EQ)OPX.png
D:\图片\备份\2025-06-19\8ZV[`{`B{U7378OFZ2T8BLS.png	D:\图片\备份\2025-06-19\8ZV[`{`B{U7378OFZ2T8BLS.jpg
D:\图片\备份\2025-06-20\MAO6VFNES_Q)~{`Q4W53X5E.jpg	D:\图片\备份\2025-06-20\MAO6VFNES_Q)~{`Q4W53X5E.webp
D:\图片\备份\2025-06-20\MFPD5(9UXK7K6%0X0PWP~MD.jpg	D:\图片\备份\2025-06-20\MFPD5(9UXK7K6%0X0PWP~MD.png
D:\图片\备份\2025-06-20\_Q9_OF~5AH7~J7NYVS(%`DA.jpg	D:\图片\备份\2025-06-20\_Q9_OF~5AH7~J7NYVS(%`DA.webp
D:\图片\备份\2025-07-30\)MZ93(OLZ2YQ1}X9OK%I5VV.jpg	D:\图片\备份\2025-07-30\)MZ93(OLZ2YQ1}X9OK%I5VV.png
D:\图片\备份\2025-07-30\8WAFV2G~JBUY[1%[5YL_`73.jpg	D:\图片\备份\2025-07-30\8WAFV2G~JBUY[1%[5YL_`73.png
D:\图片\备份\2025-07-31\(7~C8WFDN][LJ)Y%_PH@RUE.jpg	D:\图片\备份\2025-07-31\(7~C8WFDN][LJ)Y%_PH@RUE.png
D:\图片\备份\2025-08-04\ET6EB74)7]H`{@$(2JWQ[95.jpg	D:\图片\备份\2025-08-04\ET6EB74)7]H`{@$(2JWQ[95.png
D:\图片\备份\2025-08-06\56FFFH~Q)AB{}1G6S4AUFI1.jpg	D:\图片\备份\2025-08-06\56FFFH~Q)AB{}1G6S4AUFI1.png
D:\图片\备份\2025-08-06\A]3PLY@%7H)I2E(2CY]IH`3.jpg	D:\图片\备份\2025-08-06\A]3PLY@%7H)I2E(2CY]IH`3.png
D:\图片\备份\2025-08-06\PD6XB8]{$Q46NMB$06%$E@W.jpg	D:\图片\备份\2025-08-06\PD6XB8]{$Q46NMB$06%$E@W.png
D:\图片\备份\2025-08-08\6TY}DB7JLZAEMBIL7A%ZU%B.jpg	D:\图片\备份\2025-08-08\6TY}DB7JLZAEMBIL7A%ZU%B.png
D:\图片\备份\2025-08-08\6]%OSJ86SM}8E7K80RG3E_P.jpg	D:\图片\备份\2025-08-08\6]%OSJ86SM}8E7K80RG3E_P.png
D:\图片\备份\2025-08-14\K4@}QN`U`ES{SDG%%DY`WTG.jpg	D:\图片\备份\2025-08-14\K4@}QN`U`ES{SDG%%DY`WTG.png
D:\图片\备份\2025-08-18\2}JMROKKICZGAC{EWF{$FC7.jpg	D:\图片\备份\2025-08-18\2}JMROKKICZGAC{EWF{$FC7.png
D:\图片\备份\2025-08-18\7S24[OL3M0TV$TK}%TI0JHT.jpg	D:\图片\备份\2025-08-18\7S24[OL3M0TV$TK}%TI0JHT.png
D:\图片\备份\2025-08-18\E@H1{G9M85}7HT[867_9[`5.jpg	D:\图片\备份\2025-08-18\E@H1{G9M85}7HT[867_9[`5.png
D:\图片\备份\2025-08-18\OETJKIXTN00XP_%)K3WA2AS.jpg	D:\图片\备份\2025-08-18\OETJKIXTN00XP_%)K3WA2AS.png
D:\图片\备份\2025-08-18\{5XH]DHFX5AN1_RD54}KU)M.jpg	D:\图片\备份\2025-08-18\{5XH]DHFX5AN1_RD54}KU)M.png
D:\图片\备份\2025-08-19\{%XS`WFZX~${KX4HVA8QPQR.jpg	D:\图片\备份\2025-08-19\{%XS`WFZX~${KX4HVA8QPQR.png
D:\图片\备份\2025-08-23\N{MRGF%YOLTVANH)F733~3S.jpg	D:\图片\备份\2025-08-23\N{MRGF%YOLTVANH)F733~3S.png
D:\图片\备份\2025-08-23\TKARQE(SRQ_$@LC{$Q1~$(2.jpg	D:\图片\备份\2025-08-23\TKARQE(SRQ_$@LC{$Q1~$(2.png
D:\图片\备份\2025-08-27\L_25JE{MR313G@O~A~Q{}3I.JPG	D:\图片\备份\2025-08-27\L_25JE{MR313G@O~A~Q{}3I.png
D:\图片\备份\2025-08-29\KZ@TPUEYY04E~CQU98%$L(N.jpg	D:\图片\备份\2025-08-29\KZ@TPUEYY04E~CQU98%$L(N.png
D:\图片\备份\2025-08-31\LJZ4_$%0B5GXSLSJLRF(~RD.jpg	D:\图片\备份\2025-08-31\LJZ4_$%0B5GXSLSJLRF(~RD.png
D:\图片\备份\2025-09-02\A]C(O62WE6B[]`EFZMM{5PH.jpg	D:\图片\备份\2025-09-02\A]C(O62WE6B[]`EFZMM{5PH.png
D:\图片\备份\2025-09-02\M(47}L4B2%41$)ZS]DSI2$4.jpg	D:\图片\备份\2025-09-02\M(47}L4B2%41$)ZS]DSI2$4.png
D:\图片\备份\2025-09-02\RQ$C0H{NIDMNT[M@ZALSIJW.jpg	D:\图片\备份\2025-09-02\RQ$C0H{NIDMNT[M@ZALSIJW.png
D:\图片\备份\2025-09-03\33{9K%DFUEUO4K_)OA{E_8T.jpg	D:\图片\备份\2025-09-03\33{9K%DFUEUO4K_)OA{E_8T.png
D:\图片\备份\2025-09-03\V5HH6{359Z7}R`%IZX97EBI.jpg	D:\图片\备份\2025-09-03\V5HH6{359Z7}R`%IZX97EBI.png
D:\图片\备份\2025-09-03\{$BRP1GRH1N_$YTGLF)WT(F.jpg	D:\图片\备份\2025-09-03\{$BRP1GRH1N_$YTGLF)WT(F.png
D:\图片\备份\2025-09-05\97()R`Y{LE3OJC2()BO)YQ1.jpg	D:\图片\备份\2025-09-05\97()R`Y{LE3OJC2()BO)YQ1.png
D:\图片\备份\2025-09-05\_9{(9LT(F@[OATYX6W[HJJF.jpg	D:\图片\备份\2025-09-05\_9{(9LT(F@[OATYX6W[HJJF.png
D:\图片\备份\2025-09-07\JLDR}G4(}7`84$_AQT%A5)W.jpg	D:\图片\备份\2025-09-07\JLDR}G4(}7`84$_AQT%A5)W.png
D:\图片\备份\2025-09-11\AI~GUS%V0KSIOPWD_G_W441.jpg	D:\图片\备份\2025-09-11\AI~GUS%V0KSIOPWD_G_W441.gif
D:\图片\备份\2025-09-12\2QG(8J{E_RXK}@SG7[`[FFF.jpg	D:\图片\备份\2025-09-12\2QG(8J{E_RXK}@SG7[`[FFF.png
D:\图片\备份\2025-09-12\9I%}P`2IGJNU$89)W3(I]`X.jpg	D:\图片\备份\2025-09-12\9I%}P`2IGJNU$89)W3(I]`X.png
D:\图片\备份\2025-09-12\K$[%`L3IR2Y@](LW`PF15AX.jpg	D:\图片\备份\2025-09-12\K$[%`L3IR2Y@](LW`PF15AX.png
D:\图片\备份\2025-09-15\}UQ%4G81L7`Q(V%K]$KLOI4.jpg	D:\图片\备份\2025-09-15\}UQ%4G81L7`Q(V%K]$KLOI4.png
D:\图片\备份\2025-09-18\N8`8]5Z62UL[4LI7{NF~NXC.jpg	D:\图片\备份\2025-09-18\N8`8]5Z62UL[4LI7{NF~NXC.png
D:\图片\备份\2025-09-19\D2~`{$%%TQAOY~ACBU0M55X.jpg	D:\图片\备份\2025-09-19\D2~`{$%%TQAOY~ACBU0M55X.png
D:\图片\备份\2025-09-19\Y9I[8~PZ_4)6V$ISB1{MPDT.jpg	D:\图片\备份\2025-09-19\Y9I[8~PZ_4)6V$ISB1{MPDT.png
D:\图片\备份\2025-09-20\E)SY3D5{[FU9VH_5Y%QSBV5.jpg	D:\图片\备份\2025-09-20\E)SY3D5{[FU9VH_5Y%QSBV5.png
D:\图片\备份\2025-09-20\`IGS804~7LIT0$0UMI$%%VK.jpg	D:\图片\备份\2025-09-20\`IGS804~7LIT0$0UMI$%%VK.png
D:\图片\备份\2025-09-21\0FZ}5[3EAG{HBLPFGXJ$ZZG.jpg	D:\图片\备份\2025-09-21\0FZ}5[3EAG{HBLPFGXJ$ZZG.png
D:\图片\备份\2025-09-21\U)72[ZF][`[N~X{LT$QJ]KQ.jpg	D:\图片\备份\2025-09-21\U)72[ZF][`[N~X{LT$QJ]KQ.png
D:\图片\备份\2025-09-21\~}_RJO6GI6){D5OU2T$I$TD.jpg	D:\图片\备份\2025-09-21\~}_RJO6GI6){D5OU2T$I$TD.png
D:\图片\备份\2025-09-22\SBYPX%75[]8O%4)FBIQK[MD.jpg	D:\图片\备份\2025-09-22\SBYPX%75[]8O%4)FBIQK[MD.png
D:\图片\备份\2025-09-22\Z6{M`%H)RO[9M87BR]C4R1C.jpg	D:\图片\备份\2025-09-22\Z6{M`%H)RO[9M87BR]C4R1C.gif
D:\图片\备份\2025-09-23\4%G]PBT8A4}(%9~]ITZ@UWC.jpg	D:\图片\备份\2025-09-23\4%G]PBT8A4}(%9~]ITZ@UWC.png
D:\图片\备份\2025-09-23\PC%0I]BPV~GYD~0LQJVOLFL.jpg	D:\图片\备份\2025-09-23\PC%0I]BPV~GYD~0LQJVOLFL.png
D:\图片\备份\2025-09-26\P_K~AQ{UTL$TOL_WKFMO108.jpg	D:\图片\备份\2025-09-26\P_K~AQ{UTL$TOL_WKFMO108.png
D:\图片\备份\2025-09-26\}%HX80VH$)7~YA3JS{8T_1Y.jpg	D:\图片\备份\2025-09-26\}%HX80VH$)7~YA3JS{8T_1Y.png
D:\图片\备份\2025-09-27\`R(W22%O]@9_6CAZWCOGO2G.jpg	D:\图片\备份\2025-09-27\`R(W22%O]@9_6CAZWCOGO2G.png
D:\图片\备份\2025-09-28\G~KC74V6_KXVO7%F[@BC8{U.jpg	D:\图片\备份\2025-09-28\G~KC74V6_KXVO7%F[@BC8{U.png
D:\图片\备份\2025-09-29\1[%0016UKPI{5~VBU(%O_OL.jpg	D:\图片\备份\2025-09-29\1[%0016UKPI{5~VBU(%O_OL.png
D:\图片\备份\2025-09-30\3RBASZF%)%0(TUV%IEM%N96.jpg	D:\图片\备份\2025-09-30\3RBASZF%)%0(TUV%IEM%N96.png
D:\图片\备份\2025-10-04\2(H[W`S)6CJ6069U2GWLA{2.jpg	D:\图片\备份\2025-10-04\2(H[W`S)6CJ6069U2GWLA{2.png
D:\图片\备份\2025-10-05\HIX14AZPVJQ@%M8WAIO~`{H.jpg	D:\图片\备份\2025-10-05\HIX14AZPVJQ@%M8WAIO~`{H.png
D:\图片\备份\2025-10-09\(Y%XN8ZRA4D[22K4{4DQM}1.jpg	D:\图片\备份\2025-10-09\(Y%XN8ZRA4D[22K4{4DQM}1.png
D:\图片\备份\2025-10-09\VONS)9%B}G70D)F9BLT7C{U.jpg	D:\图片\备份\2025-10-09\VONS)9%B}G70D)F9BLT7C{U.png
D:\图片\备份\2025-10-10\GSN64PR1OO0`9J`KKBP(4{I.jpg	D:\图片\备份\2025-10-10\GSN64PR1OO0`9J`KKBP(4{I.png
D:\图片\备份\2025-10-11\Y0T_KMGZTNTK}N_2@6SC%EG.jpg	D:\图片\备份\2025-10-11\Y0T_KMGZTNTK}N_2@6SC%EG.png
D:\图片\备份\2025-10-12\M8OZ_U1_10MEWMJGV_S{D1T.jpg	D:\图片\备份\2025-10-12\M8OZ_U1_10MEWMJGV_S{D1T.png
D:\图片\备份\2025-10-21\GYZ}RL@FI0C2)4J`{9_1V@O.jpg	D:\图片\备份\2025-10-21\GYZ}RL@FI0C2)4J`{9_1V@O.png
D:\图片\备份\2025-10-23\)`$MDKATZ@5(63{3)WLL8DH.jpg	D:\图片\备份\2025-10-23\)`$MDKATZ@5(63{3)WLL8DH.png
D:\图片\备份\2025-10-23\1[YR7]LZMYLC}R{HIU@VPF4.jpg	D:\图片\备份\2025-10-23\1[YR7]LZMYLC}R{HIU@VPF4.png
D:\图片\备份\2025-10-23\52Z{AF@~MA9X0YJN[4_6U~T.jpg	D:\图片\备份\2025-10-23\52Z{AF@~MA9X0YJN[4_6U~T.png
D:\图片\备份\2025-10-23\CJW%@9V){GY4@YW2VFG3O_I.jpg	D:\图片\备份\2025-10-23\CJW%@9V){GY4@YW2VFG3O_I.png
D:\图片\备份\2025-10-23\UZ8ZSBA%$IQ{RLYZTULNUOM.jpg	D:\图片\备份\2025-10-23\UZ8ZSBA%$IQ{RLYZTULNUOM.png
D:\图片\备份\2025-10-23\`T}DJ_YPG)Z@7I]K{RX9(~Y.jpg	D:\图片\备份\2025-10-23\`T}DJ_YPG)Z@7I]K{RX9(~Y.png
D:\图片\备份\2025-10-24\0C1C6CVZ6)AV15KB_9{$UA5.jpg	D:\图片\备份\2025-10-24\0C1C6CVZ6)AV15KB_9{$UA5.png
D:\图片\备份\2025-10-24\`4YEMN3BI7HPNUD%3{W}GY0.jpg	D:\图片\备份\2025-10-24\`4YEMN3BI7HPNUD%3{W}GY0.png
D:\图片\备份\2025-10-26\SSDRV1`ODNI8@L%CBCJ`7J0.jpg	D:\图片\备份\2025-10-26\SSDRV1`ODNI8@L%CBCJ`7J0.png
D:\图片\备份\2025-10-26\X622T8TPV3O}PRU{92M`F6T.jpg	D:\图片\备份\2025-10-26\X622T8TPV3O}PRU{92M`F6T.png
D:\图片\备份\2025-11-02\PVNLB6GU_}2}EXR{6H]E~OA.jpg	D:\图片\备份\2025-11-02\PVNLB6GU_}2}EXR{6H]E~OA.png
D:\图片\备份\2025-11-04\J4_$%AI6}24L00EQ8@FU05M.jpg	D:\图片\备份\2025-11-04\J4_$%AI6}24L00EQ8@FU05M.png
D:\图片\备份\2025-11-06\)`]9GFE{~`48_(P$XNQ9K_F.jpg	D:\图片\备份\2025-11-06\)`]9GFE{~`48_(P$XNQ9K_F.png
D:\图片\备份\2025-11-06\DMU@}N~]91`Y%68{D7L{SAF.jpg	D:\图片\备份\2025-11-06\DMU@}N~]91`Y%68{D7L{SAF.png
D:\图片\备份\2025-11-06\M(J)FAN2~LT54U{BY2~}VCG.jpg	D:\图片\备份\2025-11-06\M(J)FAN2~LT54U{BY2~}VCG.png
D:\图片\备份\2025-11-08\A$23N@1))}]@TJ{O42(6C[6.jpg	D:\图片\备份\2025-11-08\A$23N@1))}]@TJ{O42(6C[6.png
D:\图片\备份\2025-11-09\M82@M%E923PT8HTR%WT4YHH.jpg	D:\图片\备份\2025-11-09\M82@M%E923PT8HTR%WT4YHH.png
D:\图片\备份\2025-11-10\2Q@L6G@)AKL]S{AAM}3(I}8.jpg	D:\图片\备份\2025-11-10\2Q@L6G@)AKL]S{AAM}3(I}8.png
D:\图片\备份\2025-11-10\VYS0C)4H%1G$_]HR_I5N_IS.jpg	D:\图片\备份\2025-11-10\VYS0C)4H%1G$_]HR_I5N_IS.png
D:\图片\备份\2025-11-11\]CM%G6TZ[OLC{CU_22M9(MO.jpg	D:\图片\备份\2025-11-11\]CM%G6TZ[OLC{CU_22M9(MO.png
D:\图片\备份\2025-11-13\Z[MJHTWO`~H4~J%GB0$MO{2.jpg	D:\图片\备份\2025-11-13\Z[MJHTWO`~H4~J%GB0$MO{2.png
D:\图片\备份\2025-11-18\I`_ZAYWSJ}%X@WGENWT]M9U.jpg	D:\图片\备份\2025-11-18\I`_ZAYWSJ}%X@WGENWT]M9U.png
D:\图片\备份\2025-11-19\D`H3K6J}RMQLZRX%XOBCBC0.jpg	D:\图片\备份\2025-11-19\D`H3K6J}RMQLZRX%XOBCBC0.png
D:\图片\备份\2025-12-02\J94$TOA3G{48F7VH]I6{Z0F.jpg	D:\图片\备份\2025-12-02\J94$TOA3G{48F7VH]I6{Z0F.png
D:\图片\备份\2025-12-02\RJXAE6J(9J]50]I%O``O(NP.jpg	D:\图片\备份\2025-12-02\RJXAE6J(9J]50]I%O``O(NP.png
D:\图片\备份\2025-12-26\{8HI1JL@_@HZA}$6X4}3T@5.jpg	D:\图片\备份\2025-12-26\{8HI1JL@_@HZA}$6X4}3T@5.png
D:\图片\备份\2025-12-27\_NQ4G)A6340ZDEHSB44TF{9.jpg	D:\图片\备份\2025-12-27\_NQ4G)A6340ZDEHSB44TF{9.png
D:\图片\备份\2025-12-29\M0IJX~9C)NSW$D8K%VUU7NE.jpg	D:\图片\备份\2025-12-29\M0IJX~9C)NSW$D8K%VUU7NE.png
D:\图片\备份\2026-01-16\%V4E)NXHA~%5F[(28(Q$T4J.jpg	D:\图片\备份\2026-01-16\%V4E)NXHA~%5F[(28(Q$T4J.png
D:\图片\备份\2026-01-16\ZU6@61)MQMV2DK1(SN%O(JK.jpg	D:\图片\备份\2026-01-16\ZU6@61)MQMV2DK1(SN%O(JK.png
D:\图片\备份\2026-01-18\H4Y@K0%Z]NOJ)$}SD4T3147.jpg	D:\图片\备份\2026-01-18\H4Y@K0%Z]NOJ)$}SD4T3147.png
D:\图片\备份\2026-01-20\W6O0`_QB%$1MO}5X[V73((D.jpg	D:\图片\备份\2026-01-20\W6O0`_QB%$1MO}5X[V73((D.png
D:\图片\备份\2026-01-21\4F((A{B1UY2F$$YB[L`1)31.jpg	D:\图片\备份\2026-01-21\4F((A{B1UY2F$$YB[L`1)31.png
D:\图片\备份\2026-01-24\LKRN_U_2${QKO14%@B3IYGM.jpg	D:\图片\备份\2026-01-24\LKRN_U_2${QKO14%@B3IYGM.png
D:\图片\备份\2026-01-29\98D[OMWTI%RPNED{K`Z6(`6.jpg	D:\图片\备份\2026-01-29\98D[OMWTI%RPNED{K`Z6(`6.png
D:\图片\备份\2026-01-29\BE89}6MB1O8ML]CGN0_J{X6.jpg	D:\图片\备份\2026-01-29\BE89}6MB1O8ML]CGN0_J{X6.png
D:\图片\备份\2026-02-03\GSVKUM{XAB)@KYC]%QGYBFW.jpg	D:\图片\备份\2026-02-03\GSVKUM{XAB)@KYC]%QGYBFW.png
D:\图片\备份\2026-02-08\MJ2Q%4L@SNFPYK1UH]70ZSU.jpg	D:\图片\备份\2026-02-08\MJ2Q%4L@SNFPYK1UH]70ZSU.png
D:\图片\备份\2026-02-08\P$E%`}M0BP6`M@]0~G%MZFK.jpg	D:\图片\备份\2026-02-08\P$E%`}M0BP6`M@]0~G%MZFK.png
D:\图片\备份\2026-02-24\P0B}F8EX%P8}Q%ZZ[FXM]N3.jpg	D:\图片\备份\2026-02-24\P0B}F8EX%P8}Q%ZZ[FXM]N3.png
D:\图片\备份\2026-02-24\T{Z{S}%XV{38FH%IM9$NAVP.jpg	D:\图片\备份\2026-02-24\T{Z{S}%XV{38FH%IM9$NAVP.png
D:\图片\备份\2026-03-03\8PP$X~[1_E8%]6R228DNF[K.jpg	D:\图片\备份\2026-03-03\8PP$X~[1_E8%]6R228DNF[K.png
D:\图片\备份\U@JO8%X53GVH60%E7P2QW~I.jpg	D:\图片\备份\U@JO8%X53GVH60%E7P2QW~I.png
D:\图片\有用\169@%2XVS`SO]~5T8IGXVY0.jpg	D:\图片\有用\169@%2XVS`SO]~5T8IGXVY0.png
D:\图片\有用\173AC`D$M`(NW[E]%2DS7]5.JPG	D:\图片\有用\173AC`D$M`(NW[E]%2DS7]5.png
D:\图片\有用\1HYF3]@E8LJT{{_B()HPTP2.jpg	D:\图片\有用\1HYF3]@E8LJT{{_B()HPTP2.png
D:\图片\有用\1L]U(}``L{E40NMWN@LD)K4.bmp	D:\图片\有用\1L]U(}``L{E40NMWN@LD)K4.jpg
D:\图片\有用\1O8{JH8$U_W16EBD49EBJK1.jpg	D:\图片\有用\1O8{JH8$U_W16EBD49EBJK1.png
D:\图片\有用\1{09GYH`VI}T96U)8Y9NJND.jpg	D:\图片\有用\1{09GYH`VI}T96U)8Y9NJND.png
D:\图片\有用\2%C(O05IL0EUS29(4$)AHD7.jpg	D:\图片\有用\2%C(O05IL0EUS29(4$)AHD7.png
D:\图片\有用\27R)FXH_V8O${K9OC(SM4@Q.jpg	D:\图片\有用\27R)FXH_V8O${K9OC(SM4@Q.png
D:\图片\有用\2CHLF2{SMU65~R$KRXZ$~8H.jpg	D:\图片\有用\2CHLF2{SMU65~R$KRXZ$~8H.gif
D:\图片\有用\2HW%FC70W2(D}%H87{36W`H.jpg	D:\图片\有用\2HW%FC70W2(D}%H87{36W`H.png
D:\图片\有用\2QCI6D3~A2A@7{FP{K@IJBM.JPG	D:\图片\有用\2QCI6D3~A2A@7{FP{K@IJBM.png
D:\图片\有用\2SSIVXWFR){W4C38KZLL(_0.jpg	D:\图片\有用\2SSIVXWFR){W4C38KZLL(_0.png
D:\图片\有用\2]`3SJ({~C493S[``B%HTQE.jpg	D:\图片\有用\2]`3SJ({~C493S[``B%HTQE.png
D:\图片\有用\2}_HTR{[5{{@_]9MJ[TI`AJ.jpg	D:\图片\有用\2}_HTR{[5{{@_]9MJ[TI`AJ.png
D:\图片\有用\2~]U]%KLLNL~[65{_MRSZO5.jpg	D:\图片\有用\2~]U]%KLLNL~[65{_MRSZO5.png
D:\图片\有用\3%)%MNZ{W4(`WDA_A]{0I{3.jpg	D:\图片\有用\3%)%MNZ{W4(`WDA_A]{0I{3.png
D:\图片\有用\31OMA3A)3M42`0FFL$V_8%O.jpg	D:\图片\有用\31OMA3A)3M42`0FFL$V_8%O.png
D:\图片\有用\32EG}4@26`CEME~MQVM{YIK.jpg	D:\图片\有用\32EG}4@26`CEME~MQVM{YIK.png
D:\图片\有用\32UK)92K)BN5[0G`M76{([7.jpg	D:\图片\有用\32UK)92K)BN5[0G`M76{([7.png
D:\图片\有用\32X1N3S%N42E)R)64}B26JK.JPG	D:\图片\有用\32X1N3S%N42E)R)64}B26JK.png
D:\图片\有用\341ERTYULZ[RX1_7QVX_%0X.jpg	D:\图片\有用\341ERTYULZ[RX1_7QVX_%0X.png
D:\图片\有用\37N1Z5`WAXN2{QVD)J]07SF.jpg	D:\图片\有用\37N1Z5`WAXN2{QVD)J]07SF.png
D:\图片\有用\3@{}USNJ%T_R5$JY[)SO$OC_tmb (2024_11_13 09_19_52 UTC).bmp	D:\图片\有用\3@{}USNJ%T_R5$JY[)SO$OC_tmb (2024_11_13 09_19_52 UTC).jpg
D:\图片\有用\3A]C}2_2V0@U2Q%Q~WZ(8F9.jpg	D:\图片\有用\3A]C}2_2V0@U2Q%Q~WZ(8F9.png
D:\图片\有用\3A~{FU5FU(JFYEDSN$1E``U.jpg	D:\图片\有用\3A~{FU5FU(JFYEDSN$1E``U.png
D:\图片\有用\3GMDU30L22D}KQ[_{}OV39U_tmb (2024_11_13 09_19_52 UTC).bmp	D:\图片\有用\3GMDU30L22D}KQ[_{}OV39U_tmb (2024_11_13 09_19_52 UTC).jpg
D:\图片\有用\3I9MPYHHN4P`3QX%1D54%U9.jpg	D:\图片\有用\3I9MPYHHN4P`3QX%1D54%U9.png
D:\图片\有用\3M5CZ~YFVXM$6%_FF9M3Y$F.jpg	D:\图片\有用\3M5CZ~YFVXM$6%_FF9M3Y$F.png
D:\图片\有用\3PIY(GEQDXXU}{72${}6}U9.jpg	D:\图片\有用\3PIY(GEQDXXU}{72${}6}U9.png
D:\图片\有用\3QVO_``N%Y3`V{]EG`B09J2_tmb (2024_11_13 09_19_52 UTC).bmp	D:\图片\有用\3QVO_``N%Y3`V{]EG`B09J2_tmb (2024_11_13 09_19_52 UTC).jpg
D:\图片\有用\3U`Z`KF]2)B3`@O[~Y%4E10.jpg	D:\图片\有用\3U`Z`KF]2)B3`@O[~Y%4E10.png
D:\图片\有用\3XNCL50R1%L]XR7}7Q~@]QO.jpg	D:\图片\有用\3XNCL50R1%L]XR7}7Q~@]QO.png
D:\图片\有用\3ZNT~`Y3ILF9]]`QMCL`${J.jpg	D:\图片\有用\3ZNT~`Y3ILF9]]`QMCL`${J.png
D:\图片\有用\4)WU[[3{]KY%I~BLS~Y5%BV (2024_11_13 09_19_52 UTC).bmp	D:\图片\有用\4)WU[[3{]KY%I~BLS~Y5%BV (2024_11_13 09_19_52 UTC).jpg
D:\图片\有用\9]3M4N~@%_VLWX6_8R)8$K6.jpg	D:\图片\有用\9]3M4N~@%_VLWX6_8R)8$K6.png
D:\图片\有用\@)U~C)X%4PT~_UQK$]0~L%4.jpg	D:\图片\有用\@)U~C)X%4PT~_UQK$]0~L%4.png
D:\图片\有用\@)X$JI_ZWCI%)B52`7QZW}G.jpg	D:\图片\有用\@)X$JI_ZWCI%)B52`7QZW}G.png
D:\图片\有用\@2F$BFFUWY)L`{{K$4`UB~B.jpg	D:\图片\有用\@2F$BFFUWY)L`{{K$4`UB~B.png
D:\图片\有用\@7H$@SZPA1SH5IW{9W1NUHF (2024_11_13 09_19_52 UTC).bmp	D:\图片\有用\@7H$@SZPA1SH5IW{9W1NUHF (2024_11_13 09_19_52 UTC).jpg
D:\图片\有用\@8XHG$N%FVZA8}DQI~57{`T.jpg	D:\图片\有用\@8XHG$N%FVZA8}DQI~57{`T.png
D:\图片\有用\@EB{@041H)M9271@G@BLFY4.jpg	D:\图片\有用\@EB{@041H)M9271@G@BLFY4.png
D:\图片\有用\@FHV~KNT0ARM8~_M}F{FIKH.jpg	D:\图片\有用\@FHV~KNT0ARM8~_M}F{FIKH.png
D:\图片\有用\@IK}C5{4(]{XSWA%9Q]__E5_tmb (2024_11_13 09_19_52 UTC).bmp	D:\图片\有用\@IK}C5{4(]{XSWA%9Q]__E5_tmb (2024_11_13 09_19_52 UTC).jpg
D:\图片\有用\@KRK)IEQ1QO[H48{_U_@4FK_tmb (2024_11_13 09_19_52 UTC).png	D:\图片\有用\@KRK)IEQ1QO[H48{_U_@4FK_tmb (2024_11_13 09_19_52 UTC).jpg
D:\图片\有用\@M_M]ND}EI@B2AC0MH%0H85.jpg	D:\图片\有用\@M_M]ND}EI@B2AC0MH%0H85.png
D:\图片\有用\@O0@GX_7ZSA93XT0Y9{8OW5_tmb (2024_11_13 09_19_52 UTC).bmp	D:\图片\有用\@O0@GX_7ZSA93XT0Y9{8OW5_tmb (2024_11_13 09_19_52 UTC).jpg
D:\图片\有用\@TR44F$Y$8%@2}Q@}U49LBA.jpg	D:\图片\有用\@TR44F$Y$8%@2}Q@}U49LBA.png
D:\图片\有用\@_${`9EKNKZU1D`$7I9ID3E.jpg	D:\图片\有用\@_${`9EKNKZU1D`$7I9ID3E.png
D:\图片\有用\@{2C{9N_HB%8_]$WBGLG_{M.jpg	D:\图片\有用\@{2C{9N_HB%8_]$WBGLG_{M.png
D:\图片\有用\A)BQLBPQV92H)_]6%SY~7~M.jpg	D:\图片\有用\A)BQLBPQV92H)_]6%SY~7~M.png
D:\图片\有用\A7M(E%DT%)NPQ`HF1JMJ2RJ.jpg	D:\图片\有用\A7M(E%DT%)NPQ`HF1JMJ2RJ.png
D:\图片\有用\A9{Q~WC4WXB`CK4Y4M9)UO8.jpg	D:\图片\有用\A9{Q~WC4WXB`CK4Y4M9)UO8.png
D:\图片\有用\AEP4FG`%K~MFG%KFZF6HYK2.jpg	D:\图片\有用\AEP4FG`%K~MFG%KFZF6HYK2.png
D:\图片\有用\AJ[Y9J`8Z%2PKHB{]%XHS`6_tmb (2024_11_13 09_19_52 UTC).bmp	D:\图片\有用\AJ[Y9J`8Z%2PKHB{]%XHS`6_tmb (2024_11_13 09_19_52 UTC).jpg
D:\图片\有用\AK3R5{DV{%13OEJZXBDC%)C.jpg	D:\图片\有用\AK3R5{DV{%13OEJZXBDC%)C.png
D:\图片\有用\AXZQKWV6WY~%21[(K16~S~1.JPG	D:\图片\有用\AXZQKWV6WY~%21[(K16~S~1.png
D:\图片\有用\A{4}~Q%QYUYS6OA]04JAN~E.jpg	D:\图片\有用\A{4}~Q%QYUYS6OA]04JAN~E.png
D:\图片\有用\B0ZE41{NW2OBDF_TLJ$D48T.jpg	D:\图片\有用\B0ZE41{NW2OBDF_TLJ$D48T.png
D:\图片\有用\B1]O}4H%]MZ0VB3ZTU2]5J7_tmb (2024_11_13 09_19_52 UTC).jpg	D:\图片\有用\B1]O}4H%]MZ0VB3ZTU2]5J7_tmb (2024_11_13 09_19_52 UTC).png
D:\图片\有用\B46L~Z4`IJRO]R3K7]{{P%9.jpg	D:\图片\有用\B46L~Z4`IJRO]R3K7]{{P%9.png
D:\图片\有用\B9XWZU6{3RBXA7$7RO~[K~9.jpg	D:\图片\有用\B9XWZU6{3RBXA7$7RO~[K~9.png
D:\图片\有用\BC{U0IW}KV$1UTT8Y}D}3LF_tmb (2024_11_13 09_19_52 UTC).bmp	D:\图片\有用\BC{U0IW}KV$1UTT8Y}D}3LF_tmb (2024_11_13 09_19_52 UTC).jpg
D:\图片\有用\BJHVTZSW4G)HTYARK{V(YK3.png	D:\图片\有用\BJHVTZSW4G)HTYARK{V(YK3.jpg
D:\图片\有用\BJTSWVQ`RX1YBBDR6S~%LL0.jpg	D:\图片\有用\BJTSWVQ`RX1YBBDR6S~%LL0.png
D:\图片\有用\BPG75S59Y6(N43$}OJH%G%R.jpg	D:\图片\有用\BPG75S59Y6(N43$}OJH%G%R.png
D:\图片\有用\BPS)UVFU_I(19{XUK3B8OCF.jpg	D:\图片\有用\BPS)UVFU_I(19{XUK3B8OCF.png
D:\图片\有用\BU{BZP@QKJ44C[G`5}VF5C4_tmb (2024_11_13 09_19_52 UTC).png	D:\图片\有用\BU{BZP@QKJ44C[G`5}VF5C4_tmb (2024_11_13 09_19_52 UTC).jpg
D:\图片\有用\BZ8`J[M{WNR94$%{G`_Y`I3.jpg	D:\图片\有用\BZ8`J[M{WNR94$%{G`_Y`I3.png
D:\图片\有用\BZ0BO(7XJUH%@4TM}@$IL$E.jpg	D:\图片\有用\BZ0BO(7XJUH%@4TM}@$IL$E.png
D:\图片\有用\C(6RZRCIFNJMWGZB{J]B8(U_tmb (2024_11_13 09_19_52 UTC).bmp	D:\图片\有用\C(6RZRCIFNJMWGZB{J]B8(U_tmb (2024_11_13 09_19_52 UTC).jpg
D:\图片\有用\C0Y2%{YH0`KMF7G90M@RDHJ.jpg	D:\图片\有用\C0Y2%{YH0`KMF7G90M@RDHJ.png
D:\图片\有用\C2MD8]LP_EVV4W}8GTR%E$5.jpg	D:\图片\有用\C2MD8]LP_EVV4W}8GTR%E$5.png
D:\图片\有用\CAS{9KMKHTUV5B]LTNR`TOX.jpg	D:\图片\有用\CAS{9KMKHTUV5B]LTNR`TOX.png
D:\图片\有用\CBFQWMJ%S9ROQQK$96T_WXS.JPG	D:\图片\有用\CBFQWMJ%S9ROQQK$96T_WXS.png
D:\图片\有用\CLC}HLO_]C4]1`]Z{@]9BVU_tmb (2024_11_13 09_19_52 UTC).bmp	D:\图片\有用\CLC}HLO_]C4]1`]Z{@]9BVU_tmb (2024_11_13 09_19_52 UTC).jpg
D:\图片\有用\CL`[%59WH$LPH]R[{G`7%6M.jpg	D:\图片\有用\CL`[%59WH$LPH]R[{G`7%6M.png
D:\图片\有用\CMTDZ{ZNAQ7@QQHG47%(}F8_tmb (2024_11_13 09_19_52 UTC).bmp	D:\图片\有用\CMTDZ{ZNAQ7@QQHG47%(}F8_tmb (2024_11_13 09_19_52 UTC).jpg
D:\图片\有用\CRPPBU7~~QE5~$LXR48{IMU.jpg	D:\图片\有用\CRPPBU7~~QE5~$LXR48{IMU.png
D:\图片\有用\C{83HPFNB}7}32%17D5OON5_tmb (2024_11_13 09_19_52 UTC).bmp	D:\图片\有用\C{83HPFNB}7}32%17D5OON5_tmb (2024_11_13 09_19_52 UTC).jpg
D:\图片\有用\D({QYD8M}AUFHL1XQIVL8W0.jpg	D:\图片\有用\D({QYD8M}AUFHL1XQIVL8W0.png
D:\图片\有用\D@{TXWL$ZSK8{~PGTMJMNUY.jpg	D:\图片\有用\D@{TXWL$ZSK8{~PGTMJMNUY.png
D:\图片\有用\DD)CA)U[M%17RG@{U{B3BG7.JPG	D:\图片\有用\DD)CA)U[M%17RG@{U{B3BG7.png
D:\图片\有用\DJ{TU[MLJYD0LHI}4I2)~LW.jpg	D:\图片\有用\DJ{TU[MLJYD0LHI}4I2)~LW.png
D:\图片\有用\DM()X15MWSGQI}G9{J1SW{H.jpg	D:\图片\有用\DM()X15MWSGQI}G9{J1SW{H.png
D:\图片\有用\DNO}A`S8}V[%D_`3E%Y72UH.jpg	D:\图片\有用\DNO}A`S8}V[%D_`3E%Y72UH.png
D:\图片\有用\DS9Y60V%D15C{AG1WL$6S0T_tmb (2024_11_13 09_19_52 UTC).bmp	D:\图片\有用\DS9Y60V%D15C{AG1WL$6S0T_tmb (2024_11_13 09_19_52 UTC).jpg
D:\图片\有用\D]Y{N[XY%GB)NH3`]C0@H]A.jpg	D:\图片\有用\D]Y{N[XY%GB)NH3`]C0@H]A.png
D:\图片\有用\D_S~UR_3[F{B9~U8{U%8TDH_tmb (2024_11_13 09_19_52 UTC).png	D:\图片\有用\D_S~UR_3[F{B9~U8{U%8TDH_tmb (2024_11_13 09_19_52 UTC).jpg
D:\图片\有用\E%EIJ(W8JTDLEOKF_JUFG2M.jpg	D:\图片\有用\E%EIJ(W8JTDLEOKF_JUFG2M.png
D:\图片\有用\E(7C`T@%~$2NY{QBJZMR5ZS.jpg	D:\图片\有用\E(7C`T@%~$2NY{QBJZMR5ZS.png
D:\图片\有用\E(AQVWO~479EH@)]%{)VH(E_tmb (2024_11_13 09_19_52 UTC).bmp	D:\图片\有用\E(AQVWO~479EH@)]%{)VH(E_tmb (2024_11_13 09_19_52 UTC).jpg
D:\图片\有用\E4H}0~(YRY]O{GUX_[681}V (2024_11_13 09_19_52 UTC).bmp	D:\图片\有用\E4H}0~(YRY]O{GUX_[681}V (2024_11_13 09_19_52 UTC).jpg
D:\图片\有用\E5I6${KXPE2[4)2MFEICD`V.jpg	D:\图片\有用\E5I6${KXPE2[4)2MFEICD`V.png
D:\图片\有用\E795_SX~YF${{CT$6)NU37T_tmb (2024_11_13 09_19_52 UTC).bmp	D:\图片\有用\E795_SX~YF${{CT$6)NU37T_tmb (2024_11_13 09_19_52 UTC).jpg
D:\图片\有用\E@}N_JMRM2(`0Y%DBYNEE3P.jpg	D:\图片\有用\E@}N_JMRM2(`0Y%DBYNEE3P.png
D:\图片\有用\EK81S4O)HA_@H52ZMHJ%VD1.jpg	D:\图片\有用\EK81S4O)HA_@H52ZMHJ%VD1.png
D:\图片\有用\EKQ7$AG1{N%VMS(Z2]W9B~1.JPG	D:\图片\有用\EKQ7$AG1{N%VMS(Z2]W9B~1.png
D:\图片\有用\EO5A4Z$[E@C]TFW%({H[9C5.jpg	D:\图片\有用\EO5A4Z$[E@C]TFW%({H[9C5.png
D:\图片\有用\EVP{N`7$})F0KR6}LKEA(LX_tmb (2024_11_13 09_19_52 UTC).png	D:\图片\有用\EVP{N`7$})F0KR6}LKEA(LX_tmb (2024_11_13 09_19_52 UTC).jpg
D:\图片\有用\EW}~C25C{0(X6APD2[7X_A1.jpg	D:\图片\有用\EW}~C25C{0(X6APD2[7X_A1.png
D:\图片\有用\F1[R{HXB}SHM_5~@SY@6~LC.jpg	D:\图片\有用\F1[R{HXB}SHM_5~@SY@6~LC.png
D:\图片\有用\FABL7@(5[H$8Q_[{P}HV3`O.jpg	D:\图片\有用\FABL7@(5[H$8Q_[{P}HV3`O.png
D:\图片\有用\FG6@VS[2A(D5GAIBIHMK{3I.jpg	D:\图片\有用\FG6@VS[2A(D5GAIBIHMK{3I.png
D:\图片\有用\FK_0V~Y92CM6{_S`6~NT29T.jpg	D:\图片\有用\FK_0V~Y92CM6{_S`6~NT29T.png
D:\图片\有用\FR5SA%3XDW@XM5BEU~9AN5L.jpg	D:\图片\有用\FR5SA%3XDW@XM5BEU~9AN5L.png
D:\图片\有用\FVPGHPKKCIN{`377[QOE1[7.jpg	D:\图片\有用\FVPGHPKKCIN{`377[QOE1[7.png
D:\图片\有用\F]_FC$5M]Z$]Q${N8L{3C2K.JPG	D:\图片\有用\F]_FC$5M]Z$]Q${N8L{3C2K.png
D:\图片\有用\G7SEO%OCU%_8}37}QK{9SPL.jpg	D:\图片\有用\G7SEO%OCU%_8}37}QK{9SPL.png
D:\图片\有用\G8JWP(MA[XUAE])5N{{P2VU_tmb (2024_11_13 09_19_52 UTC).png	D:\图片\有用\G8JWP(MA[XUAE])5N{{P2VU_tmb (2024_11_13 09_19_52 UTC).jpg
D:\图片\有用\G9D25%0A4}Y{JRNK{O%8}CR_tmb (2024_11_13 09_19_52 UTC).png	D:\图片\有用\G9D25%0A4}Y{JRNK{O%8}CR_tmb (2024_11_13 09_19_52 UTC).jpg
D:\图片\有用\GL{SY(%LUQ`79((WBP5ITMC.jpg	D:\图片\有用\GL{SY(%LUQ`79((WBP5ITMC.png
D:\图片\有用\GM5LMIY%)98{}V2MCLCQQ38.jpg	D:\图片\有用\GM5LMIY%)98{}V2MCLCQQ38.png
D:\图片\有用\GW8O)0@0T3P4W9%7QE)4GAK.jpg	D:\图片\有用\GW8O)0@0T3P4W9%7QE)4GAK.png
D:\图片\有用\G`$1P70VA{V4EPBXF5}40Q9.jpg	D:\图片\有用\G`$1P70VA{V4EPBXF5}40Q9.png
D:\图片\有用\H$$%F%G~`2M)LJ@PQQFEHW4.jpg	D:\图片\有用\H$$%F%G~`2M)LJ@PQQFEHW4.png
D:\图片\有用\H@DU3)CXW]2Y2(`X[BJC{{S.png	D:\图片\有用\H@DU3)CXW]2Y2(`X[BJC{{S.jpg
D:\图片\有用\HAY4]W71MDDBJZIV%BXEIAE.jpg	D:\图片\有用\HAY4]W71MDDBJZIV%BXEIAE.png
D:\图片\有用\HNQ0AOU}{[OUP$NSO{6LFIK_tmb (2024_11_13 09_19_52 UTC).bmp	D:\图片\有用\HNQ0AOU}{[OUP$NSO{6LFIK_tmb (2024_11_13 09_19_52 UTC).jpg
D:\图片\有用\HQ9@%188(@AVR21$Q]SL9MX.jpg	D:\图片\有用\HQ9@%188(@AVR21$Q]SL9MX.png
D:\图片\有用\H`Y~SV)~~2%{R]_KJMG97_9.jpg	D:\图片\有用\H`Y~SV)~~2%{R]_KJMG97_9.png
D:\图片\有用\H{S~B03Z)58GO6B19[I(3)G.jpg	D:\图片\有用\H{S~B03Z)58GO6B19[I(3)G.png
D:\图片\有用\I3ZIU42~%61S12}}6O~(}Y6.jpg	D:\图片\有用\I3ZIU42~%61S12}}6O~(}Y6.png
D:\图片\有用\I6)7T{(CPU}U~]DB870~3X4.jpg	D:\图片\有用\I6)7T{(CPU}U~]DB870~3X4.png
D:\图片\有用\J$LKMUYOZ8NO$`VT{)DK[H9.jpg	D:\图片\有用\J$LKMUYOZ8NO$`VT{)DK[H9.png
D:\图片\有用\J07_7UZVEF$3W%6SPC[B~1M.jpg	D:\图片\有用\J07_7UZVEF$3W%6SPC[B~1M.png
D:\图片\有用\JD46N`0(1`)4O%D{$`2[)7C.jpg	D:\图片\有用\JD46N`0(1`)4O%D{$`2[)7C.png
D:\图片\有用\JDJ4D((FERDTQ9TB%A[{G(C.bmp	D:\图片\有用\JDJ4D((FERDTQ9TB%A[{G(C.jpg
D:\图片\有用\J~4)MNYJ@671Y}PYKHOC%BS.jpg	D:\图片\有用\J~4)MNYJ@671Y}PYKHOC%BS.png
D:\图片\有用\K%@PWK@7~6S{P1DE~S$~BFB.jpg	D:\图片\有用\K%@PWK@7~6S{P1DE~S$~BFB.png
D:\图片\有用\K5Y(THP1{R92HSYLS`$6EIP.jpg	D:\图片\有用\K5Y(THP1{R92HSYLS`$6EIP.png
D:\图片\有用\K6U]%2BGLGJ}B8)U}MC1]N1.jpg	D:\图片\有用\K6U]%2BGLGJ}B8)U}MC1]N1.png
D:\图片\有用\KIN5I7T%1DRYD{_34I3FPLW.jpg	D:\图片\有用\KIN5I7T%1DRYD{_34I3FPLW.png
D:\图片\有用\KJI~_MVUOA%RY]WP[Z1RXOF.jpg	D:\图片\有用\KJI~_MVUOA%RY]WP[Z1RXOF.png
D:\图片\有用\KOHU2F197SL3DR9`}{GP{SY.jpg	D:\图片\有用\KOHU2F197SL3DR9`}{GP{SY.png
D:\图片\有用\KQB4$UDBOLQ4L44PKI[%_7A.jpg	D:\图片\有用\KQB4$UDBOLQ4L44PKI[%_7A.gif
D:\图片\有用\KZ`PRTRES%{LTG3%D}CRPNJ.jpg	D:\图片\有用\KZ`PRTRES%{LTG3%D}CRPNJ.png
D:\图片\有用\K_6XVL7D`%}AMHJGFR_QW4N.jpg	D:\图片\有用\K_6XVL7D`%}AMHJGFR_QW4N.gif
D:\图片\有用\L){PDFO0W~X2UT6FVD4~LQ4_tmb (2024_11_13 09_19_52 UTC).bmp	D:\图片\有用\L){PDFO0W~X2UT6FVD4~LQ4_tmb (2024_11_13 09_19_52 UTC).jpg
D:\图片\有用\L5P${WQI1%}N}{})`M932GP.JPG	D:\图片\有用\L5P${WQI1%}N}{})`M932GP.png
D:\图片\有用\L7%E6HQI)B~6]D754W8R%[H.JPG	D:\图片\有用\L7%E6HQI)B~6]D754W8R%[H.png
D:\图片\有用\L9TJ(2V(_S}0ZW55H2B]1{J_tmb (2024_11_13 09_19_52 UTC).png	D:\图片\有用\L9TJ(2V(_S}0ZW55H2B]1{J_tmb (2024_11_13 09_19_52 UTC).jpg
D:\图片\有用\LETHY_3{$SK5]V`ST1HYN37.jpg	D:\图片\有用\LETHY_3{$SK5]V`ST1HYN37.png
D:\图片\有用\LK[LR{N4NW8}LJ(_C)[JMQ9.jpg	D:\图片\有用\LK[LR{N4NW8}LJ(_C)[JMQ9.png
D:\图片\有用\M)Q}C%U38@_{@6Y9U64@HN9.jpg	D:\图片\有用\M)Q}C%U38@_{@6Y9U64@HN9.png
D:\图片\有用\M7%F}~%V5RPHZ$95%EP7L`U.jpg	D:\图片\有用\M7%F}~%V5RPHZ$95%EP7L`U.png
D:\图片\有用\M71{@IYDBTCTKSG%AZN)2]W.jpg	D:\图片\有用\M71{@IYDBTCTKSG%AZN)2]W.png
D:\图片\有用\MC[G2Z~9U{{_MO[P{FR]4`Y.jpg	D:\图片\有用\MC[G2Z~9U{{_MO[P{FR]4`Y.png
D:\图片\有用\MD%4([$(2GI@BAN5N{2IC]H_tmb (2024_11_13 09_19_52 UTC).png	D:\图片\有用\MD%4([$(2GI@BAN5N{2IC]H_tmb (2024_11_13 09_19_52 UTC).jpg
D:\图片\有用\MEK{XBJ1$HDN~I%ZIM%L4IX_tmb (2024_11_13 09_19_52 UTC).png	D:\图片\有用\MEK{XBJ1$HDN~I%ZIM%L4IX_tmb (2024_11_13 09_19_52 UTC).jpg
D:\图片\有用\MKP1~XABH3L(L(3VZ){I6NT.JPG	D:\图片\有用\MKP1~XABH3L(L(3VZ){I6NT.png
D:\图片\有用\MUJCGB[5${9MH8QSM@VXE{R.jpg	D:\图片\有用\MUJCGB[5${9MH8QSM@VXE{R.png
D:\图片\有用\MX}3H(XST@0]5%0A[7ILX@3.jpg	D:\图片\有用\MX}3H(XST@0]5%0A[7ILX@3.png
D:\图片\有用\M}I)S}P_{511V`DEG`8M1[S_tmb (2024_11_13 09_19_52 UTC).bmp	D:\图片\有用\M}I)S}P_{511V`DEG`8M1[S_tmb (2024_11_13 09_19_52 UTC).jpg
D:\图片\有用\N%N6G]DQYP8HO](3G_H1@MV.jpg	D:\图片\有用\N%N6G]DQYP8HO](3G_H1@MV.png
D:\图片\有用\N@YSIH2IIXU8W2(NL6AT%~V.jpg	D:\图片\有用\N@YSIH2IIXU8W2(NL6AT%~V.png
D:\图片\有用\NQL~4D1Y[NPX{M8ZD6(GJ(4.jpg	D:\图片\有用\NQL~4D1Y[NPX{M8ZD6(GJ(4.png
D:\图片\有用\NSVL_%C8SZ{2ITD)6E[ZN1Q.jpg	D:\图片\有用\NSVL_%C8SZ{2ITD)6E[ZN1Q.png
D:\图片\有用\NU8)MUQ$B9TCS15L5$ZWS%Y.jpg	D:\图片\有用\NU8)MUQ$B9TCS15L5$ZWS%Y.png
D:\图片\有用\NXO814JE{SB]F0~PGD@`[9J.jpg	D:\图片\有用\NXO814JE{SB]F0~PGD@`[9J.png
D:\图片\有用\NX~FONL{V_P32%(1F5EIOHV.jpg	D:\图片\有用\NX~FONL{V_P32%(1F5EIOHV.png
D:\图片\有用\O(D8A~1{E~COT(1@D6LC}48.jpg	D:\图片\有用\O(D8A~1{E~COT(1@D6LC}48.png
D:\图片\有用\O3Z}{1GQ][61[)1~Q21IXZY_tmb (2024_11_13 09_19_52 UTC).png	D:\图片\有用\O3Z}{1GQ][61[)1~Q21IXZY_tmb (2024_11_13 09_19_52 UTC).jpg
D:\图片\有用\OCF6`5MXZ`EI]R}~ZU9~7{4.JPG	D:\图片\有用\OCF6`5MXZ`EI]R}~ZU9~7{4.png
D:\图片\有用\ODT}AF~{9Q(FTNCO9LO096I.jpg	D:\图片\有用\ODT}AF~{9Q(FTNCO9LO096I.png
D:\图片\有用\OL{(CW(%CJAE82CC[`L{TMC.jpg	D:\图片\有用\OL{(CW(%CJAE82CC[`L{TMC.png
D:\图片\有用\OS)]LQUS)AT(}WDB5`H%_T0.jpg	D:\图片\有用\OS)]LQUS)AT(}WDB5`H%_T0.png
D:\图片\有用\OT7C~_XWUPZLY%HJ({H{WWS.jpg	D:\图片\有用\OT7C~_XWUPZLY%HJ({H{WWS.png
D:\图片\有用\OTLU_1}X4ZBHQL{9HGW`(`K.jpg	D:\图片\有用\OTLU_1}X4ZBHQL{9HGW`(`K.png
D:\图片\有用\OWTZ{KEKRBU53AD_7N6E9}Q.jpg	D:\图片\有用\OWTZ{KEKRBU53AD_7N6E9}Q.png
D:\图片\有用\O{~C_A5Y`(7[QJ3)DBT)J)1.jpg	D:\图片\有用\O{~C_A5Y`(7[QJ3)DBT)J)1.png
D:\图片\有用\P)L{5H}XWG__K~]IIDFYNBJ.jpg	D:\图片\有用\P)L{5H}XWG__K~]IIDFYNBJ.png
D:\图片\有用\P6I(QI_$_4GF)X{R`~Z)WIX.jpg	D:\图片\有用\P6I(QI_$_4GF)X{R`~Z)WIX.png
D:\图片\有用\PBKR)C9%~_U`XJJ1X5}S7GD.jpg	D:\图片\有用\PBKR)C9%~_U`XJJ1X5}S7GD.png
D:\图片\有用\PH$]9XIAVQ~WCXZ7T8HX%{M.jpg	D:\图片\有用\PH$]9XIAVQ~WCXZ7T8HX%{M.png
D:\图片\有用\PK[G7)_S_D[2PPTO{N(]FGH.jpg	D:\图片\有用\PK[G7)_S_D[2PPTO{N(]FGH.png
D:\图片\有用\PLID5H6LY9%L}2(2GXPL7~5.jpg	D:\图片\有用\PLID5H6LY9%L}2(2GXPL7~5.png
D:\图片\有用\PN}PD}X~ZKNQE(X)YDRO%(9.jpg	D:\图片\有用\PN}PD}X~ZKNQE(X)YDRO%(9.png
D:\图片\有用\P[SZ{G~~~]E%2(0`B1`O]PU_tmb (2024_11_13 09_19_52 UTC).bmp	D:\图片\有用\P[SZ{G~~~]E%2(0`B1`O]PU_tmb (2024_11_13 09_19_52 UTC).jpg
D:\图片\有用\Q2%NAIX%)_CLJ)]23AG6{CY.jpg	D:\图片\有用\Q2%NAIX%)_CLJ)]23AG6{CY.png
D:\图片\有用\QEGK1TLJBUW_{PGNY5NGZHY.jpg	D:\图片\有用\QEGK1TLJBUW_{PGNY5NGZHY.png
D:\图片\有用\QQW%X~ED3{LKVNME]2D%{78.jpg	D:\图片\有用\QQW%X~ED3{LKVNME]2D%{78.png
D:\图片\有用\QYWTHR}(G4{ZK5}707Q@}2U.jpg	D:\图片\有用\QYWTHR}(G4{ZK5}707Q@}2U.png
D:\图片\有用\R$@K16`OZQJ3]{~{O(B_1_9_tmb (2024_11_13 09_19_52 UTC).bmp	D:\图片\有用\R$@K16`OZQJ3]{~{O(B_1_9_tmb (2024_11_13 09_19_52 UTC).jpg
D:\图片\有用\RA7%H$LO[04`$AJ_Q}8LU}W.jpg	D:\图片\有用\RA7%H$LO[04`$AJ_Q}8LU}W.png
D:\图片\有用\RD[J[{(A_F%_DSB66GZK%[C.jpg	D:\图片\有用\RD[J[{(A_F%_DSB66GZK%[C.png
D:\图片\有用\RH4V6_X9}A5){I40{{SMP{6.JPG	D:\图片\有用\RH4V6_X9}A5){I40{{SMP{6.png
D:\图片\有用\RIMD70QKDE5`HS5VIY[{TUR.jpg	D:\图片\有用\RIMD70QKDE5`HS5VIY[{TUR.png
D:\图片\有用\RJ{Y%T3~IGIW)E{6(%%Q2NM.jpg	D:\图片\有用\RJ{Y%T3~IGIW)E{6(%%Q2NM.png
D:\图片\有用\RS5)J%EN36F15O`R33]V~NU.jpg	D:\图片\有用\RS5)J%EN36F15O`R33]V~NU.png
D:\图片\有用\RV~Q$T{TJJ47QQP{7BMV3TU.jpg	D:\图片\有用\RV~Q$T{TJJ47QQP{7BMV3TU.png
D:\图片\有用\RVQM1[A70OCOZ6%E3K1G[8U.jpg	D:\图片\有用\RVQM1[A70OCOZ6%E3K1G[8U.png
D:\图片\有用\RXTCAXOO4@{T@MZK_C4R8(5_tmb (2024_11_13 09_19_52 UTC).bmp	D:\图片\有用\RXTCAXOO4@{T@MZK_C4R8(5_tmb (2024_11_13 09_19_52 UTC).jpg
D:\图片\有用\RXZ_O9CQM~JP8ZD_IH[{3(6.jpg	D:\图片\有用\RXZ_O9CQM~JP8ZD_IH[{3(6.png
D:\图片\有用\R[I@@WO{CG6773]WBYNG0(B.jpg	D:\图片\有用\R[I@@WO{CG6773]WBYNG0(B.png
D:\图片\有用\R~OHC9KZE~]ZD%RFW}U896L.jpg	D:\图片\有用\R~OHC9KZE~]ZD%RFW}U896L.png
D:\图片\有用\S(O@9@{9K2[(KTCNLZRPMX1.jpg	D:\图片\有用\S(O@9@{9K2[(KTCNLZRPMX1.png
D:\图片\有用\S4OY0U$M%)96(74{)_V132W.jpg	D:\图片\有用\S4OY0U$M%)96(74{)_V132W.png
D:\图片\有用\S7[({IQ9Q{N]BHR]SLWNC]F_tmb (2024_11_13 09_19_52 UTC).png	D:\图片\有用\S7[({IQ9Q{N]BHR]SLWNC]F_tmb (2024_11_13 09_19_52 UTC).jpg
D:\图片\有用\S8]VX[8]CP1``GARAU{55W0.jpg	D:\图片\有用\S8]VX[8]CP1``GARAU{55W0.png
D:\图片\有用\SB25I3X`T}5S0JNS8%$[YKQ.jpg	D:\图片\有用\SB25I3X`T}5S0JNS8%$[YKQ.png
D:\图片\有用\SD`6%H~XRDZ0EJT@57VL(KR.jpg	D:\图片\有用\SD`6%H~XRDZ0EJT@57VL(KR.png
D:\图片\有用\SI~PT}CBK%1MJ@]A8P0@CEN.jpg	D:\图片\有用\SI~PT}CBK%1MJ@]A8P0@CEN.png
D:\图片\有用\SV{0LP$$9~AV}L1{RVA4E{T_tmb (2024_11_13 09_19_52 UTC).bmp	D:\图片\有用\SV{0LP$$9~AV}L1{RVA4E{T_tmb (2024_11_13 09_19_52 UTC).jpg
D:\图片\有用\S{9E)_4_T[8W71DO4K%5UHH_tmb (2024_11_13 09_19_52 UTC).jpg	D:\图片\有用\S{9E)_4_T[8W71DO4K%5UHH_tmb (2024_11_13 09_19_52 UTC).png
D:\图片\有用\T7OZ`_GJ6J`B(~V$0)7{I9V_tmb (2024_11_13 09_19_52 UTC).png	D:\图片\有用\T7OZ`_GJ6J`B(~V$0)7{I9V_tmb (2024_11_13 09_19_52 UTC).jpg
D:\图片\有用\T7UU3%Z0~7_`]O8DV5039RC.jpg	D:\图片\有用\T7UU3%Z0~7_`]O8DV5039RC.png
D:\图片\有用\T@ZAV_YL%RC$RAX][04S%MN.jpg	D:\图片\有用\T@ZAV_YL%RC$RAX][04S%MN.png
D:\图片\有用\TP6Z$G_F84N8UU`)7ER{7`C.jpg	D:\图片\有用\TP6Z$G_F84N8UU`)7ER{7`C.png
D:\图片\有用\T`4)B@KZ[$79V0BR4ZSH{QR.jpg	D:\图片\有用\T`4)B@KZ[$79V0BR4ZSH{QR.png
D:\图片\有用\T{V9]X~(]5QBTOBWZYLJ{M9.jpg	D:\图片\有用\T{V9]X~(]5QBTOBWZYLJ{M9.png
D:\图片\有用\U1_TLM%33[@TGS)I4O~HX28.jpg	D:\图片\有用\U1_TLM%33[@TGS)I4O~HX28.png
D:\图片\有用\U2C782{3I(XP18SPC4N{NNG.jpg	D:\图片\有用\U2C782{3I(XP18SPC4N{NNG.png
D:\图片\有用\U3$V]~V7V(TZC0%EO)4ON}G.jpg	D:\图片\有用\U3$V]~V7V(TZC0%EO)4ON}G.png
D:\图片\有用\U4OY)]{NSR3@{AY}LP5$FQ0.jpg	D:\图片\有用\U4OY)]{NSR3@{AY}LP5$FQ0.png
D:\图片\有用\U5JRW(G{2OL4GLM`{(WNZGU.jpg	D:\图片\有用\U5JRW(G{2OL4GLM`{(WNZGU.png
D:\图片\有用\U6S%Q]PIC}JB}6Y@K]}58ES.jpg	D:\图片\有用\U6S%Q]PIC}JB}6Y@K]}58ES.png
D:\图片\有用\U@{)%~8NUS8CWT8SQKZ8%]U.JPG	D:\图片\有用\U@{)%~8NUS8CWT8SQKZ8%]U.png
D:\图片\有用\UGKL5TMH)IY84$IPK6Y$T{M.jpg	D:\图片\有用\UGKL5TMH)IY84$IPK6Y$T{M.png
D:\图片\有用\UHSDZ%R1OU[OC]GV`@ME}UW.jpg	D:\图片\有用\UHSDZ%R1OU[OC]GV`@ME}UW.png
D:\图片\有用\UI{Z051_WPX19WV}LLSQYKP.jpg	D:\图片\有用\UI{Z051_WPX19WV}LLSQYKP.png
D:\图片\有用\UP6%9FD7%%0YP63L`X8{D36_tmb (2024_11_13 09_19_52 UTC).bmp	D:\图片\有用\UP6%9FD7%%0YP63L`X8{D36_tmb (2024_11_13 09_19_52 UTC).jpg
D:\图片\有用\US%OM{7`0[4SD(}8G)B[HPL.jpg	D:\图片\有用\US%OM{7`0[4SD(}8G)B[HPL.png
D:\图片\有用\UU27Y{AEW31]N_7$}BJTJAE.png	D:\图片\有用\UU27Y{AEW31]N_7$}BJTJAE.jpg
D:\图片\有用\UXG7RR%_[1LCMVVVPM9T9UK_tmb (2024_11_13 09_19_52 UTC).jpg	D:\图片\有用\UXG7RR%_[1LCMVVVPM9T9UK_tmb (2024_11_13 09_19_52 UTC).png
D:\图片\有用\UY7HQ9A_SY0W08~C(FYQN{C (2024_11_13 09_19_52 UTC).bmp	D:\图片\有用\UY7HQ9A_SY0W08~C(FYQN{C (2024_11_13 09_19_52 UTC).png
D:\图片\有用\UYKHC_BXJ1UN4AC{HGY)S_G_tmb (2024_11_13 09_19_52 UTC).bmp	D:\图片\有用\UYKHC_BXJ1UN4AC{HGY)S_G_tmb (2024_11_13 09_19_52 UTC).jpg
D:\图片\有用\U{_@TCW}H@PAJJDDDS})MQB.jpg	D:\图片\有用\U{_@TCW}H@PAJJDDDS})MQB.png
D:\图片\有用\U~{%ECN3(AE[[ZV{HS)_A7M.jpg	D:\图片\有用\U~{%ECN3(AE[[ZV{HS)_A7M.png
D:\图片\有用\V%G`P}U5YM85Q%XQ}G4JJH6.jpg	D:\图片\有用\V%G`P}U5YM85Q%XQ}G4JJH6.png
D:\图片\有用\V%P$)`P60{]7POFH@UO@9PF.JPG	D:\图片\有用\V%P$)`P60{]7POFH@UO@9PF.png
D:\图片\有用\V95HD3R@A]@D$(LN@G5I{L9.jpg	D:\图片\有用\V95HD3R@A]@D$(LN@G5I{L9.png
D:\图片\有用\VBQ{~MM%~DGG]UBNXS9(12E_tmb (2024_11_13 09_19_52 UTC).PNG	D:\图片\有用\VBQ{~MM%~DGG]UBNXS9(12E_tmb (2024_11_13 09_19_52 UTC).jpg
D:\图片\有用\VBY}~AE2$9J{)1M3S_%XJ33.jpg	D:\图片\有用\VBY}~AE2$9J{)1M3S_%XJ33.png
D:\图片\有用\VD21~T__(KSI~SR%[S4E](Y.jpg	D:\图片\有用\VD21~T__(KSI~SR%[S4E](Y.png
D:\图片\有用\VE_$UPH4M_G{@HF6(ODS$DI.jpg	D:\图片\有用\VE_$UPH4M_G{@HF6(ODS$DI.png
D:\图片\有用\VJ%%SZ6X4OWWY13{X6@H(NX.jpg	D:\图片\有用\VJ%%SZ6X4OWWY13{X6@H(NX.png
D:\图片\有用\VKTGK%JHP9XHRDH$~5{B3FU_tmb (2024_11_13 09_19_52 UTC).bmp	D:\图片\有用\VKTGK%JHP9XHRDH$~5{B3FU_tmb (2024_11_13 09_19_52 UTC).jpg
D:\图片\有用\VL_LZ26EU%6%}$LD)F~N}T2.jpg	D:\图片\有用\VL_LZ26EU%6%}$LD)F~N}T2.png
D:\图片\有用\VTPIXXSQ%@[){3GNW33XV)E.jpg	D:\图片\有用\VTPIXXSQ%@[){3GNW33XV)E.png
D:\图片\有用\VURZ)PK{PK0YCUR$3)ZD9AQ.jpg	D:\图片\有用\VURZ)PK{PK0YCUR$3)ZD9AQ.png
D:\图片\有用\VYZL{33OTM8DOO0M$B}{Q_C.png	D:\图片\有用\VYZL{33OTM8DOO0M$B}{Q_C.jpg
D:\图片\有用\VY[3EP]Z3%(1T}S%OUBICT9.jpg	D:\图片\有用\VY[3EP]Z3%(1T}S%OUBICT9.png
D:\图片\有用\VZ1W2MKY)T$%%57T8K)9VJ2.jpg	D:\图片\有用\VZ1W2MKY)T$%%57T8K)9VJ2.png
D:\图片\有用\V`VS@8T9V`TEQ}6`%(LZTXL.jpg	D:\图片\有用\V`VS@8T9V`TEQ}6`%(LZTXL.png
D:\图片\有用\W(W8~O@C66C1@O()92Z6U{5.jpg	D:\图片\有用\W(W8~O@C66C1@O()92Z6U{5.png
D:\图片\有用\W)Y{W5FCJE4COH~~UWM5U01.jpg	D:\图片\有用\W)Y{W5FCJE4COH~~UWM5U01.png
D:\图片\有用\W2N%I[HMEV{U{BL0EQT$)`M.jpg	D:\图片\有用\W2N%I[HMEV{U{BL0EQT$)`M.png
D:\图片\有用\W2}FZS{S)AH8WZ[M%28~}`B.jpg	D:\图片\有用\W2}FZS{S)AH8WZ[M%28~}`B.png
D:\图片\有用\W6D``}[V%TP$2CXWX%WJ%VB.jpg	D:\图片\有用\W6D``}[V%TP$2CXWX%WJ%VB.png
D:\图片\有用\WB5A]EU@MNEMTA%{0CF`5HH.jpg	D:\图片\有用\WB5A]EU@MNEMTA%{0CF`5HH.png
D:\图片\有用\WBFY[YW93{NBC_F%@65TB%X.jpg	D:\图片\有用\WBFY[YW93{NBC_F%@65TB%X.png
D:\图片\有用\WBQX$S{S_{6SYE[A9$ZC69W.jpg	D:\图片\有用\WBQX$S{S_{6SYE[A9$ZC69W.png
D:\图片\有用\WBTX0J]W%IUZAYD{IB%LT32.jpg	D:\图片\有用\WBTX0J]W%IUZAYD{IB%LT32.gif
D:\图片\有用\WCBHOLVY{7MZR$@0FK29R8J.jpg	D:\图片\有用\WCBHOLVY{7MZR$@0FK29R8J.png
D:\图片\有用\WCC7{[LXT)V7W{]_}@AVQ04.jpg	D:\图片\有用\WCC7{[LXT)V7W{]_}@AVQ04.png
D:\图片\有用\WHDFH)X{M9MC}}QXN8KJIRL.jpg	D:\图片\有用\WHDFH)X{M9MC}}QXN8KJIRL.png
D:\图片\有用\WK4%K3FF3PMK[[Q`{$SM1Q7_tmb (2024_11_13 09_19_52 UTC).bmp	D:\图片\有用\WK4%K3FF3PMK[[Q`{$SM1Q7_tmb (2024_11_13 09_19_52 UTC).jpg
D:\图片\有用\WLGHG76BD{5_SWNCVZN4KXQ.jpg	D:\图片\有用\WLGHG76BD{5_SWNCVZN4KXQ.png
D:\图片\有用\WOD}28$[)MG1`%$CZMW_@UO.jpg	D:\图片\有用\WOD}28$[)MG1`%$CZMW_@UO.png
D:\图片\有用\W[K5KM@{0Y~RE90$52_~WHY.jpg	D:\图片\有用\W[K5KM@{0Y~RE90$52_~WHY.png
D:\图片\有用\W~]L_(RI5%REDGFTIZ%1PVS.jpg	D:\图片\有用\W~]L_(RI5%REDGFTIZ%1PVS.png
D:\图片\有用\X({77T(8C`$FAG~MN7IN}BN.jpg	D:\图片\有用\X({77T(8C`$FAG~MN7IN}BN.png
D:\图片\有用\X@GZ_}MADHQ~@WJ$$G@({4T.jpg	D:\图片\有用\X@GZ_}MADHQ~@WJ$$G@({4T.png
D:\图片\有用\XD1$NJ{{V[AI6%OAC6E0541.jpg	D:\图片\有用\XD1$NJ{{V[AI6%OAC6E0541.png
D:\图片\有用\XE[AFZ@QIW}P1{6H)Q$$L7F.jpg	D:\图片\有用\XE[AFZ@QIW}P1{6H)Q$$L7F.png
D:\图片\有用\XF{6D_SG$L~`T$%Z[ZKB_WP (2024_11_13 09_19_52 UTC).png	D:\图片\有用\XF{6D_SG$L~`T$%Z[ZKB_WP (2024_11_13 09_19_52 UTC).jpg
D:\图片\有用\XLBIA%T8797OTJ8RIWRB}YE.jpg	D:\图片\有用\XLBIA%T8797OTJ8RIWRB}YE.png
D:\图片\有用\XSV%VDQ78{5D[E%X418DPP2.jpg	D:\图片\有用\XSV%VDQ78{5D[E%X418DPP2.png
D:\图片\有用\XS~3}5IKSZ{{`R[[3{}JUTO.jpg	D:\图片\有用\XS~3}5IKSZ{{`R[[3{}JUTO.png
D:\图片\有用\XT{[X0PC{NU6JE97E7GBVF0.jpg	D:\图片\有用\XT{[X0PC{NU6JE97E7GBVF0.png
D:\图片\有用\XU_Z}@VF4RN5ND1{H7@{3LB.jpg	D:\图片\有用\XU_Z}@VF4RN5ND1{H7@{3LB.png
D:\图片\有用\XV7JI8{CBN3W[7~(I{A87~O_tmb (2024_11_13 09_19_52 UTC).jpg	D:\图片\有用\XV7JI8{CBN3W[7~(I{A87~O_tmb (2024_11_13 09_19_52 UTC).png
D:\图片\有用\X_0P%TR~C_G[APE`7QQ4%P9.jpg	D:\图片\有用\X_0P%TR~C_G[APE`7QQ4%P9.png
D:\图片\有用\X~LA1~I$%6A_)SVTY7F]G@K.jpg	D:\图片\有用\X~LA1~I$%6A_)SVTY7F]G@K.png
D:\图片\有用\Y%%NQ_GQX9HWCWG`0PH$H$7.jpg	D:\图片\有用\Y%%NQ_GQX9HWCWG`0PH$H$7.png
D:\图片\有用\Y5A4{DW26546H2B~Z`H(4MN.jpg	D:\图片\有用\Y5A4{DW26546H2B~Z`H(4MN.png
D:\图片\有用\Y65(85EF}P`WC`24F]`{_KM_tmb (2024_11_13 09_19_52 UTC).png	D:\图片\有用\Y65(85EF}P`WC`24F]`{_KM_tmb (2024_11_13 09_19_52 UTC).jpg
D:\图片\有用\YF1_QLE{ZW0VNNDXJW%GQ3H (2024_11_13 09_19_52 UTC).bmp	D:\图片\有用\YF1_QLE{ZW0VNNDXJW%GQ3H (2024_11_13 09_19_52 UTC).jpg
D:\图片\有用\YSST_YM0SXJJ~$E9EPX{HEB.jpg	D:\图片\有用\YSST_YM0SXJJ~$E9EPX{HEB.png
D:\图片\有用\YWQHLWC0SL]%XWRMP[PO`NR.jpg	D:\图片\有用\YWQHLWC0SL]%XWRMP[PO`NR.png
D:\图片\有用\Y{QBY{V8~52ZFVMG9`1QAGH.jpg	D:\图片\有用\Y{QBY{V8~52ZFVMG9`1QAGH.png
D:\图片\有用\Z9{UJS9_KQ1PD_(~`U_3$AQ_tmb (2024_11_13 09_19_52 UTC).png	D:\图片\有用\Z9{UJS9_KQ1PD_(~`U_3$AQ_tmb (2024_11_13 09_19_52 UTC).jpg
D:\图片\有用\Z@IB1K42Y({[AHYXOJAV5C8.jpg	D:\图片\有用\Z@IB1K42Y({[AHYXOJAV5C8.png
D:\图片\有用\ZPK8I{CE$9GW`}P3]4VCB`S_tmb (2024_11_13 09_19_52 UTC).png	D:\图片\有用\ZPK8I{CE$9GW`}P3]4VCB`S_tmb (2024_11_13 09_19_52 UTC).jpg
D:\图片\有用\ZQ0OX{]TQ0_DCG(BKQLO6QO.jpg	D:\图片\有用\ZQ0OX{]TQ0_DCG(BKQLO6QO.png
D:\图片\有用\ZYGF%OTHB2Q065[BM_LNHEV_tmb (2024_11_13 09_19_52 UTC).jpg	D:\图片\有用\ZYGF%OTHB2Q065[BM_LNHEV_tmb (2024_11_13 09_19_52 UTC).png
D:\图片\有用\Z{N(JREB%JWQ6[P9[WPD$@F.jpg	D:\图片\有用\Z{N(JREB%JWQ6[P9[WPD$@F.png
D:\图片\有用\Z{UZNJF](@P[%R{Y0X2BEDV_tmb (2024_11_13 09_19_52 UTC).bmp	D:\图片\有用\Z{UZNJF](@P[%R{Y0X2BEDV_tmb (2024_11_13 09_19_52 UTC).jpg
D:\图片\有用\Z}1A{UNYV[]X48AYTX~R[[1_tmb (2024_11_13 09_19_52 UTC).bmp	D:\图片\有用\Z}1A{UNYV[]X48AYTX~R[[1_tmb (2024_11_13 09_19_52 UTC).jpg
D:\图片\有用\[%A2IO@Y4{5D~5`YWJ3PLPM.jpg	D:\图片\有用\[%A2IO@Y4{5D~5`YWJ3PLPM.png
D:\图片\有用\[)({E7P36$ICE$H}R_)GDAQ.jpg	D:\图片\有用\[)({E7P36$ICE$H}R_)GDAQ.png
D:\图片\有用\[0NUN{B4MPBU$LA@)GI`EEM_tmb (2024_11_13 09_19_52 UTC).png	D:\图片\有用\[0NUN{B4MPBU$LA@)GI`EEM_tmb (2024_11_13 09_19_52 UTC).jpg
D:\图片\有用\[0UF`G%MX7AE}1LV6`%FW}3.jpg	D:\图片\有用\[0UF`G%MX7AE}1LV6`%FW}3.png
D:\图片\有用\[4X8`GRV{G@OD8CL{FDRAV1_tmb (2024_11_13 09_19_52 UTC).bmp	D:\图片\有用\[4X8`GRV{G@OD8CL{FDRAV1_tmb (2024_11_13 09_19_52 UTC).png
D:\图片\有用\[5UW]1{]O13KS[8K(MXSF8F.jpg	D:\图片\有用\[5UW]1{]O13KS[8K(MXSF8F.png
D:\图片\有用\[7(WXW`BTG{AGE8A68OG}}C.jpg	D:\图片\有用\[7(WXW`BTG{AGE8A68OG}}C.png
D:\图片\有用\[80Y]WS84KW{(0@$E03`AEU.jpg	D:\图片\有用\[80Y]WS84KW{(0@$E03`AEU.png
D:\图片\有用\[9@T89%52NOBR0%@J_KD{$P.jpg	D:\图片\有用\[9@T89%52NOBR0%@J_KD{$P.png
D:\图片\有用\[E@3WF2SCN}H)GOY%0D%A@K.jpg	D:\图片\有用\[E@3WF2SCN}H)GOY%0D%A@K.png
D:\图片\有用\[K4H0376%AT{YOPRF`5}`%D_tmb (2024_11_13 09_19_52 UTC).bmp	D:\图片\有用\[K4H0376%AT{YOPRF`5}`%D_tmb (2024_11_13 09_19_52 UTC).jpg
D:\图片\有用\[R$RQQ7U%KZ`2XKARML(6IS.jpg	D:\图片\有用\[R$RQQ7U%KZ`2XKARML(6IS.png
D:\图片\有用\[SI9BO(F(MTH1K_${F93{{8.jpg	D:\图片\有用\[SI9BO(F(MTH1K_${F93{{8.png
D:\图片\有用\[T(]5B2@E~2JPYG{_W00]@2_tmb (2024_11_13 09_19_52 UTC).png	D:\图片\有用\[T(]5B2@E~2JPYG{_W00]@2_tmb (2024_11_13 09_19_52 UTC).jpg
D:\图片\有用\[WT3S}D}{E3_[F(0QHVOD}S.jpg	D:\图片\有用\[WT3S}D}{E3_[F(0QHVOD}S.png
D:\图片\有用\[]J{DWZPG{HPNU5BIBJ}5BB.jpg	D:\图片\有用\[]J{DWZPG{HPNU5BIBJ}5BB.png
D:\图片\有用\[~C93J@I5EU0`U4C8%}B}78.jpg	D:\图片\有用\[~C93J@I5EU0`U4C8%}B}78.png
D:\图片\有用\](G`S_WG4QHM{AHJVQ4F[AK.jpg	D:\图片\有用\](G`S_WG4QHM{AHJVQ4F[AK.png
D:\图片\有用\])3_D4C{YB))Q$[CY`$1`Z3_tmb (2024_11_13 09_19_52 UTC).bmp	D:\图片\有用\])3_D4C{YB))Q$[CY`$1`Z3_tmb (2024_11_13 09_19_52 UTC).jpg
D:\图片\有用\]07THF_UEQ0Z%NA~D[VB%{A_tmb (2024_11_13 09_19_52 UTC).bmp	D:\图片\有用\]07THF_UEQ0Z%NA~D[VB%{A_tmb (2024_11_13 09_19_52 UTC).jpg
D:\图片\有用\]0I)2$A5`I0~B@{KZN(3YGX_tmb (2024_11_13 09_19_52 UTC).jpg	D:\图片\有用\]0I)2$A5`I0~B@{KZN(3YGX_tmb (2024_11_13 09_19_52 UTC).png
D:\图片\有用\]25V{%OAS2{9_5DOIA$A3BA.jpg	D:\图片\有用\]25V{%OAS2{9_5DOIA$A3BA.png
D:\图片\有用\]83]@TIU~P@5M5MQO2BI%3N.jpg	D:\图片\有用\]83]@TIU~P@5M5MQO2BI%3N.png
D:\图片\有用\]8A7{$FE1K$X}NTMBZY5IIP.jpg	D:\图片\有用\]8A7{$FE1K$X}NTMBZY5IIP.png
D:\图片\有用\]9@NI`D563C4}G6A}@%_TSS.jpg	D:\图片\有用\]9@NI`D563C4}G6A}@%_TSS.png
D:\图片\有用\]B5]N%]UO_71Y@BH7G0[ZAH.jpg	D:\图片\有用\]B5]N%]UO_71Y@BH7G0[ZAH.png
D:\图片\有用\]L%{V_}$NLR3@(YY3K`LA51.jpg	D:\图片\有用\]L%{V_}$NLR3@(YY3K`LA51.png
D:\图片\有用\]M()0BP94}T4(%]D0246B~2.jpg	D:\图片\有用\]M()0BP94}T4(%]D0246B~2.png
D:\图片\有用\]R~JUW[45%GF])YX3$1U_21.jpg	D:\图片\有用\]R~JUW[45%GF])YX3$1U_21.png
D:\图片\有用\]S$N3]PBQ9%28}~H2I_CTWU.jpg	D:\图片\有用\]S$N3]PBQ9%28}~H2I_CTWU.png
D:\图片\有用\]Z%HXBOVJ2{7{LZO)B{VZ1N.jpg	D:\图片\有用\]Z%HXBOVJ2{7{LZO)B{VZ1N.png
D:\图片\有用\]`V0){H67C0G9OQ7QBM}T89.jpg	D:\图片\有用\]`V0){H67C0G9OQ7QBM}T89.png
D:\图片\有用\_AE5$~)_$@C5VEW5`X}S%QW.jpg	D:\图片\有用\_AE5$~)_$@C5VEW5`X}S%QW.png
D:\图片\有用\`%SL3]G13%E~7QSPJO~QQ4W.jpg	D:\图片\有用\`%SL3]G13%E~7QSPJO~QQ4W.png
D:\图片\有用\`1]5{%V3USFUCUTJGCR6{TJ_tmb (2024_11_13 09_19_52 UTC).bmp	D:\图片\有用\`1]5{%V3USFUCUTJGCR6{TJ_tmb (2024_11_13 09_19_52 UTC).jpg
D:\图片\有用\`BKISUU3]Z(ZR03{$YD2OWD.jpg	D:\图片\有用\`BKISUU3]Z(ZR03{$YD2OWD.png
D:\图片\有用\`JUT(D(O0~{N($TXY7_AAXT_tmb (2024_11_13 09_19_52 UTC).bmp	D:\图片\有用\`JUT(D(O0~{N($TXY7_AAXT_tmb (2024_11_13 09_19_52 UTC).jpg
D:\图片\有用\`L8N){426}J2AIL6_B{_AQE.jpg	D:\图片\有用\`L8N){426}J2AIL6_B{_AQE.png
D:\图片\有用\`QO@VPQ8_9DI%%}VI2{OJMH_tmb (2024_11_13 09_19_52 UTC).bmp	D:\图片\有用\`QO@VPQ8_9DI%%}VI2{OJMH_tmb (2024_11_13 09_19_52 UTC).jpg
D:\图片\有用\`ZNQWLFULW(`G[DIF{U3}QN.jpg	D:\图片\有用\`ZNQWLFULW(`G[DIF{U3}QN.png
D:\图片\有用\{$``1~~]XIC5@Q{Y89C6RHX.jpg	D:\图片\有用\{$``1~~]XIC5@Q{Y89C6RHX.png
D:\图片\有用\{2$)MEVKV{OP$P`H1KCV$03_tmb (2024_11_13 09_19_52 UTC).bmp	D:\图片\有用\{2$)MEVKV{OP$P`H1KCV$03_tmb (2024_11_13 09_19_52 UTC).jpg
D:\图片\有用\{61ZQ$6W73KL[$BT7%G6UC9_tmb (2024_11_13 09_19_52 UTC).bmp	D:\图片\有用\{61ZQ$6W73KL[$BT7%G6UC9_tmb (2024_11_13 09_19_52 UTC).jpg
D:\图片\有用\{7%HG6BS1%9ZNLURBK9O@QH_tmb (2024_11_13 09_19_52 UTC).PNG	D:\图片\有用\{7%HG6BS1%9ZNLURBK9O@QH_tmb (2024_11_13 09_19_52 UTC).jpg
D:\图片\有用\{D{(PJ$TMX4I8O`YTX58DAM.JPG	D:\图片\有用\{D{(PJ$TMX4I8O`YTX58DAM.png
D:\图片\有用\{HWQXLI3J~SPJPK3]NMIXCP.jpg	D:\图片\有用\{HWQXLI3J~SPJPK3]NMIXCP.png
D:\图片\有用\{I4[D@3LA12TOHE0SO@]$E6.jpg	D:\图片\有用\{I4[D@3LA12TOHE0SO@]$E6.png
D:\图片\有用\{LD8$L5WI$CX_07PWKNY5BS_tmb (2024_11_13 09_19_52 UTC).jpg	D:\图片\有用\{LD8$L5WI$CX_07PWKNY5BS_tmb (2024_11_13 09_19_52 UTC).png
D:\图片\有用\{PCD`PKGC`4P[K0(C28LPRS.jpg	D:\图片\有用\{PCD`PKGC`4P[K0(C28LPRS.png
D:\图片\有用\{Y9CB~$QPAA~2IN7MJ`KL]N.jpg	D:\图片\有用\{Y9CB~$QPAA~2IN7MJ`KL]N.png
D:\图片\有用\{_ZA)GAMJ[2])WS@XD]AE{C.jpg	D:\图片\有用\{_ZA)GAMJ[2])WS@XD]AE{C.png
D:\图片\有用\{`P3`81}54IVTDL0}QZ%X94.jpg	D:\图片\有用\{`P3`81}54IVTDL0}QZ%X94.png
D:\图片\有用\{~DIR)4)H3CK9{03F4VO7H8.jpg	D:\图片\有用\{~DIR)4)H3CK9{03F4VO7H8.png
D:\图片\有用\}$_KTXD(%C7UIYJ`~Z49QZA.jpg	D:\图片\有用\}$_KTXD(%C7UIYJ`~Z49QZA.png
D:\图片\有用\})}_`8PZ@GVB41L97XQ6M{P.jpg	D:\图片\有用\})}_`8PZ@GVB41L97XQ6M{P.png
D:\图片\有用\}1%W)VU0L4}G3W`[`EJVGZ6.jpg	D:\图片\有用\}1%W)VU0L4}G3W`[`EJVGZ6.png
D:\图片\有用\}4{K)8I9B(@OHD_KKTIKYR0.jpg	D:\图片\有用\}4{K)8I9B(@OHD_KKTIKYR0.png
D:\图片\有用\}5KI2$F}J5Q7FVQ3Q2CC9{7_tmb (2024_11_13 09_19_52 UTC).bmp	D:\图片\有用\}5KI2$F}J5Q7FVQ3Q2CC9{7_tmb (2024_11_13 09_19_52 UTC).jpg
D:\图片\有用\}89D{KUQHAIYY4[3OJ9F3L3.jpg	D:\图片\有用\}89D{KUQHAIYY4[3OJ9F3L3.png
D:\图片\有用\}D96E6O_RO_[MEFLSPD${AN.jpg	D:\图片\有用\}D96E6O_RO_[MEFLSPD${AN.png
D:\图片\有用\}E4~S{N5SB@F4ZAXZ_S7K1C_tmb (2024_11_13 09_19_52 UTC).bmp	D:\图片\有用\}E4~S{N5SB@F4ZAXZ_S7K1C_tmb (2024_11_13 09_19_52 UTC).jpg
D:\图片\有用\}HWLR`8LSSN298A4{5010JB.jpg	D:\图片\有用\}HWLR`8LSSN298A4{5010JB.png
D:\图片\有用\}KT@EYY[9P8`T)HF3NXA%)F.jpg	D:\图片\有用\}KT@EYY[9P8`T)HF3NXA%)F.png
D:\图片\有用\}OJ@FO9N5J~UP({W72T7P(6.jpg	D:\图片\有用\}OJ@FO9N5J~UP({W72T7P(6.png
D:\图片\有用\}WB]{8657{2WG17M3XS@H3X_tmb (2024_11_13 09_19_52 UTC).bmp	D:\图片\有用\}WB]{8657{2WG17M3XS@H3X_tmb (2024_11_13 09_19_52 UTC).png
D:\图片\有用\}]`QD9%X]Q`){V6~4~NN$2N_tmb (2024_11_13 09_19_52 UTC).png	D:\图片\有用\}]`QD9%X]Q`){V6~4~NN$2N_tmb (2024_11_13 09_19_52 UTC).jpg
D:\图片\有用\~({FV6C}TNE_MS8CCQR6Z]B.jpg	D:\图片\有用\~({FV6C}TNE_MS8CCQR6Z]B.png
D:\图片\有用\~30W1E~CY%ET([H{ENVKDOR.jpg	D:\图片\有用\~30W1E~CY%ET([H{ENVKDOR.png
D:\图片\有用\~6@14UXR6`{NHIJ%TDFZHSM.jpg	D:\图片\有用\~6@14UXR6`{NHIJ%TDFZHSM.png
D:\图片\有用\~6CP@7%DA($%M]0MQ9TLLWR.jpg	D:\图片\有用\~6CP@7%DA($%M]0MQ9TLLWR.gif
D:\图片\有用\~7I1]%9BTJM4XRWVN[P057J.jpg	D:\图片\有用\~7I1]%9BTJM4XRWVN[P057J.png
D:\图片\有用\~9@SOC{K$B`CTWS[JMI0}FL_tmb (2024_11_13 09_19_52 UTC).bmp	D:\图片\有用\~9@SOC{K$B`CTWS[JMI0}FL_tmb (2024_11_13 09_19_52 UTC).jpg
D:\图片\有用\~9V{B@QQ81NEZ)J7YAHYKT7.jpg	D:\图片\有用\~9V{B@QQ81NEZ)J7YAHYKT7.png
D:\图片\有用\~EEF4TJ5N33O1QGK6@{3L(P.jpg	D:\图片\有用\~EEF4TJ5N33O1QGK6@{3L(P.png
D:\图片\有用\~KV7%_Z`81RMJRZ1_)OK7NO.jpg	D:\图片\有用\~KV7%_Z`81RMJRZ1_)OK7NO.png
D:\图片\有用\~LYD8~@P1EEBG%5~{0I{`LY.jpg	D:\图片\有用\~LYD8~@P1EEBG%5~{0I{`LY.png
D:\图片\有用\~N{Y2BUI5~NLZ}C1V9WHG3Y_tmb (2024_11_13 09_19_52 UTC).bmp	D:\图片\有用\~N{Y2BUI5~NLZ}C1V9WHG3Y_tmb (2024_11_13 09_19_52 UTC).jpg
D:\图片\有用\~P$LQY_)LWZ]K18C$R~$_{2.jpg	D:\图片\有用\~P$LQY_)LWZ]K18C$R~$_{2.png
D:\图片\有用\~WXBVM0J%4Q)J@8@JYJ_B$P.jpg	D:\图片\有用\~WXBVM0J%4Q)J@8@JYJ_B$P.png
D:\图片\有用\~_BOEP{8}RVUZEG{MZD1[`8_tmb (2024_11_13 09_19_52 UTC).bmp	D:\图片\有用\~_BOEP{8}RVUZEG{MZD1[`8_tmb (2024_11_13 09_19_52 UTC).jpg
D:\图片\有用\~{ID$0J5VL@J]7SCT@HSMOI.jpg	D:\图片\有用\~{ID$0J5VL@J]7SCT@HSMOI.png
D:\图片\有用\~}%G8OM$DXZ$Q]3$P@A`M83.jpg	D:\图片\有用\~}%G8OM$DXZ$Q]3$P@A`M83.png
D:\一轮\hermes_动漫脸\Hermes-base__图片_有用_S3BW2%%[UYX]VT@U_EYUX8R.jpg	D:\一轮\hermes_动漫脸\Hermes-base__图片_有用_S3BW2%%[UYX]VT@U_EYUX8R.png
D:\一轮\hermes_动漫脸\Hermes-base__图片_有用_T$2GX[}9{5%}T@RDXXTUXAM.jpg	D:\一轮\hermes_动漫脸\Hermes-base__图片_有用_T$2GX[}9{5%}T@RDXXTUXAM.png
D:\一轮\hermes_动漫脸\Hermes-base__图片_有用_TE%Z)`T{DK)1UEFZ9F7A%W5.JPG	D:\一轮\hermes_动漫脸\Hermes-base__图片_有用_TE%Z)`T{DK)1UEFZ9F7A%W5.png
D:\一轮\hermes_动漫脸\Hermes-base__图片_有用_UW($_0TRX9[}8NJ}39{3IVO.jpg	D:\一轮\hermes_动漫脸\Hermes-base__图片_有用_UW($_0TRX9[}8NJ}39{3IVO.png
D:\一轮\hermes_动漫脸\Hermes-base__图片_有用_ZTEC_~$R]AS(IU@2M{6[7O5.jpg	D:\一轮\hermes_动漫脸\Hermes-base__图片_有用_ZTEC_~$R]AS(IU@2M{6[7O5.png
D:\一轮\hermes_动漫脸\Hermes-base__图片_有用_Z`6Q]{YC%O8(3E[0}H}W9SW (2024_11_13 09_19_52 UTC).bmp	D:\一轮\hermes_动漫脸\Hermes-base__图片_有用_Z`6Q]{YC%O8(3E[0}H}W9SW (2024_11_13 09_19_52 UTC).jpg
D:\一轮\hermes_动漫脸\opencode__图片_备份_2025-06-01_3QI{D$HEX6TBKMV`Q8PBT]E.jpg	D:\一轮\hermes_动漫脸\opencode__图片_备份_2025-06-01_3QI{D$HEX6TBKMV`Q8PBT]E.png
D:\一轮\hermes_动漫脸\opencode__图片_备份_2025-08-19_`61)2OF`)OL(ALRENV_]7{X.jpg	D:\一轮\hermes_动漫脸\opencode__图片_备份_2025-08-19_`61)2OF`)OL(ALRENV_]7{X.png
D:\一轮\hermes_动漫脸\opencode__图片_备份_2025-09-26_[2D)HN{]J@NEWK@Q)U1U4)R.jpg	D:\一轮\hermes_动漫脸\opencode__图片_备份_2025-09-26_[2D)HN{]J@NEWK@Q)U1U4)R.png
D:\一轮\hermes_动漫脸\opencode__图片_备份_2025-10-20_19{9X85QMDK0%OY5MYNVAFN.jpg	D:\一轮\hermes_动漫脸\opencode__图片_备份_2025-10-20_19{9X85QMDK0%OY5MYNVAFN.png
D:\一轮\hermes_动漫脸\opencode__图片_备份_2025-11-12_{$(N7@VZC%MPGWPU{55%~8K.jpg	D:\一轮\hermes_动漫脸\opencode__图片_备份_2025-11-12_{$(N7@VZC%MPGWPU{55%~8K.png
D:\一轮\hermes_动漫脸\opencode__图片_备份_2025-12-26__}@D0~YAV%FYX{2}8FO]A8F.jpg	D:\一轮\hermes_动漫脸\opencode__图片_备份_2025-12-26__}@D0~YAV%FYX{2}8FO]A8F.png
D:\一轮\hermes_动漫脸\opencode__图片_备份_2026-01-16_LX7X6J(A(](MXN17_5M(G{L.jpg	D:\一轮\hermes_动漫脸\opencode__图片_备份_2026-01-16_LX7X6J(A(](MXN17_5M(G{L.png
D:\一轮\hermes_动漫脸\三次元_%537]C3ZE4M%@{Y1}6]CA]M.png	D:\一轮\hermes_动漫脸\三次元_%537]C3ZE4M%@{Y1}6]CA]M.jpg
D:\一轮\hermes_动漫脸\三次元_%9711]6_V5(UA[_Z7D}VJDA.jpg	D:\一轮\hermes_动漫脸\三次元_%9711]6_V5(UA[_Z7D}VJDA.png
D:\一轮\hermes_动漫脸\三次元_%B2%GY)ABAPEP]EK])TWD$5.jpg	D:\一轮\hermes_动漫脸\三次元_%B2%GY)ABAPEP]EK])TWD$5.png
D:\一轮\hermes_动漫脸\三次元_5FC5G@0$1JWJG50M1XL%[4O.jpg	D:\一轮\hermes_动漫脸\三次元_5FC5G@0$1JWJG50M1XL%[4O.png
D:\一轮\hermes_动漫脸\三次元_5U7Y@[M[HE{XC6UH$))2{X2.jpg	D:\一轮\hermes_动漫脸\三次元_5U7Y@[M[HE{XC6UH$))2{X2.png
D:\一轮\hermes_动漫脸\三次元_5Y(F{_R61$7SOP5~~C(OYIQ.jpg	D:\一轮\hermes_动漫脸\三次元_5Y(F{_R61$7SOP5~~C(OYIQ.png
D:\一轮\hermes_动漫脸\三次元_6@JMO38[DVTZU6Z{%B{0EOW.jpg	D:\一轮\hermes_动漫脸\三次元_6@JMO38[DVTZU6Z{%B{0EOW.png
D:\一轮\hermes_动漫脸\三次元_6LD~GHXJJF`H8QR9W8YD9%R.jpg	D:\一轮\hermes_动漫脸\三次元_6LD~GHXJJF`H8QR9W8YD9%R.png
D:\一轮\hermes_动漫脸\三次元_6VAUP5O1}[41~`DJ05%B6QP.jpg	D:\一轮\hermes_动漫脸\三次元_6VAUP5O1}[41~`DJ05%B6QP.png
D:\一轮\hermes_动漫脸\三次元_7$MK~U[9DWM~6GZ%J9N0()0.JPG	D:\一轮\hermes_动漫脸\三次元_7$MK~U[9DWM~6GZ%J9N0()0.png
D:\一轮\hermes_动漫脸\三次元_70{$U3WDQ9(P_7X6X[$BH33 (2024_11_13 09_19_52 UTC).bmp	D:\一轮\hermes_动漫脸\三次元_70{$U3WDQ9(P_7X6X[$BH33 (2024_11_13 09_19_52 UTC).jpg
D:\一轮\hermes_动漫脸\三次元_71B`H$7S{X4OZ5{C52)~W]X.jpg	D:\一轮\hermes_动漫脸\三次元_71B`H$7S{X4OZ5{C52)~W]X.png
D:\一轮\hermes_动漫脸\三次元_7DEZ@G~0@EMUXVXAKO{KVLL.jpg	D:\一轮\hermes_动漫脸\三次元_7DEZ@G~0@EMUXVXAKO{KVLL.png
D:\一轮\hermes_动漫脸\三次元_7OVH~H_AWI{UXG[T$PL)`UE.JPG	D:\一轮\hermes_动漫脸\三次元_7OVH~H_AWI{UXG[T$PL)`UE.png
D:\一轮\hermes_动漫脸\三次元_7[V$$Y6J2D(N%C35F_1AW`J.jpg	D:\一轮\hermes_动漫脸\三次元_7[V$$Y6J2D(N%C35F_1AW`J.png
D:\一轮\hermes_动漫脸\三次元_8B8K$W2EKZRGO]I1D%Y$RBK.jpg	D:\一轮\hermes_动漫脸\三次元_8B8K$W2EKZRGO]I1D%Y$RBK.png
D:\一轮\hermes_动漫脸\三次元_9O9HAJA)J`~EXAO%8]CFS_0.jpg	D:\一轮\hermes_动漫脸\三次元_9O9HAJA)J`~EXAO%8]CFS_0.png
D:\一轮\hermes_动漫脸\三次元_H(Y$UHG_{9{G8TQ8(0M`}(U.jpg	D:\一轮\hermes_动漫脸\三次元_H(Y$UHG_{9{G8TQ8(0M`}(U.png
D:\一轮\hermes_动漫脸\有用_0DVSZNV1JZB4(%0~NCAQFFN.jpg	D:\一轮\hermes_动漫脸\有用_0DVSZNV1JZB4(%0~NCAQFFN.png
D:\一轮\hermes_动漫脸\有用_0HG7DM7FE27840%Y70$AY@S.jpg	D:\一轮\hermes_动漫脸\有用_0HG7DM7FE27840%Y70$AY@S.png
D:\一轮\hermes_动漫脸\有用_0MSY5R_YK{RISFWL$U3NDZ6.jpg	D:\一轮\hermes_动漫脸\有用_0MSY5R_YK{RISFWL$U3NDZ6.png
D:\一轮\hermes_动漫脸\有用_1KTFLO)F%0Q%_JBMM9BW2)R.jpg	D:\一轮\hermes_动漫脸\有用_1KTFLO)F%0Q%_JBMM9BW2)R.png
D:\一轮\hermes_动漫脸\有用_1Y3{IJ5S)SAZS)CCXVDN5RL.jpg	D:\一轮\hermes_动漫脸\有用_1Y3{IJ5S)SAZS)CCXVDN5RL.png
D:\一轮\hermes_动漫脸\有用_20E(~(1_(MS%]$SRNKCZ8`R.jpg	D:\一轮\hermes_动漫脸\有用_20E(~(1_(MS%]$SRNKCZ8`R.png
D:\一轮\hermes_动漫脸\有用_2I_Y([WMB3SIJ$1{8Y%CM[9.jpg	D:\一轮\hermes_动漫脸\有用_2I_Y([WMB3SIJ$1{8Y%CM[9.png
D:\一轮\hermes_动漫脸\有用_2`[G02W{~B(WV@6`9`@6H21.jpg	D:\一轮\hermes_动漫脸\有用_2`[G02W{~B(WV@6`9`@6H21.png
D:\一轮\hermes_动漫脸\有用_2{F@JONP5(LWEB{{D5X2QL5.jpg	D:\一轮\hermes_动漫脸\有用_2{F@JONP5(LWEB{{D5X2QL5.png
D:\一轮\hermes_动漫脸\有用_3@W_1%KV79N`B$7O~SU{BRJ.jpg	D:\一轮\hermes_动漫脸\有用_3@W_1%KV79N`B$7O~SU{BRJ.png
D:\一轮\hermes_动漫脸\有用_3UM34}3`U9HVGHHG{]_2W]R.jpg	D:\一轮\hermes_动漫脸\有用_3UM34}3`U9HVGHHG{]_2W]R.png
D:\一轮\hermes_动漫脸\有用_3V5K_[XRJ(CV9($52BXZ7{2.jpg	D:\一轮\hermes_动漫脸\有用_3V5K_[XRJ(CV9($52BXZ7{2.png
D:\一轮\hermes_动漫脸\有用_@OX2}Y{VJ%~6Y0NJGE~3M{T.jpg	D:\一轮\hermes_动漫脸\有用_@OX2}Y{VJ%~6Y0NJGE~3M{T.png
D:\一轮\hermes_动漫脸\有用_@WEI%@[AM{$`D2AKR9SJV[E.jpg	D:\一轮\hermes_动漫脸\有用_@WEI%@[AM{$`D2AKR9SJV[E.png
D:\一轮\hermes_动漫脸\有用_A%]IV~T~S492DTY6DEWDI]2.jpg	D:\一轮\hermes_动漫脸\有用_A%]IV~T~S492DTY6DEWDI]2.png
D:\一轮\hermes_动漫脸\有用_A32SBUUK0Q36%EE$L7~I6N1.jpg	D:\一轮\hermes_动漫脸\有用_A32SBUUK0Q36%EE$L7~I6N1.png
D:\一轮\hermes_动漫脸\有用_A4@7_R48[6C8G_3%72~VB_0.jpg	D:\一轮\hermes_动漫脸\有用_A4@7_R48[6C8G_3%72~VB_0.png
D:\一轮\hermes_动漫脸\有用_AP6LES%1HW9OFF87ELIKL`9.jpg	D:\一轮\hermes_动漫脸\有用_AP6LES%1HW9OFF87ELIKL`9.png
D:\一轮\hermes_动漫脸\有用_B%~EMILR8{BF0Q3EJ{}9WYE.jpg	D:\一轮\hermes_动漫脸\有用_B%~EMILR8{BF0Q3EJ{}9WYE.png
D:\一轮\hermes_动漫脸\有用_C$~9N(U%[F)CTJV@L)WPZ}Y.jpg	D:\一轮\hermes_动漫脸\有用_C$~9N(U%[F)CTJV@L)WPZ}Y.png
D:\一轮\hermes_动漫脸\有用_CA@NBIWVQ6]A1M$%%DR9WZ8.jpg	D:\一轮\hermes_动漫脸\有用_CA@NBIWVQ6]A1M$%%DR9WZ8.png
D:\一轮\hermes_动漫脸\有用_D4)574XDWBBA]C{6NDG~UI7.png	D:\一轮\hermes_动漫脸\有用_D4)574XDWBBA]C{6NDG~UI7.jpg
D:\一轮\hermes_动漫脸\有用_D]E1]IFOPQO]HY]1~V2W4%S.jpg	D:\一轮\hermes_动漫脸\有用_D]E1]IFOPQO]HY]1~V2W4%S.png
D:\一轮\hermes_动漫脸\有用_EQUV7~SJOA`(G6{X$U]%3]E.jpg	D:\一轮\hermes_动漫脸\有用_EQUV7~SJOA`(G6{X$U]%3]E.png
D:\一轮\hermes_动漫脸\有用_F5LY0WYZ(HGFX(_)%_EAH}B.jpg	D:\一轮\hermes_动漫脸\有用_F5LY0WYZ(HGFX(_)%_EAH}B.png
D:\一轮\hermes_动漫脸\有用_FY2)8RT1AUREXD{4]WW%L}2.jpg	D:\一轮\hermes_动漫脸\有用_FY2)8RT1AUREXD{4]WW%L}2.png
D:\一轮\hermes_动漫脸\有用_H7A0$VP7T$EOB]X(EKTO2%F.jpg	D:\一轮\hermes_动漫脸\有用_H7A0$VP7T$EOB]X(EKTO2%F.png
D:\一轮\hermes_动漫脸\有用_IBMKK($23}R}8)%HZS%R885.jpg	D:\一轮\hermes_动漫脸\有用_IBMKK($23}R}8)%HZS%R885.png
D:\一轮\hermes_动漫脸\有用_J}7_10P0%G%RZCV_4Q]PU}Y.jpg	D:\一轮\hermes_动漫脸\有用_J}7_10P0%G%RZCV_4Q]PU}Y.png
D:\一轮\hermes_动漫脸\有用_K35A{CYWVMH7I@{0UF6H180.jpg	D:\一轮\hermes_动漫脸\有用_K35A{CYWVMH7I@{0UF6H180.png
D:\一轮\hermes_动漫脸\有用_N(SK%X3$ONV817Y%1GS[BAF.jpg	D:\一轮\hermes_动漫脸\有用_N(SK%X3$ONV817Y%1GS[BAF.png
D:\一轮\hermes_动漫脸\有用_NC6B}22XW%}~]HLMPK`GW_2.jpg	D:\一轮\hermes_动漫脸\有用_NC6B}22XW%}~]HLMPK`GW_2.png
D:\一轮\hermes_动漫脸\有用_N]5QM]{$[U[0A75_UO0@~5J.jpg	D:\一轮\hermes_动漫脸\有用_N]5QM]{$[U[0A75_UO0@~5J.png
D:\一轮\hermes_动漫脸\有用_P%XJP2}[M8@(DY5[3OXZRTU.jpg	D:\一轮\hermes_动漫脸\有用_P%XJP2}[M8@(DY5[3OXZRTU.png
D:\一轮\hermes_动漫脸\有用_PE{HTEI8UWCUW62$H1`XS(S (2024_11_13 09_19_52 UTC).JPG	D:\一轮\hermes_动漫脸\有用_PE{HTEI8UWCUW62$H1`XS(S (2024_11_13 09_19_52 UTC).png
D:\一轮\hermes_动漫脸\有用_P}]K4JHRW}4DLQEG{CYSH98.jpg	D:\一轮\hermes_动漫脸\有用_P}]K4JHRW}4DLQEG{CYSH98.png
D:\一轮\hermes_动漫脸\有用_P~[(812O5U}9HS8YLEQ7){6.jpg	D:\一轮\hermes_动漫脸\有用_P~[(812O5U}9HS8YLEQ7){6.png
D:\一轮\hermes_动漫脸\有用_Q%H`S`}D(9`HENLT_FHBYHC.jpg	D:\一轮\hermes_动漫脸\有用_Q%H`S`}D(9`HENLT_FHBYHC.png
D:\一轮\hermes_动漫脸\有用_QUUA3XM[EA4%FJ`FF{`DVEI.jpg	D:\一轮\hermes_动漫脸\有用_QUUA3XM[EA4%FJ`FF{`DVEI.png
D:\一轮\hermes_动漫脸\有用_R(1CANA6F9(0%)7{5$Y6{QQ.JPG	D:\一轮\hermes_动漫脸\有用_R(1CANA6F9(0%)7{5$Y6{QQ.png
D:\一轮\hermes_动漫脸\有用_S3S){8O[ODONDHMXH}WA_ND.JPG	D:\一轮\hermes_动漫脸\有用_S3S){8O[ODONDHMXH}WA_ND.png
D:\一轮\hermes_动漫脸\有用_SR~8}(MRI4M2J%LF18SICAF.jpg	D:\一轮\hermes_动漫脸\有用_SR~8}(MRI4M2J%LF18SICAF.png
D:\一轮\hermes_动漫脸\有用_UI$0`M`O{OT8WEVKHW1%)%C (2024_11_13 09_19_52 UTC).png	D:\一轮\hermes_动漫脸\有用_UI$0`M`O{OT8WEVKHW1%)%C (2024_11_13 09_19_52 UTC).jpg
D:\一轮\hermes_动漫脸\有用_USZV8PKVOL}RCOK7E13FH%P.jpg	D:\一轮\hermes_动漫脸\有用_USZV8PKVOL}RCOK7E13FH%P.png
D:\一轮\hermes_动漫脸\有用_UTBJ}%`)MQ(JY5BH}XOIO)9.jpg	D:\一轮\hermes_动漫脸\有用_UTBJ}%`)MQ(JY5BH}XOIO)9.png
D:\一轮\hermes_动漫脸\有用_UU0LUT`7)]0TCR{UNJHK~HQ.jpg	D:\一轮\hermes_动漫脸\有用_UU0LUT`7)]0TCR{UNJHK~HQ.png
D:\一轮\hermes_动漫脸\有用_V75%HS7~{2UL{54IY%5_$ML.jpg	D:\一轮\hermes_动漫脸\有用_V75%HS7~{2UL{54IY%5_$ML.png
D:\一轮\hermes_动漫脸\有用_VCGK2E6)_MRJ~T~2[IVL%EG.jpg	D:\一轮\hermes_动漫脸\有用_VCGK2E6)_MRJ~T~2[IVL%EG.png
D:\一轮\hermes_动漫脸\有用_VEMLKSZ@9C5]3$W@%Y7HNY7.jpg	D:\一轮\hermes_动漫脸\有用_VEMLKSZ@9C5]3$W@%Y7HNY7.png
D:\一轮\hermes_动漫脸\有用_W$R87A7QI8TTZ{}55C{VM8E.jpg	D:\一轮\hermes_动漫脸\有用_W$R87A7QI8TTZ{}55C{VM8E.png
D:\一轮\hermes_动漫脸\有用_W8ZC~[4{[IYB{250ECRU%[O.jpg	D:\一轮\hermes_动漫脸\有用_W8ZC~[4{[IYB{250ECRU%[O.png
D:\一轮\hermes_动漫脸\有用_WT8}C{JPPN66TBVW)J2{$)W.JPG	D:\一轮\hermes_动漫脸\有用_WT8}C{JPPN66TBVW)J2{$)W.png
D:\一轮\hermes_动漫脸\有用_WUI1S3N`73(DP1BYKIX]{ZS.jpg	D:\一轮\hermes_动漫脸\有用_WUI1S3N`73(DP1BYKIX]{ZS.png
D:\一轮\hermes_动漫脸\有用_XJS2O)I]MK7X9O%T8K_D0C6.jpg	D:\一轮\hermes_动漫脸\有用_XJS2O)I]MK7X9O%T8K_D0C6.png
D:\一轮\hermes_动漫脸\有用_X{N`KO[2@RCPB]L6WI6@%8H.jpg	D:\一轮\hermes_动漫脸\有用_X{N`KO[2@RCPB]L6WI6@%8H.png
D:\一轮\hermes_动漫脸\有用_Y9MA1%BJDH$A50}A54N4I4W.jpg	D:\一轮\hermes_动漫脸\有用_Y9MA1%BJDH$A50}A54N4I4W.png
D:\一轮\hermes_动漫脸\有用_YBWDP8A0L$`{17RF)%`T0$F (2024_11_13 09_19_52 UTC).jpg	D:\一轮\hermes_动漫脸\有用_YBWDP8A0L$`{17RF)%`T0$F (2024_11_13 09_19_52 UTC).png
D:\一轮\hermes_动漫脸\有用_YC{F1TCWY6UQ_IHU{MVD3LI (2024_11_13 09_19_52 UTC).bmp	D:\一轮\hermes_动漫脸\有用_YC{F1TCWY6UQ_IHU{MVD3LI (2024_11_13 09_19_52 UTC).jpg
D:\一轮\hermes_动漫脸\有用_Z(8VWGKCK7KU3K%374F%FMU.jpg	D:\一轮\hermes_动漫脸\有用_Z(8VWGKCK7KU3K%374F%FMU.png
D:\一轮\hermes_动漫脸\有用_]8G]N]R~11S)%2TTD)E5]56.jpg	D:\一轮\hermes_动漫脸\有用_]8G]N]R~11S)%2TTD)E5]56.png
D:\一轮\hermes_动漫脸\有用_]P1JBL]O4T]SMHH1PDWX%B7.jpg	D:\一轮\hermes_动漫脸\有用_]P1JBL]O4T]SMHH1PDWX%B7.png
D:\一轮\hermes_动漫脸\有用_`)Q(L][17LW}%M[V]X{2%ES.jpg	D:\一轮\hermes_动漫脸\有用_`)Q(L][17LW}%M[V]X{2%ES.png
D:\一轮\hermes_动漫脸\有用_`S3L8FZW{~~C$4QP(XDT(08 (2024_11_13 09_19_52 UTC).png	D:\一轮\hermes_动漫脸\有用_`S3L8FZW{~~C$4QP(XDT(08 (2024_11_13 09_19_52 UTC).jpg
D:\一轮\hermes_动漫脸\有用_{IOS8V27X]]@JQ811PKKY_G.jpg	D:\一轮\hermes_动漫脸\有用_{IOS8V27X]]@JQ811PKKY_G.png
D:\一轮\hermes_动漫脸\有用_{U)RVCEG33$Q@RVTC__OI65.jpg	D:\一轮\hermes_动漫脸\有用_{U)RVCEG33$Q@RVTC__OI65.png
D:\一轮\hermes_动漫脸\有用_}1KTQ1WQ3IOJ64M0FEZ{KJI.JPG	D:\一轮\hermes_动漫脸\有用_}1KTQ1WQ3IOJ64M0FEZ{KJI.png
D:\一轮\hermes_动漫脸\有用_~F{J7FT_FW%IFKA[O8[}876.jpg	D:\一轮\hermes_动漫脸\有用_~F{J7FT_FW%IFKA[O8[}876.png
D:\一轮\hermes_动漫脸\有用_~K{A8%QYRTIEUS%@T8~~LMX.jpg	D:\一轮\hermes_动漫脸\有用_~K{A8%QYRTIEUS%@T8~~LMX.png
D:\一轮\hermes_动漫脸\有用_~NT{A7DT]9@LU`IFT[YS]{0.jpg	D:\一轮\hermes_动漫脸\有用_~NT{A7DT]9@LU`IFT[YS]{0.png
D:\一轮\hermes_动漫脸\有用_~U)U_]ZHAEE63`LN%Y~H$`0.jpg	D:\一轮\hermes_动漫脸\有用_~U)U_]ZHAEE63`LN%Y~H$`0.png
D:\一轮\hermes_动漫脸\有用_~Z6%~_X{CW2C~559@~Y}`~F.jpg	D:\一轮\hermes_动漫脸\有用_~Z6%~_X{CW2C~559@~Y}`~F.png
D:\一轮\hermes_动漫脸\有用_~[XFVPD_)B5@QAT}7C%AYZ8.jpg	D:\一轮\hermes_动漫脸\有用_~[XFVPD_)B5@QAT}7C%AYZ8.png
D:\一轮\hermes_动漫脸\有用_~_T(%9](3ARN_Y[6IQH{5(S.jpg	D:\一轮\hermes_动漫脸\有用_~_T(%9](3ARN_Y[6IQH{5(S.png
D:\一轮\hermes_带人物\1人\Hermes-base__图片_有用_1T2(ZWI`OI5DW`TK{MX}_SV.jpg	D:\一轮\hermes_带人物\1人\Hermes-base__图片_有用_1T2(ZWI`OI5DW`TK{MX}_SV.png
D:\一轮\hermes_带人物\1人\Hermes-base__图片_有用_DTL@(LW%J0EX57DJBZIYC}9.jpg	D:\一轮\hermes_带人物\1人\Hermes-base__图片_有用_DTL@(LW%J0EX57DJBZIYC}9.png
D:\一轮\hermes_带人物\1人\Hermes-base__图片_有用_PCP4RX0W3QT_HI5I4%I4}EA.jpg	D:\一轮\hermes_带人物\1人\Hermes-base__图片_有用_PCP4RX0W3QT_HI5I4%I4}EA.png
D:\一轮\hermes_带人物\1人\Hermes-base__图片_有用_}7A%7TB]Z(G1}4G8NN1OE)6.jpg	D:\一轮\hermes_带人物\1人\Hermes-base__图片_有用_}7A%7TB]Z(G1}4G8NN1OE)6.png
D:\一轮\hermes_带人物\1人\三次元_$TI$1G19{]$QE(D4DRQYN_K.jpg	D:\一轮\hermes_带人物\1人\三次元_$TI$1G19{]$QE(D4DRQYN_K.png
D:\一轮\hermes_带人物\1人\三次元_$Y}A%8Z30}6CF4HW_9%ZB{B.JPG	D:\一轮\hermes_带人物\1人\三次元_$Y}A%8Z30}6CF4HW_9%ZB{B.png
D:\一轮\hermes_带人物\1人\三次元_%LE_8RCQ_JSLU~Q_RL9$(1D.jpg	D:\一轮\hermes_带人物\1人\三次元_%LE_8RCQ_JSLU~Q_RL9$(1D.png
D:\一轮\hermes_带人物\1人\三次元_4TN7L@U)XABY479@BX_}%)S.JPG	D:\一轮\hermes_带人物\1人\三次元_4TN7L@U)XABY479@BX_}%)S.png
D:\一轮\hermes_带人物\1人\三次元_5A_IANZS`)(Y1RXKQ({~~LX.jpg	D:\一轮\hermes_带人物\1人\三次元_5A_IANZS`)(Y1RXKQ({~~LX.png
D:\一轮\hermes_带人物\1人\三次元_61}_XPYYA%9OE63VKKCZA_B.jpg	D:\一轮\hermes_带人物\1人\三次元_61}_XPYYA%9OE63VKKCZA_B.png
D:\一轮\hermes_带人物\1人\三次元_6_SPZHLC}EB]~UZE%~4H(]2.JPG	D:\一轮\hermes_带人物\1人\三次元_6_SPZHLC}EB]~UZE%~4H(]2.png
D:\一轮\hermes_带人物\1人\三次元_6~5R~Y{1@0NF7UNQ57EN]RV.jpg	D:\一轮\hermes_带人物\1人\三次元_6~5R~Y{1@0NF7UNQ57EN]RV.png
D:\一轮\hermes_带人物\1人\三次元_L~J9_LVRNS{$X(WBUXI]C(0 (2024_11_13 09_19_52 UTC).bmp	D:\一轮\hermes_带人物\1人\三次元_L~J9_LVRNS{$X(WBUXI]C(0 (2024_11_13 09_19_52 UTC).jpg
D:\一轮\hermes_带人物\1人\三次元_V$SD$X]ZN{KZBVIPTE@YXOF.jpg	D:\一轮\hermes_带人物\1人\三次元_V$SD$X]ZN{KZBVIPTE@YXOF.png
D:\一轮\hermes_带人物\1人\备份_2025-03-11_YQ]R1{AV]KT5GPTKW6KGT16.jpg	D:\一轮\hermes_带人物\1人\备份_2025-03-11_YQ]R1{AV]KT5GPTKW6KGT16.png
D:\一轮\hermes_带人物\1人\备份_2025-03-12_W]VME(6FMKU6`TZHP%89$S2.jpg	D:\一轮\hermes_带人物\1人\备份_2025-03-12_W]VME(6FMKU6`TZHP%89$S2.png
D:\一轮\hermes_带人物\1人\备份_2025-03-12__6D`]_T1LWB~%}%G%2$6FVO.jpg	D:\一轮\hermes_带人物\1人\备份_2025-03-12__6D`]_T1LWB~%}%G%2$6FVO.png
D:\一轮\hermes_带人物\1人\备份_2025-03-12_{FGI9ONQ_0FMCKJ8Z@KYLE6.jpg	D:\一轮\hermes_带人物\1人\备份_2025-03-12_{FGI9ONQ_0FMCKJ8Z@KYLE6.png
D:\一轮\hermes_带人物\1人\备份_2025-03-13_L126TP1}IEG%)ERX2S1E{@K.jpg	D:\一轮\hermes_带人物\1人\备份_2025-03-13_L126TP1}IEG%)ERX2S1E{@K.png
D:\一轮\hermes_带人物\1人\备份_2025-03-13_[@%MY6K%](VWT)2Q3MP74DS.jpg	D:\一轮\hermes_带人物\1人\备份_2025-03-13_[@%MY6K%](VWT)2Q3MP74DS.png
D:\一轮\hermes_带人物\1人\备份_2025-03-13_{NJO%DXF26KTQ0D3~4S@PQC.jpg	D:\一轮\hermes_带人物\1人\备份_2025-03-13_{NJO%DXF26KTQ0D3~4S@PQC.png
D:\一轮\hermes_带人物\1人\备份_2025-03-13_}5BA8YCJ04XZS_9X@R8$%WT.jpg	D:\一轮\hermes_带人物\1人\备份_2025-03-13_}5BA8YCJ04XZS_9X@R8$%WT.png
D:\一轮\hermes_带人物\1人\备份_2025-03-15_D)B9{UI)R27PCZO2DU~ASC1.jpg	D:\一轮\hermes_带人物\1人\备份_2025-03-15_D)B9{UI)R27PCZO2DU~ASC1.png
D:\一轮\hermes_带人物\1人\备份_2025-03-16_DBS4X2VC2BOU@97Y{}]5Z%J.jpg	D:\一轮\hermes_带人物\1人\备份_2025-03-16_DBS4X2VC2BOU@97Y{}]5Z%J.png
D:\一轮\hermes_带人物\1人\备份_2025-03-17_IO((M1%203U`1]R%A{S@%F8.jpg	D:\一轮\hermes_带人物\1人\备份_2025-03-17_IO((M1%203U`1]R%A{S@%F8.png
D:\一轮\hermes_带人物\1人\备份_2025-03-19_F$KQ512$Z{SW6~CRQ2Z%RMP.JPG	D:\一轮\hermes_带人物\1人\备份_2025-03-19_F$KQ512$Z{SW6~CRQ2Z%RMP.png
D:\一轮\hermes_带人物\1人\备份_2025-03-19_R]{$Z0$)[HCIUXW)583NYHH.jpg	D:\一轮\hermes_带人物\1人\备份_2025-03-19_R]{$Z0$)[HCIUXW)583NYHH.png
D:\一轮\hermes_带人物\1人\备份_2025-04-01_C){UY](SPNAGX9S~QQU_P}I.jpg	D:\一轮\hermes_带人物\1人\备份_2025-04-01_C){UY](SPNAGX9S~QQU_P}I.png
D:\一轮\hermes_带人物\1人\备份_2025-04-03_2@]SV75_{11%37FGWW1VD]I.JPG	D:\一轮\hermes_带人物\1人\备份_2025-04-03_2@]SV75_{11%37FGWW1VD]I.png
D:\一轮\hermes_带人物\1人\备份_2025-04-04_C~QZ2{`]`3~UYCP[]1TM~BP.jpg	D:\一轮\hermes_带人物\1人\备份_2025-04-04_C~QZ2{`]`3~UYCP[]1TM~BP.png
D:\一轮\hermes_带人物\1人\备份_2025-04-04_{{KBFN{ZC`Q_QB}QNR0XSHX.jpg	D:\一轮\hermes_带人物\1人\备份_2025-04-04_{{KBFN{ZC`Q_QB}QNR0XSHX.png
D:\一轮\hermes_带人物\1人\备份_2025-04-14_3)B$EYP%(I2173HPK7FYQJF.jpg	D:\一轮\hermes_带人物\1人\备份_2025-04-14_3)B$EYP%(I2173HPK7FYQJF.png
D:\一轮\hermes_带人物\1人\备份_2025-04-14_O}VW3BJFMM_1}XOU%7W(_1O.jpg	D:\一轮\hermes_带人物\1人\备份_2025-04-14_O}VW3BJFMM_1}XOU%7W(_1O.png
D:\一轮\hermes_带人物\1人\备份_2025-04-17_93K8Z%KLZ833G2ZTPT0A7TK.jpg	D:\一轮\hermes_带人物\1人\备份_2025-04-17_93K8Z%KLZ833G2ZTPT0A7TK.png
D:\一轮\hermes_带人物\1人\备份_2025-04-17_{2]BP45)JFN)]S8SR$4K651.jpg	D:\一轮\hermes_带人物\1人\备份_2025-04-17_{2]BP45)JFN)]S8SR$4K651.png
D:\一轮\hermes_带人物\1人\备份_2025-05-20_CZJL1DRW$7%}~FLTF}%P`(E.jpg	D:\一轮\hermes_带人物\1人\备份_2025-05-20_CZJL1DRW$7%}~FLTF}%P`(E.png
D:\一轮\hermes_带人物\1人\备份_2025-06-11__{YBYMB27GVSCU]OE$J_HI4.jpg	D:\一轮\hermes_带人物\1人\备份_2025-06-11__{YBYMB27GVSCU]OE$J_HI4.png
D:\一轮\hermes_带人物\1人\备份_2025-06-18_4RD69%ZI]VSYMM57{3X9@$2.jpg	D:\一轮\hermes_带人物\1人\备份_2025-06-18_4RD69%ZI]VSYMM57{3X9@$2.png
D:\一轮\hermes_带人物\1人\备份_2025-08-19_M2%[$B61[N$C%X%K1@~~AGC.jpg	D:\一轮\hermes_带人物\1人\备份_2025-08-19_M2%[$B61[N$C%X%K1@~~AGC.png
D:\一轮\hermes_带人物\1人\备份_2025-08-20_J$QHGAMU`2`A~I@{WN3HW[E.JPG	D:\一轮\hermes_带人物\1人\备份_2025-08-20_J$QHGAMU`2`A~I@{WN3HW[E.png
D:\一轮\hermes_带人物\1人\备份_2025-08-23_]4Q$YHHR5{L%7XA_B0~{5K9.jpg	D:\一轮\hermes_带人物\1人\备份_2025-08-23_]4Q$YHHR5{L%7XA_B0~{5K9.png
D:\一轮\hermes_带人物\1人\备份_2025-09-13_P`8L(M$]%38A6)K{YU(%MGV.jpg	D:\一轮\hermes_带人物\1人\备份_2025-09-13_P`8L(M$]%38A6)K{YU(%MGV.png
D:\一轮\hermes_带人物\1人\备份_2025-09-13_TC1%M`(RQ[1U2$([[RYR31T.jpg	D:\一轮\hermes_带人物\1人\备份_2025-09-13_TC1%M`(RQ[1U2$([[RYR31T.png
D:\一轮\hermes_带人物\1人\备份_2025-09-17_FJ{K0)MN}IOD0B}}Q`(GH%4.jpg	D:\一轮\hermes_带人物\1人\备份_2025-09-17_FJ{K0)MN}IOD0B}}Q`(GH%4.png
D:\一轮\hermes_带人物\1人\备份_2025-09-20_%76GT1~A$OAYDKHSJ1OQTEF.jpg	D:\一轮\hermes_带人物\1人\备份_2025-09-20_%76GT1~A$OAYDKHSJ1OQTEF.png
D:\一轮\hermes_带人物\1人\备份_2025-09-24_9W{JE0NED52P%TG0}ZNE`0T.jpg	D:\一轮\hermes_带人物\1人\备份_2025-09-24_9W{JE0NED52P%TG0}ZNE`0T.png
D:\一轮\hermes_带人物\1人\备份_2025-10-03_4XVZ`~_DWN8NRBW{}}6)]UD.bmp	D:\一轮\hermes_带人物\1人\备份_2025-10-03_4XVZ`~_DWN8NRBW{}}6)]UD.png
D:\一轮\hermes_带人物\1人\备份_2025-10-22_]DH_0}M1~Z{@$9[F3@P$%@V.jpg	D:\一轮\hermes_带人物\1人\备份_2025-10-22_]DH_0}M1~Z{@$9[F3@P$%@V.png
D:\一轮\hermes_带人物\1人\备份_2025-10-23_JS~~5)2M)H%M{$CXH0XFMW2.jpg	D:\一轮\hermes_带人物\1人\备份_2025-10-23_JS~~5)2M)H%M{$CXH0XFMW2.png
D:\一轮\hermes_带人物\1人\备份_2025-10-23_N1V00QR{_`4]Q9ZITUHZN0Y.jpg	D:\一轮\hermes_带人物\1人\备份_2025-10-23_N1V00QR{_`4]Q9ZITUHZN0Y.png
D:\一轮\hermes_带人物\1人\备份_2025-10-24_{$5T9@OYI{T(2BH}Q8OQTTW.jpg	D:\一轮\hermes_带人物\1人\备份_2025-10-24_{$5T9@OYI{T(2BH}Q8OQTTW.png
D:\一轮\hermes_带人物\1人\备份_2025-10-25_JO8C%7CR`8D4`71262)Z~OF.jpg	D:\一轮\hermes_带人物\1人\备份_2025-10-25_JO8C%7CR`8D4`71262)Z~OF.png
D:\一轮\hermes_带人物\1人\备份_2025-10-25_`$A@41}NH9{%7[`9Q)%]J~2.jpg	D:\一轮\hermes_带人物\1人\备份_2025-10-25_`$A@41}NH9{%7[`9Q)%]J~2.png
D:\一轮\hermes_带人物\1人\备份_2025-11-06_P~~38BO5`G$@B[W5E{HB5YD.jpg	D:\一轮\hermes_带人物\1人\备份_2025-11-06_P~~38BO5`G$@B[W5E{HB5YD.png
D:\一轮\hermes_带人物\1人\备份_2025-12-20_0UI0(EFIZ%43K@QD[Z2Z%8V.jpg	D:\一轮\hermes_带人物\1人\备份_2025-12-20_0UI0(EFIZ%43K@QD[Z2Z%8V.png
D:\一轮\hermes_带人物\1人\有用_2Q(T@(3N`VL0POYZF{MARMS.jpg	D:\一轮\hermes_带人物\1人\有用_2Q(T@(3N`VL0POYZF{MARMS.png
D:\一轮\hermes_带人物\1人\有用_3UV)G@I{F1Z2(5Z]7ORYJYG.jpg	D:\一轮\hermes_带人物\1人\有用_3UV)G@I{F1Z2(5Z]7ORYJYG.png
D:\一轮\hermes_带人物\1人\有用_3]4AA3)FI%Z8HHAK%2%58VW.jpg	D:\一轮\hermes_带人物\1人\有用_3]4AA3)FI%Z8HHAK%2%58VW.png
D:\一轮\hermes_带人物\1人\有用_B[86TMDU0S99B{MR{$O4HXX.jpg	D:\一轮\hermes_带人物\1人\有用_B[86TMDU0S99B{MR{$O4HXX.png
D:\一轮\hermes_带人物\1人\有用_FG~%X@Y0Z)207LOK3CF%61A.jpg	D:\一轮\hermes_带人物\1人\有用_FG~%X@Y0Z)207LOK3CF%61A.png
D:\一轮\hermes_带人物\1人\有用_GB5FSP5RML@XZL1{Q6@2T)L.jpg	D:\一轮\hermes_带人物\1人\有用_GB5FSP5RML@XZL1{Q6@2T)L.png
D:\一轮\hermes_带人物\1人\有用_GIAO`SC$5E9%0AS`7G[ER93.jpg	D:\一轮\hermes_带人物\1人\有用_GIAO`SC$5E9%0AS`7G[ER93.png
D:\一轮\hermes_带人物\1人\有用_G_CKTIRVHSS__7`(Q{2)KXD.jpg	D:\一轮\hermes_带人物\1人\有用_G_CKTIRVHSS__7`(Q{2)KXD.png
D:\一轮\hermes_带人物\1人\有用_IL1NPIN8@VT{$}[$62`{(SQ.jpg	D:\一轮\hermes_带人物\1人\有用_IL1NPIN8@VT{$}[$62`{(SQ.png
D:\一轮\hermes_带人物\1人\有用_L)%IAX5[%BVM0KA$`DGFDSF.jpg	D:\一轮\hermes_带人物\1人\有用_L)%IAX5[%BVM0KA$`DGFDSF.png
D:\一轮\hermes_带人物\1人\有用_L68DLQJA{46D2VW91Z(7QA3.jpg	D:\一轮\hermes_带人物\1人\有用_L68DLQJA{46D2VW91Z(7QA3.png
D:\一轮\hermes_带人物\1人\有用_MXNO27AB(U90}[L0%OESO5R.jpg	D:\一轮\hermes_带人物\1人\有用_MXNO27AB(U90}[L0%OESO5R.png
D:\一轮\hermes_带人物\1人\有用_N$P[9]5XJ7]FR4X}13MD%`Y.jpg	D:\一轮\hermes_带人物\1人\有用_N$P[9]5XJ7]FR4X}13MD%`Y.png
D:\一轮\hermes_带人物\1人\有用_P{`(T[AJ{@0J$VN{`%QU@@L.jpg	D:\一轮\hermes_带人物\1人\有用_P{`(T[AJ{@0J$VN{`%QU@@L.png
D:\一轮\hermes_带人物\1人\有用_QBMYV6`S~8GHP]1%N9X$SBQ.jpg	D:\一轮\hermes_带人物\1人\有用_QBMYV6`S~8GHP]1%N9X$SBQ.png
D:\一轮\hermes_带人物\1人\有用_QYD~RTI(P~UZ}$A%LVFHGEF.jpg	D:\一轮\hermes_带人物\1人\有用_QYD~RTI(P~UZ}$A%LVFHGEF.png
D:\一轮\hermes_带人物\1人\有用_SV[M%6(EV~FS1GK]0KKEV}7.jpg	D:\一轮\hermes_带人物\1人\有用_SV[M%6(EV~FS1GK]0KKEV}7.png
D:\一轮\hermes_带人物\1人\有用_T5331G(F`[5@O]JGT1KIK%6.jpg	D:\一轮\hermes_带人物\1人\有用_T5331G(F`[5@O]JGT1KIK%6.png
D:\一轮\hermes_带人物\1人\有用_W%~0T32[{D@C5J@RF(~YG6P.jpg	D:\一轮\hermes_带人物\1人\有用_W%~0T32[{D@C5J@RF(~YG6P.png
D:\一轮\hermes_带人物\1人\有用_Z4GRUI[3%_$YNIH(5BH7L$N.jpg	D:\一轮\hermes_带人物\1人\有用_Z4GRUI[3%_$YNIH(5BH7L$N.png
D:\一轮\hermes_带人物\1人\有用_ZFWMJ@%K2F_VN9@%9@3~}YU.jpg	D:\一轮\hermes_带人物\1人\有用_ZFWMJ@%K2F_VN9@%9@3~}YU.png
D:\一轮\hermes_带人物\1人\有用_]N%B)RCRG]0`HA}26%B%E}Q.jpg	D:\一轮\hermes_带人物\1人\有用_]N%B)RCRG]0`HA}26%B%E}Q.png
D:\一轮\hermes_带人物\1人\有用_`2ZZ{JIX7{QKCFL3}ZZLID7.jpg	D:\一轮\hermes_带人物\1人\有用_`2ZZ{JIX7{QKCFL3}ZZLID7.png
D:\一轮\hermes_带人物\1人\有用_{36VUMJ]6R542X$BD~R~N`7.jpg	D:\一轮\hermes_带人物\1人\有用_{36VUMJ]6R542X$BD~R~N`7.png
D:\一轮\hermes_带人物\1人\有用_}%))CF[A`%H96K1T0N6E{7U.jpg	D:\一轮\hermes_带人物\1人\有用_}%))CF[A`%H96K1T0N6E{7U.png
D:\一轮\hermes_带人物\1人\有用_~}DR9{FO%DAL`Q(T4NVE)3T.jpg	D:\一轮\hermes_带人物\1人\有用_~}DR9{FO%DAL`Q(T4NVE)3T.png
D:\一轮\hermes_带人物\2人\Hermes-base__图片_有用_}C]4DFZOO1(7BGGSV{[@6W3 (2024_11_13 09_19_52 UTC).bmp	D:\一轮\hermes_带人物\2人\Hermes-base__图片_有用_}C]4DFZOO1(7BGGSV{[@6W3 (2024_11_13 09_19_52 UTC).jpg
D:\一轮\hermes_带人物\2人\opencode__图片_备份_2025-08-05_3LB9KDK_D][%N($1FE@RX_J.jpg	D:\一轮\hermes_带人物\2人\opencode__图片_备份_2025-08-05_3LB9KDK_D][%N($1FE@RX_J.png
D:\一轮\hermes_带人物\2人\三次元_8I@TFRK~I%33[Z86I{ZVDWW.jpg	D:\一轮\hermes_带人物\2人\三次元_8I@TFRK~I%33[Z86I{ZVDWW.png
D:\一轮\hermes_带人物\2人\备份_2025-04-28_Q%F7QE%IS[F2%1BH1%])49P.jpg	D:\一轮\hermes_带人物\2人\备份_2025-04-28_Q%F7QE%IS[F2%1BH1%])49P.png
D:\一轮\hermes_带人物\2人\备份_2025-09-08_))`%]A9YB653Q9Q}WU(DAD2.JPG	D:\一轮\hermes_带人物\2人\备份_2025-09-08_))`%]A9YB653Q9Q}WU(DAD2.png
D:\一轮\hermes_带人物\2人\备份_2025-09-08_L_4O5[9A@X}GV)G{RU_0N`6.JPG	D:\一轮\hermes_带人物\2人\备份_2025-09-08_L_4O5[9A@X}GV)G{RU_0N`6.png
D:\一轮\hermes_带人物\2人\备份_2025-09-17_`618{ZEE60R]W(RPOGZ$]XG.jpg	D:\一轮\hermes_带人物\2人\备份_2025-09-17_`618{ZEE60R]W(RPOGZ$]XG.png
D:\一轮\hermes_带人物\2人\备份_2025-09-21_}{KFKW{5U%TS[53%`6DUY(8.jpg	D:\一轮\hermes_带人物\2人\备份_2025-09-21_}{KFKW{5U%TS[53%`6DUY(8.png
D:\一轮\hermes_带人物\2人\备份_2025-09-28__XXJB7Q5BWW91V5TY01D{)N.jpg	D:\一轮\hermes_带人物\2人\备份_2025-09-28__XXJB7Q5BWW91V5TY01D{)N.png
D:\一轮\hermes_带人物\2人\备份_2025-11-27_K092%5W[EXBDF9_`]IQJ41Z.jpg	D:\一轮\hermes_带人物\2人\备份_2025-11-27_K092%5W[EXBDF9_`]IQJ41Z.png
D:\一轮\hermes_带人物\2人\有用_Q)M29RKYL8WL1I04E1{C}8B.jpg	D:\一轮\hermes_带人物\2人\有用_Q)M29RKYL8WL1I04E1{C}8B.png
D:\一轮\hermes_带人物\2人\有用_Q_}W[P10_(]`KRZJ2I@%GB4.jpg	D:\一轮\hermes_带人物\2人\有用_Q_}W[P10_(]`KRZJ2I@%GB4.png
D:\一轮\hermes_带人物\2人\有用_[{4G[JEPCBM_B2}YG@M}%R8.jpg	D:\一轮\hermes_带人物\2人\有用_[{4G[JEPCBM_B2}YG@M}%R8.png
D:\一轮\hermes_带人物\Hermes-base__图片_有用_A5L@1%8CFSFKC24PU[QWYFN.jpg	D:\一轮\hermes_带人物\Hermes-base__图片_有用_A5L@1%8CFSFKC24PU[QWYFN.png
D:\一轮\hermes_带人物\Hermes-base__图片_有用_AZW~X1MT5}{G2$RF7KY`ZL2_tmb (2024_11_13 09_19_52 UTC).PNG	D:\一轮\hermes_带人物\Hermes-base__图片_有用_AZW~X1MT5}{G2$RF7KY`ZL2_tmb (2024_11_13 09_19_52 UTC).jpg
D:\一轮\hermes_带人物\Hermes-base__图片_有用_B5@($3`BV%PYA7~H_)W_HGH.jpg	D:\一轮\hermes_带人物\Hermes-base__图片_有用_B5@($3`BV%PYA7~H_)W_HGH.png
D:\一轮\hermes_带人物\Hermes-base__图片_有用_C~$@$MT%S6~Y3[Q8@I1ZZ{9_tmb (2024_11_13 09_19_52 UTC).bmp	D:\一轮\hermes_带人物\Hermes-base__图片_有用_C~$@$MT%S6~Y3[Q8@I1ZZ{9_tmb (2024_11_13 09_19_52 UTC).jpg
D:\一轮\hermes_带人物\Hermes-base__图片_有用_D{XLNHRJ)QZ4UC6]@Z[7VU4.jpg	D:\一轮\hermes_带人物\Hermes-base__图片_有用_D{XLNHRJ)QZ4UC6]@Z[7VU4.png
D:\一轮\hermes_带人物\Hermes-base__图片_有用_GXG6D${W%RR{E8Z}AJC9JBF_tmb (2024_11_13 09_19_52 UTC).bmp	D:\一轮\hermes_带人物\Hermes-base__图片_有用_GXG6D${W%RR{E8Z}AJC9JBF_tmb (2024_11_13 09_19_52 UTC).jpg
D:\一轮\hermes_带人物\Hermes-base__图片_有用_G(]%5G6OUM}7@78_`E7R6L4.jpg	D:\一轮\hermes_带人物\Hermes-base__图片_有用_G(]%5G6OUM}7@78_`E7R6L4.png
D:\一轮\hermes_带人物\Hermes-base__图片_有用_H($K0[ABB205401TY$OXS{8.jpg	D:\一轮\hermes_带人物\Hermes-base__图片_有用_H($K0[ABB205401TY$OXS{8.png
D:\一轮\hermes_带人物\Hermes-base__图片_有用_K_ZI3P_4BE~JDX40~F{W_19_tmb (2024_11_13 09_19_52 UTC).PNG	D:\一轮\hermes_带人物\Hermes-base__图片_有用_K_ZI3P_4BE~JDX40~F{W_19_tmb (2024_11_13 09_19_52 UTC).jpg
D:\一轮\hermes_带人物\Hermes-base__图片_有用_LTN3%1Q}DKLFMDOWCS3DPCE.jpg	D:\一轮\hermes_带人物\Hermes-base__图片_有用_LTN3%1Q}DKLFMDOWCS3DPCE.png
D:\一轮\hermes_带人物\Hermes-base__图片_有用_MWF~R[J]TN@S8{MA``DPV%W.jpg	D:\一轮\hermes_带人物\Hermes-base__图片_有用_MWF~R[J]TN@S8{MA``DPV%W.png
D:\一轮\hermes_带人物\Hermes-base__图片_有用_OKD}]`S3]5@B${ET30J0$KO_tmb (2024_11_13 09_19_52 UTC).bmp	D:\一轮\hermes_带人物\Hermes-base__图片_有用_OKD}]`S3]5@B${ET30J0$KO_tmb (2024_11_13 09_19_52 UTC).jpg
D:\一轮\hermes_带人物\Hermes-base__图片_有用_OM]Q5RZS4W5%O[}([`16YKB.jpg	D:\一轮\hermes_带人物\Hermes-base__图片_有用_OM]Q5RZS4W5%O[}([`16YKB.png
D:\一轮\hermes_带人物\Hermes-base__图片_有用_PUX158YR0J256[{%OGPFP}Q.jpg	D:\一轮\hermes_带人物\Hermes-base__图片_有用_PUX158YR0J256[{%OGPFP}Q.png
D:\一轮\hermes_带人物\Hermes-base__图片_有用_QXYG})Q61ZWH[8N@{ZU6NOW_tmb (2024_11_13 09_19_52 UTC).jpg	D:\一轮\hermes_带人物\Hermes-base__图片_有用_QXYG})Q61ZWH[8N@{ZU6NOW_tmb (2024_11_13 09_19_52 UTC).png
D:\一轮\hermes_带人物\Hermes-base__图片_有用_S]J1JCKZCX({AMEDQ)$UMN7.jpg	D:\一轮\hermes_带人物\Hermes-base__图片_有用_S]J1JCKZCX({AMEDQ)$UMN7.png
D:\一轮\hermes_带人物\Hermes-base__图片_有用_UU2%JL5H@~%N~7U36OBSIWH.jpg	D:\一轮\hermes_带人物\Hermes-base__图片_有用_UU2%JL5H@~%N~7U36OBSIWH.png
D:\一轮\hermes_带人物\Hermes-base__图片_有用_UZX@O]8@Z%CN@5(FPQ@$BVF_tmb (2024_11_13 09_19_52 UTC).jpg	D:\一轮\hermes_带人物\Hermes-base__图片_有用_UZX@O]8@Z%CN@5(FPQ@$BVF_tmb (2024_11_13 09_19_52 UTC).png
D:\一轮\hermes_带人物\Hermes-base__图片_有用_WIR)(%]DBRMS5%4(JH3AB(F.jpg	D:\一轮\hermes_带人物\Hermes-base__图片_有用_WIR)(%]DBRMS5%4(JH3AB(F.png
D:\一轮\hermes_带人物\Hermes-base__图片_有用_W_8O{~8_Q8FZN(FH2_S}TGF_tmb (2024_11_13 09_19_52 UTC).bmp	D:\一轮\hermes_带人物\Hermes-base__图片_有用_W_8O{~8_Q8FZN(FH2_S}TGF_tmb (2024_11_13 09_19_52 UTC).jpg
D:\一轮\hermes_带人物\Hermes-base__图片_有用_Y%`0~(F{`~PS([W6[[)()3T_tmb (2024_11_13 09_19_52 UTC).bmp	D:\一轮\hermes_带人物\Hermes-base__图片_有用_Y%`0~(F{`~PS([W6[[)()3T_tmb (2024_11_13 09_19_52 UTC).jpg
D:\一轮\hermes_带人物\Hermes-base__图片_有用_Z_O4XP4GJXG2%YPRK_]7]LO.jpg	D:\一轮\hermes_带人物\Hermes-base__图片_有用_Z_O4XP4GJXG2%YPRK_]7]LO.png
D:\一轮\hermes_带人物\Hermes-base__图片_有用_[5FVUK8{BYF[)Z1`DUH)UPM_tmb (2024_11_13 09_19_52 UTC).png	D:\一轮\hermes_带人物\Hermes-base__图片_有用_[5FVUK8{BYF[)Z1`DUH)UPM_tmb (2024_11_13 09_19_52 UTC).jpg
D:\一轮\hermes_带人物\Hermes-base__图片_有用_[C2LLH6[%I($KG)ZD[]9K@F.jpg	D:\一轮\hermes_带人物\Hermes-base__图片_有用_[C2LLH6[%I($KG)ZD[]9K@F.png
D:\一轮\hermes_带人物\Hermes-base__图片_有用__Y{W}SCA)OKP$0JO(FP6HNJ_tmb (2024_11_13 09_19_52 UTC).bmp	D:\一轮\hermes_带人物\Hermes-base__图片_有用__Y{W}SCA)OKP$0JO(FP6HNJ_tmb (2024_11_13 09_19_52 UTC).jpg
D:\一轮\hermes_带人物\Hermes-base__图片_有用_`(LTE1U3X15`O%AGIOH{P{A.jpg	D:\一轮\hermes_带人物\Hermes-base__图片_有用_`(LTE1U3X15`O%AGIOH{P{A.png
D:\一轮\hermes_带人物\Hermes-base__图片_有用_}FKJY[@4SIW8X67{}4R`]8R_tmb (2024_11_13 09_19_52 UTC).png	D:\一轮\hermes_带人物\Hermes-base__图片_有用_}FKJY[@4SIW8X67{}4R`]8R_tmb (2024_11_13 09_19_52 UTC).jpg
D:\一轮\hermes_带人物\Hermes-base__图片_有用_~RE}]M(V(@M(ICH)6R[{92L.jpg	D:\一轮\hermes_带人物\Hermes-base__图片_有用_~RE}]M(V(@M(ICH)6R[{92L.png
D:\一轮\hermes_带人物\Hermes-base__图片_有用_~SVW[M{_%BZ7R]MGYM2K`32.jpg	D:\一轮\hermes_带人物\Hermes-base__图片_有用_~SVW[M{_%BZ7R]MGYM2K`32.png
D:\一轮\hermes_带人物\opencode__图片_三次元_%RW`XA{5J5JNAFDNL4Z1K0R_tmb (2024_11_13 09_19_52 UTC).bmp	D:\一轮\hermes_带人物\opencode__图片_三次元_%RW`XA{5J5JNAFDNL4Z1K0R_tmb (2024_11_13 09_19_52 UTC).jpg
D:\一轮\hermes_带人物\opencode__图片_三次元_)~[8R2LBT%5`0NP08FWL2I1.jpg	D:\一轮\hermes_带人物\opencode__图片_三次元_)~[8R2LBT%5`0NP08FWL2I1.png
D:\一轮\hermes_带人物\opencode__图片_三次元_4{$[JP}YTZ50GHU$BYRNPJQ_tmb (2024_11_13 09_19_52 UTC).bmp	D:\一轮\hermes_带人物\opencode__图片_三次元_4{$[JP}YTZ50GHU$BYRNPJQ_tmb (2024_11_13 09_19_52 UTC).jpg
D:\一轮\hermes_带人物\opencode__图片_三次元_5BHWM)IB9J2_%{QM(DNP)9C_tmb (2024_11_13 09_19_52 UTC).png	D:\一轮\hermes_带人物\opencode__图片_三次元_5BHWM)IB9J2_%{QM(DNP)9C_tmb (2024_11_13 09_19_52 UTC).jpg
D:\一轮\hermes_带人物\opencode__图片_三次元_5ON3TTV5NRCQ{[2`5UD01ID_tmb (2024_11_13 09_19_52 UTC).bmp	D:\一轮\hermes_带人物\opencode__图片_三次元_5ON3TTV5NRCQ{[2`5UD01ID_tmb (2024_11_13 09_19_52 UTC).jpg
D:\一轮\hermes_带人物\opencode__图片_三次元_66JZEW{{4H%W6%3%DREP2TM.jpg	D:\一轮\hermes_带人物\opencode__图片_三次元_66JZEW{{4H%W6%3%DREP2TM.png
D:\一轮\hermes_带人物\opencode__图片_三次元_8)`7Y~D5%SIY]~`HWT1}TK1.jpg	D:\一轮\hermes_带人物\opencode__图片_三次元_8)`7Y~D5%SIY]~`HWT1}TK1.png
D:\一轮\hermes_带人物\opencode__图片_三次元_89J~OF5PISYQL{Q8XUJ}82D.jpg	D:\一轮\hermes_带人物\opencode__图片_三次元_89J~OF5PISYQL{Q8XUJ}82D.png
D:\一轮\hermes_带人物\opencode__图片_三次元_CZ@EW9ABL~~)LG6{5IX`$$F.JPG	D:\一轮\hermes_带人物\opencode__图片_三次元_CZ@EW9ABL~~)LG6{5IX`$$F.png
D:\一轮\hermes_带人物\opencode__图片_备份_2023-05-07_1(T@{PR)]5P5@N[$CA_~R}V_tmb (2024_11_13 09_19_52 UTC).bmp	D:\一轮\hermes_带人物\opencode__图片_备份_2023-05-07_1(T@{PR)]5P5@N[$CA_~R}V_tmb (2024_11_13 09_19_52 UTC).jpg
D:\一轮\hermes_带人物\opencode__图片_备份_2023-05-23_GGJUC710TY107{59Y_{POZD_tmb (2024_11_13 09_19_52 UTC).bmp	D:\一轮\hermes_带人物\opencode__图片_备份_2023-05-23_GGJUC710TY107{59Y_{POZD_tmb (2024_11_13 09_19_52 UTC).jpg
D:\一轮\hermes_带人物\opencode__图片_备份_2023-07-24_H0C7G_%@)O%3{WFN~4P99}1 (2024_11_13 09_19_52 UTC).bmp	D:\一轮\hermes_带人物\opencode__图片_备份_2023-07-24_H0C7G_%@)O%3{WFN~4P99}1 (2024_11_13 09_19_52 UTC).jpg
D:\一轮\hermes_带人物\opencode__图片_备份_2023-09-02_ZY7APWCSR2S0{_0TANE39P7_tmb (2024_11_13 09_19_52 UTC).png	D:\一轮\hermes_带人物\opencode__图片_备份_2023-09-02_ZY7APWCSR2S0{_0TANE39P7_tmb (2024_11_13 09_19_52 UTC).jpg
D:\一轮\hermes_带人物\opencode__图片_备份_2023-09-28_{)TT02`@60K0FT`7LV{FS]5_tmb (2024_11_13 09_19_52 UTC).png	D:\一轮\hermes_带人物\opencode__图片_备份_2023-09-28_{)TT02`@60K0FT`7LV{FS]5_tmb (2024_11_13 09_19_52 UTC).jpg
D:\一轮\hermes_带人物\opencode__图片_备份_2023-11-01_GD7)CK$H7L${TXUE~M11$P1_tmb (2024_11_13 09_19_52 UTC).png	D:\一轮\hermes_带人物\opencode__图片_备份_2023-11-01_GD7)CK$H7L${TXUE~M11$P1_tmb (2024_11_13 09_19_52 UTC).jpg
D:\一轮\hermes_带人物\opencode__图片_备份_2023-11-01_{PZ}ONXH}P{4E4XBHUCXG11_tmb (2024_11_13 09_19_52 UTC).png	D:\一轮\hermes_带人物\opencode__图片_备份_2023-11-01_{PZ}ONXH}P{4E4XBHUCXG11_tmb (2024_11_13 09_19_52 UTC).jpg
D:\一轮\hermes_带人物\opencode__图片_备份_2023-11-08_]0O5P7LE[P_@A{]IC`Q)L[0_tmb (2024_11_13 09_19_52 UTC).png	D:\一轮\hermes_带人物\opencode__图片_备份_2023-11-08_]0O5P7LE[P_@A{]IC`Q)L[0_tmb (2024_11_13 09_19_52 UTC).jpg
D:\一轮\hermes_带人物\opencode__图片_备份_2025-03-13_G_`15%$M2J8[AC6CW`8$W`F.jpg	D:\一轮\hermes_带人物\opencode__图片_备份_2025-03-13_G_`15%$M2J8[AC6CW`8$W`F.png
D:\一轮\hermes_带人物\opencode__图片_备份_2025-03-15_6%2U6HRXQ4@_M}$ZKM_9]OG.jpg	D:\一轮\hermes_带人物\opencode__图片_备份_2025-03-15_6%2U6HRXQ4@_M}$ZKM_9]OG.png
D:\一轮\hermes_带人物\opencode__图片_备份_2025-03-16_3M946468{CTS4AJ~SO8N7VY.jpg	D:\一轮\hermes_带人物\opencode__图片_备份_2025-03-16_3M946468{CTS4AJ~SO8N7VY.png
D:\一轮\hermes_带人物\opencode__图片_备份_2025-03-19_P[CZZJ{`_959FLK]BX%X{7N.JPG	D:\一轮\hermes_带人物\opencode__图片_备份_2025-03-19_P[CZZJ{`_959FLK]BX%X{7N.png
D:\一轮\hermes_带人物\opencode__图片_备份_2025-04-04_3U~F9IZ0$WG[3X%1{}ZZ_Z1.jpg	D:\一轮\hermes_带人物\opencode__图片_备份_2025-04-04_3U~F9IZ0$WG[3X%1{}ZZ_Z1.png
D:\一轮\hermes_带人物\opencode__图片_备份_2025-06-13_{5RFILY{5_@MYQ2[[Z002DB.jpg	D:\一轮\hermes_带人物\opencode__图片_备份_2025-06-13_{5RFILY{5_@MYQ2[[Z002DB.png
D:\一轮\hermes_带人物\opencode__图片_备份_2025-08-19_%MAM$EEQ0)X~2G1$SR{`U40.jpg	D:\一轮\hermes_带人物\opencode__图片_备份_2025-08-19_%MAM$EEQ0)X~2G1$SR{`U40.png
D:\一轮\hermes_带人物\opencode__图片_备份_2025-08-19_UG2%NU15{M3CN[KTU`ZEFPA.jpg	D:\一轮\hermes_带人物\opencode__图片_备份_2025-08-19_UG2%NU15{M3CN[KTU`ZEFPA.png
D:\一轮\hermes_带人物\opencode__图片_备份_2025-08-19_`O(Q}~}1C}KW{O)8G$$69GO.jpg	D:\一轮\hermes_带人物\opencode__图片_备份_2025-08-19_`O(Q}~}1C}KW{O)8G$$69GO.png
D:\一轮\hermes_带人物\opencode__图片_备份_2025-08-27_LRJC8}D_RJ)IN8OW@TC%9~O.jpg	D:\一轮\hermes_带人物\opencode__图片_备份_2025-08-27_LRJC8}D_RJ)IN8OW@TC%9~O.png
D:\一轮\hermes_带人物\opencode__图片_备份_2025-09-19_O83{CIKKU6BV)_N$B`$7OCD.jpg	D:\一轮\hermes_带人物\opencode__图片_备份_2025-09-19_O83{CIKKU6BV)_N$B`$7OCD.png
D:\一轮\hermes_带人物\opencode__图片_备份_2025-09-23_P7B`{B)%QN()~R5A~PUJ%23.jpg	D:\一轮\hermes_带人物\opencode__图片_备份_2025-09-23_P7B`{B)%QN()~R5A~PUJ%23.png
D:\一轮\hermes_带人物\opencode__图片_备份_2025-09-27_I_34[5{8QM]IKQW6U{83B_M.jpg	D:\一轮\hermes_带人物\opencode__图片_备份_2025-09-27_I_34[5{8QM]IKQW6U{83B_M.png
D:\一轮\hermes_带人物\opencode__图片_备份_2025-10-02_3JBJ~`0{WW)%O}QK6ZPFE]L.jpg	D:\一轮\hermes_带人物\opencode__图片_备份_2025-10-02_3JBJ~`0{WW)%O}QK6ZPFE]L.png
D:\一轮\hermes_带人物\opencode__图片_备份_2026-04-15_MN4R3_TW)X64PZ$D40YSS{Q.jpg	D:\一轮\hermes_带人物\opencode__图片_备份_2026-04-15_MN4R3_TW)X64PZ$D40YSS{Q.png
D:\一轮\hermes_带人物\opencode__图片_有用_0CG_CX@9KWV)(V{10EH}8O3.JPG	D:\一轮\hermes_带人物\opencode__图片_有用_0CG_CX@9KWV)(V{10EH}8O3.png
D:\一轮\hermes_带人物\三次元_$67{7DR2}}C5GJLTBJ4_78Q.jpg	D:\一轮\hermes_带人物\三次元_$67{7DR2}}C5GJLTBJ4_78Q.png
D:\一轮\hermes_带人物\三次元_%0X~AGO4YK4K_{[PPB6V7{M.jpg	D:\一轮\hermes_带人物\三次元_%0X~AGO4YK4K_{[PPB6V7{M.png
D:\一轮\hermes_带人物\三次元_%5]57L@0P9GQY7TMM]2(O~4.jpg	D:\一轮\hermes_带人物\三次元_%5]57L@0P9GQY7TMM]2(O~4.png
D:\一轮\hermes_带人物\三次元_%6Y`2BJOC`EQ7MRN]SOQ5PJ.jpg	D:\一轮\hermes_带人物\三次元_%6Y`2BJOC`EQ7MRN]SOQ5PJ.png
D:\一轮\hermes_带人物\三次元_%7CQ(U{]ED5SKS0`0(3}JWU.jpg	D:\一轮\hermes_带人物\三次元_%7CQ(U{]ED5SKS0`0(3}JWU.png
D:\一轮\hermes_带人物\三次元_%VB`K7~V6IT645}Y~HP3@QN.jpg	D:\一轮\hermes_带人物\三次元_%VB`K7~V6IT645}Y~HP3@QN.png
D:\一轮\hermes_带人物\三次元_(1H}`KHJNRFQ}@H8`~{DU1A_tmb (2024_11_13 09_19_52 UTC).bmp	D:\一轮\hermes_带人物\三次元_(1H}`KHJNRFQ}@H8`~{DU1A_tmb (2024_11_13 09_19_52 UTC).jpg
D:\一轮\hermes_带人物\三次元_(4%97G3YDB{XN$C$S29D`7W.jpg	D:\一轮\hermes_带人物\三次元_(4%97G3YDB{XN$C$S29D`7W.png
D:\一轮\hermes_带人物\三次元_(57}HS{RC%JHIOIO%0IF(RL_tmb (2024_11_13 09_19_52 UTC).bmp	D:\一轮\hermes_带人物\三次元_(57}HS{RC%JHIOIO%0IF(RL_tmb (2024_11_13 09_19_52 UTC).jpg
D:\一轮\hermes_带人物\三次元_)4@EXD]XU3VC0){6__SYR28_tmb (2024_11_13 09_19_52 UTC).bmp	D:\一轮\hermes_带人物\三次元_)4@EXD]XU3VC0){6__SYR28_tmb (2024_11_13 09_19_52 UTC).jpg
D:\一轮\hermes_带人物\三次元_)H6`II@[JG9Z]$Q_DOM{4FM_tmb (2024_11_13 09_19_52 UTC).bmp	D:\一轮\hermes_带人物\三次元_)H6`II@[JG9Z]$Q_DOM{4FM_tmb (2024_11_13 09_19_52 UTC).jpg
D:\一轮\hermes_带人物\三次元_)RJ(BY8C(7HWV~GFT6_SX{T_tmb (2024_11_13 09_19_52 UTC).bmp	D:\一轮\hermes_带人物\三次元_)RJ(BY8C(7HWV~GFT6_SX{T_tmb (2024_11_13 09_19_52 UTC).jpg
D:\一轮\hermes_带人物\三次元_)U4(HYZ`{WOR07(YG{L~V(A.jpg	D:\一轮\hermes_带人物\三次元_)U4(HYZ`{WOR07(YG{L~V(A.gif
D:\一轮\hermes_带人物\三次元_)X59R9{D`J]((]U4H7~)SD0.jpg	D:\一轮\hermes_带人物\三次元_)X59R9{D`J]((]U4H7~)SD0.png
D:\一轮\hermes_带人物\三次元_4[{NEXNIQ3T`5F06]S07T9I_tmb (2024_11_13 09_19_52 UTC).bmp	D:\一轮\hermes_带人物\三次元_4[{NEXNIQ3T`5F06]S07T9I_tmb (2024_11_13 09_19_52 UTC).jpg
D:\一轮\hermes_带人物\三次元_5({WDO{YYQOBQ(9AR(6QL0L.jpg	D:\一轮\hermes_带人物\三次元_5({WDO{YYQOBQ(9AR(6QL0L.png
D:\一轮\hermes_带人物\三次元_5GQU_YRN{MCNR`EO~ENJ0XP.jpg	D:\一轮\hermes_带人物\三次元_5GQU_YRN{MCNR`EO~ENJ0XP.png
D:\一轮\hermes_带人物\三次元_5J([22%V24F]Y%D_XFDBE3F.jpg	D:\一轮\hermes_带人物\三次元_5J([22%V24F]Y%D_XFDBE3F.png
D:\一轮\hermes_带人物\三次元_5KW[J]IK{KG2_]M3W129ZML.jpg	D:\一轮\hermes_带人物\三次元_5KW[J]IK{KG2_]M3W129ZML.png
D:\一轮\hermes_带人物\三次元_69}[QXT936UO@@C}Y{DBG3O.jpg	D:\一轮\hermes_带人物\三次元_69}[QXT936UO@@C}Y{DBG3O.png
D:\一轮\hermes_带人物\三次元_6DEW]L(DG[6CK{XS`)2}IIQ.jpg	D:\一轮\hermes_带人物\三次元_6DEW]L(DG[6CK{XS`)2}IIQ.png
D:\一轮\hermes_带人物\三次元_6Q$@T)1%1GX8C4HNS)POHWM.jpg	D:\一轮\hermes_带人物\三次元_6Q$@T)1%1GX8C4HNS)POHWM.png
D:\一轮\hermes_带人物\三次元_6S%(~WYLB1GCALFATQ)NSSU.jpg	D:\一轮\hermes_带人物\三次元_6S%(~WYLB1GCALFATQ)NSSU.png
D:\一轮\hermes_带人物\三次元_7$V]{JKBYJ]S3]9B`L1IHRY.jpg	D:\一轮\hermes_带人物\三次元_7$V]{JKBYJ]S3]9B`L1IHRY.png
D:\一轮\hermes_带人物\三次元_7@$XG5@{A78%__HV4_S~W08.jpg	D:\一轮\hermes_带人物\三次元_7@$XG5@{A78%__HV4_S~W08.png
D:\一轮\hermes_带人物\三次元_7YNY~35SUXQ0W(A0M}E_Y%S.jpg	D:\一轮\hermes_带人物\三次元_7YNY~35SUXQ0W(A0M}E_Y%S.png
D:\一轮\hermes_带人物\三次元_7`F{$L12}O9F[7GC`[W_`MI.jpg	D:\一轮\hermes_带人物\三次元_7`F{$L12}O9F[7GC`[W_`MI.png
D:\一轮\hermes_带人物\三次元_7}RM~{KH2@ZRJ]%FIP8]]{K_tmb (2024_11_13 09_19_52 UTC).png	D:\一轮\hermes_带人物\三次元_7}RM~{KH2@ZRJ]%FIP8]]{K_tmb (2024_11_13 09_19_52 UTC).jpg
D:\一轮\hermes_带人物\三次元_80)]NIGY{JI[6$KOSGLQ1[Y.JPG	D:\一轮\hermes_带人物\三次元_80)]NIGY{JI[6$KOSGLQ1[Y.png
D:\一轮\hermes_带人物\三次元_8@{GV120({IQNKJH)C05G)N.jpg	D:\一轮\hermes_带人物\三次元_8@{GV120({IQNKJH)C05G)N.png
D:\一轮\hermes_带人物\三次元_8B_4R2%JO)0VCTD{429U77K.JPG	D:\一轮\hermes_带人物\三次元_8B_4R2%JO)0VCTD{429U77K.png
D:\一轮\hermes_带人物\三次元_8D577LTRZAFS@Q5PTOR){P1.jpg	D:\一轮\hermes_带人物\三次元_8D577LTRZAFS@Q5PTOR){P1.png
D:\一轮\hermes_带人物\三次元_8R4R2J@8W)U43HC0%{UH]ZV.JPG	D:\一轮\hermes_带人物\三次元_8R4R2J@8W)U43HC0%{UH]ZV.png
D:\一轮\hermes_带人物\三次元_8S%8_EA`0A89)4[7K)E{VWY_tmb (2024_11_13 09_19_52 UTC).png	D:\一轮\hermes_带人物\三次元_8S%8_EA`0A89)4[7K)E{VWY_tmb (2024_11_13 09_19_52 UTC).jpg
D:\一轮\hermes_带人物\三次元_8WPO@9NGD9%B[_)Y0}XEN]S.jpg	D:\一轮\hermes_带人物\三次元_8WPO@9NGD9%B[_)Y0}XEN]S.png
D:\一轮\hermes_带人物\三次元_95K{{08RJ}_PC{4RQ_45W7I.jpg	D:\一轮\hermes_带人物\三次元_95K{{08RJ}_PC{4RQ_45W7I.png
D:\一轮\hermes_带人物\三次元_9H{{(E1(0_HKR1F[90KX3)1_tmb (2024_11_13 09_19_52 UTC).bmp	D:\一轮\hermes_带人物\三次元_9H{{(E1(0_HKR1F[90KX3)1_tmb (2024_11_13 09_19_52 UTC).png
D:\一轮\hermes_带人物\三次元_E%XUR)B]I25E77@D8}EWM80.JPG	D:\一轮\hermes_带人物\三次元_E%XUR)B]I25E77@D8}EWM80.png
D:\一轮\hermes_带人物\三次元_JD@QLL}KQMR$NV)[YH_01%U.jpg	D:\一轮\hermes_带人物\三次元_JD@QLL}KQMR$NV)[YH_01%U.png
D:\一轮\hermes_带人物\三次元_M[A8)({5%G%[1(LQ3$5R``F_tmb (2024_11_13 09_19_52 UTC).bmp	D:\一轮\hermes_带人物\三次元_M[A8)({5%G%[1(LQ3$5R``F_tmb (2024_11_13 09_19_52 UTC).jpg
D:\一轮\hermes_带人物\三次元_X9F%A`C9BOFII6A$D`UFZ9L.jpg	D:\一轮\hermes_带人物\三次元_X9F%A`C9BOFII6A$D`UFZ9L.png
D:\一轮\hermes_带人物\三次元_Z}D6}{X2N$H1M0TA{{[G[CG (2024_11_13 09_19_52 UTC).JPG	D:\一轮\hermes_带人物\三次元_Z}D6}{X2N$H1M0TA{{[G[CG (2024_11_13 09_19_52 UTC).png
D:\一轮\hermes_带人物\备份_2023-06-14_DX{{(JY1_DQX1C@AQSC605A_tmb (2024_11_13 09_19_52 UTC).png	D:\一轮\hermes_带人物\备份_2023-06-14_DX{{(JY1_DQX1C@AQSC605A_tmb (2024_11_13 09_19_52 UTC).jpg
D:\一轮\hermes_带人物\备份_2023-07-14_40[BTVML89QG5%N3RTA)CJV (2024_11_13 09_19_52 UTC).jpg	D:\一轮\hermes_带人物\备份_2023-07-14_40[BTVML89QG5%N3RTA)CJV (2024_11_13 09_19_52 UTC).png
D:\一轮\hermes_带人物\备份_2023-07-20_27({RFCYI%{9)UKN7YCB42O_tmb (2024_11_13 09_19_52 UTC).jpg	D:\一轮\hermes_带人物\备份_2023-07-20_27({RFCYI%{9)UKN7YCB42O_tmb (2024_11_13 09_19_52 UTC).png
D:\一轮\hermes_带人物\备份_2023-08-27_676L_}C[{SB_Z_K{SXCT}TD_tmb (2024_11_13 09_19_52 UTC).png	D:\一轮\hermes_带人物\备份_2023-08-27_676L_}C[{SB_Z_K{SXCT}TD_tmb (2024_11_13 09_19_52 UTC).jpg
D:\一轮\hermes_带人物\备份_2023-08-29_01FZRQ@36}WHAKH~XJQIQ{S_tmb (2024_11_13 09_19_52 UTC).jpg	D:\一轮\hermes_带人物\备份_2023-08-29_01FZRQ@36}WHAKH~XJQIQ{S_tmb (2024_11_13 09_19_52 UTC).png
D:\一轮\hermes_带人物\备份_2023-08-29_TQN31EW2BKH8ZZKN{$ZHDJ5_tmb (2024_11_13 09_19_52 UTC).PNG	D:\一轮\hermes_带人物\备份_2023-08-29_TQN31EW2BKH8ZZKN{$ZHDJ5_tmb (2024_11_13 09_19_52 UTC).jpg
D:\一轮\hermes_带人物\备份_2023-08-29_[QVIDZ@VN4Y_{JR3}}`0I55_tmb (2024_11_13 09_19_52 UTC).jpg	D:\一轮\hermes_带人物\备份_2023-08-29_[QVIDZ@VN4Y_{JR3}}`0I55_tmb (2024_11_13 09_19_52 UTC).png
D:\一轮\hermes_带人物\备份_2023-08-30_7AMS[@FPA%0$SF5}S~$E][R_tmb (2024_11_13 09_19_52 UTC).jpg	D:\一轮\hermes_带人物\备份_2023-08-30_7AMS[@FPA%0$SF5}S~$E][R_tmb (2024_11_13 09_19_52 UTC).png
D:\一轮\hermes_带人物\备份_2023-08-31_W{`C3}S2Y5K)O]9Q16Z{T(K (2024_11_13 09_19_52 UTC).png	D:\一轮\hermes_带人物\备份_2023-08-31_W{`C3}S2Y5K)O]9Q16Z{T(K (2024_11_13 09_19_52 UTC).jpg
D:\一轮\hermes_带人物\备份_2023-09-02_KEXF${3~6B_]8I~L199)`[O_tmb (2024_11_13 09_19_52 UTC).png	D:\一轮\hermes_带人物\备份_2023-09-02_KEXF${3~6B_]8I~L199)`[O_tmb (2024_11_13 09_19_52 UTC).jpg
D:\一轮\hermes_带人物\备份_2023-09-04_41$NDR%8{O)6%}%G`S6OGHY_tmb (2024_11_13 09_19_52 UTC).png	D:\一轮\hermes_带人物\备份_2023-09-04_41$NDR%8{O)6%}%G`S6OGHY_tmb (2024_11_13 09_19_52 UTC).jpg
D:\一轮\hermes_带人物\备份_2023-09-06_MU0LB2YZ59E{T}E906D1EYG_tmb (2024_11_13 09_19_52 UTC).png	D:\一轮\hermes_带人物\备份_2023-09-06_MU0LB2YZ59E{T}E906D1EYG_tmb (2024_11_13 09_19_52 UTC).jpg
D:\一轮\hermes_带人物\备份_2023-09-07_4XPN1{0}MS0))@41UB][]GM_tmb (2024_11_13 09_19_52 UTC).PNG	D:\一轮\hermes_带人物\备份_2023-09-07_4XPN1{0}MS0))@41UB][]GM_tmb (2024_11_13 09_19_52 UTC).jpg
D:\一轮\hermes_带人物\备份_2023-09-07_9J6Z7RV}63O@GH8{_WW2YEB_tmb (2024_11_13 09_19_52 UTC).png	D:\一轮\hermes_带人物\备份_2023-09-07_9J6Z7RV}63O@GH8{_WW2YEB_tmb (2024_11_13 09_19_52 UTC).jpg
D:\一轮\hermes_带人物\备份_2023-09-09_I40]5A[Y$S$3ZQEE{{V~]30_tmb (2024_11_13 09_19_52 UTC).PNG	D:\一轮\hermes_带人物\备份_2023-09-09_I40]5A[Y$S$3ZQEE{{V~]30_tmb (2024_11_13 09_19_52 UTC).jpg
D:\一轮\hermes_带人物\备份_2023-09-09_U6669J{CN0OFXWIGH)A8]}1_tmb (2024_11_13 09_19_52 UTC).png	D:\一轮\hermes_带人物\备份_2023-09-09_U6669J{CN0OFXWIGH)A8]}1_tmb (2024_11_13 09_19_52 UTC).jpg
D:\一轮\hermes_带人物\备份_2023-09-12_8A2%T_S{(PB)0(G{(96F(PD_tmb (2024_11_13 09_19_52 UTC).png	D:\一轮\hermes_带人物\备份_2023-09-12_8A2%T_S{(PB)0(G{(96F(PD_tmb (2024_11_13 09_19_52 UTC).jpg
D:\一轮\hermes_带人物\备份_2023-09-17_)Q[FD0V{QDR]L[}A`P5]NNB_tmb (2024_11_13 09_19_52 UTC).png	D:\一轮\hermes_带人物\备份_2023-09-17_)Q[FD0V{QDR]L[}A`P5]NNB_tmb (2024_11_13 09_19_52 UTC).jpg
D:\一轮\hermes_带人物\备份_2023-09-17_2A[NSX1N~590%GB_{LQCCKD_tmb (2024_11_13 09_19_52 UTC).png	D:\一轮\hermes_带人物\备份_2023-09-17_2A[NSX1N~590%GB_{LQCCKD_tmb (2024_11_13 09_19_52 UTC).jpg
D:\一轮\hermes_带人物\备份_2023-09-20_`QWAQ2{_5Z7I%6T$BUPW%CO_tmb (2024_11_13 09_19_52 UTC).png	D:\一轮\hermes_带人物\备份_2023-09-20_`QWAQ2{_5Z7I%6T$BUPW%CO_tmb (2024_11_13 09_19_52 UTC).jpg
D:\一轮\hermes_带人物\备份_2023-09-20_{EN~@FHDP9@_07UH_QBWUBB_tmb (2024_11_13 09_19_52 UTC).png	D:\一轮\hermes_带人物\备份_2023-09-20_{EN~@FHDP9@_07UH_QBWUBB_tmb (2024_11_13 09_19_52 UTC).jpg
D:\一轮\hermes_带人物\备份_2023-09-23_6VNY${1VLVP8GY[NIJA_}W2_tmb (2024_11_13 09_19_52 UTC).PNG	D:\一轮\hermes_带人物\备份_2023-09-23_6VNY${1VLVP8GY[NIJA_}W2_tmb (2024_11_13 09_19_52 UTC).jpg
D:\一轮\hermes_带人物\备份_2023-09-24_~9`CZ}W{D)WHV0TY){O]@}5_tmb (2024_11_13 09_19_52 UTC).png	D:\一轮\hermes_带人物\备份_2023-09-24_~9`CZ}W{D)WHV0TY){O]@}5_tmb (2024_11_13 09_19_52 UTC).jpg
D:\一轮\hermes_带人物\备份_2023-09-28_@@_QF74J~_B_{{H{COET~X6_tmb (2024_11_13 09_19_52 UTC).png	D:\一轮\hermes_带人物\备份_2023-09-28_@@_QF74J~_B_{{H{COET~X6_tmb (2024_11_13 09_19_52 UTC).jpg
D:\一轮\hermes_带人物\备份_2023-09-29_I(N82D{KS(RJ4E]XX$5[%C0_tmb (2024_11_13 09_19_52 UTC).png	D:\一轮\hermes_带人物\备份_2023-09-29_I(N82D{KS(RJ4E]XX$5[%C0_tmb (2024_11_13 09_19_52 UTC).jpg
D:\一轮\hermes_带人物\备份_2023-09-30_W67P$V0PT225@{%JXBVZ1SI_tmb (2024_11_13 09_19_52 UTC).png	D:\一轮\hermes_带人物\备份_2023-09-30_W67P$V0PT225@{%JXBVZ1SI_tmb (2024_11_13 09_19_52 UTC).jpg
D:\一轮\hermes_带人物\备份_2023-10-07_$B]{SCFMXUW3XQIKE[VT7_Q_tmb (2024_11_13 09_19_52 UTC).png	D:\一轮\hermes_带人物\备份_2023-10-07_$B]{SCFMXUW3XQIKE[VT7_Q_tmb (2024_11_13 09_19_52 UTC).jpg
D:\一轮\hermes_带人物\备份_2023-10-09_S}8`%3{`X5$GF7(}7{FINPE_tmb (2024_11_13 09_19_52 UTC).bmp	D:\一轮\hermes_带人物\备份_2023-10-09_S}8`%3{`X5$GF7(}7{FINPE_tmb (2024_11_13 09_19_52 UTC).jpg
D:\一轮\hermes_带人物\备份_2023-10-23_74E6C]S`50DK@3OD{E9R`33_tmb (2024_11_13 09_19_52 UTC).jpg	D:\一轮\hermes_带人物\备份_2023-10-23_74E6C]S`50DK@3OD{E9R`33_tmb (2024_11_13 09_19_52 UTC).png
D:\一轮\hermes_带人物\备份_2023-10-23_@%Q@(2XYDW(W2VR{OFTEF1V_tmb (2024_11_13 09_19_52 UTC).png	D:\一轮\hermes_带人物\备份_2023-10-23_@%Q@(2XYDW(W2VR{OFTEF1V_tmb (2024_11_13 09_19_52 UTC).jpg
D:\一轮\hermes_带人物\备份_2023-10-23_IW5_4{Y%]28KTB8J_WY%I2Q_tmb (2024_11_13 09_19_52 UTC).png	D:\一轮\hermes_带人物\备份_2023-10-23_IW5_4{Y%]28KTB8J_WY%I2Q_tmb (2024_11_13 09_19_52 UTC).jpg
D:\一轮\hermes_带人物\备份_2023-10-24_~S9{~VZLTUVCW`3C~Y_7IJB_tmb (2024_11_13 09_19_52 UTC).png	D:\一轮\hermes_带人物\备份_2023-10-24_~S9{~VZLTUVCW`3C~Y_7IJB_tmb (2024_11_13 09_19_52 UTC).jpg
D:\一轮\hermes_带人物\备份_2023-11-02_64IH}S58}6{D{HHMLCYM0(I_tmb (2024_11_13 09_19_52 UTC).bmp	D:\一轮\hermes_带人物\备份_2023-11-02_64IH}S58}6{D{HHMLCYM0(I_tmb (2024_11_13 09_19_52 UTC).jpg
D:\一轮\hermes_带人物\备份_2023-11-05_%3{LIGICQSD36D4BKBO0WMY_tmb (2024_11_13 09_19_52 UTC).bmp	D:\一轮\hermes_带人物\备份_2023-11-05_%3{LIGICQSD36D4BKBO0WMY_tmb (2024_11_13 09_19_52 UTC).jpg
D:\一轮\hermes_带人物\备份_2023-11-05_`K3FT4ESEU76B${Z1H7S`CR_tmb (2024_11_13 09_19_52 UTC).bmp	D:\一轮\hermes_带人物\备份_2023-11-05_`K3FT4ESEU76B${Z1H7S`CR_tmb (2024_11_13 09_19_52 UTC).jpg
D:\一轮\hermes_带人物\备份_2023-11-09__{B1O(Y~T6D(`7UD9]$Y[X1_tmb (2024_11_13 09_19_52 UTC).png	D:\一轮\hermes_带人物\备份_2023-11-09__{B1O(Y~T6D(`7UD9]$Y[X1_tmb (2024_11_13 09_19_52 UTC).jpg
D:\一轮\hermes_带人物\备份_2025-03-10_%3D6[(YNG[7Y~5D1D[5JEC9.jpg	D:\一轮\hermes_带人物\备份_2025-03-10_%3D6[(YNG[7Y~5D1D[5JEC9.png
D:\一轮\hermes_带人物\备份_2025-03-11_C~{P1$7J@Q5OW`CES@Z4){Q.jpg	D:\一轮\hermes_带人物\备份_2025-03-11_C~{P1$7J@Q5OW`CES@Z4){Q.png
D:\一轮\hermes_带人物\备份_2025-03-12_$(JT{P41`CVYTL{RW8PH]WY.jpg	D:\一轮\hermes_带人物\备份_2025-03-12_$(JT{P41`CVYTL{RW8PH]WY.png
D:\一轮\hermes_带人物\备份_2025-03-12_%Q7@MP_C(]PMX%EJXCKF1FS.jpg	D:\一轮\hermes_带人物\备份_2025-03-12_%Q7@MP_C(]PMX%EJXCKF1FS.png
D:\一轮\hermes_带人物\备份_2025-03-12_8E)[3EX_%XSDV2ILCCS7AG7.jpg	D:\一轮\hermes_带人物\备份_2025-03-12_8E)[3EX_%XSDV2ILCCS7AG7.png
D:\一轮\hermes_带人物\备份_2025-03-12_M]XTHZU(Y550N5_Y]H{@CWT.jpg	D:\一轮\hermes_带人物\备份_2025-03-12_M]XTHZU(Y550N5_Y]H{@CWT.png
D:\一轮\hermes_带人物\备份_2025-03-12_PFJ%HVM6IH2WPC[[X9)UIZF.jpg	D:\一轮\hermes_带人物\备份_2025-03-12_PFJ%HVM6IH2WPC[[X9)UIZF.png
D:\一轮\hermes_带人物\备份_2025-03-13_EC_87F~$}%}ZM7ECMTPWS2T.jpg	D:\一轮\hermes_带人物\备份_2025-03-13_EC_87F~$}%}ZM7ECMTPWS2T.png
D:\一轮\hermes_带人物\备份_2025-03-13_FAI_I6IG_PY)2(E7YTB[{(P.jpg	D:\一轮\hermes_带人物\备份_2025-03-13_FAI_I6IG_PY)2(E7YTB[{(P.png
D:\一轮\hermes_带人物\备份_2025-03-13_FG@0)H%%X@Z@$55B`AR3VU1.jpg	D:\一轮\hermes_带人物\备份_2025-03-13_FG@0)H%%X@Z@$55B`AR3VU1.png
D:\一轮\hermes_带人物\备份_2025-03-13_H7P_SA`%H}S$K537]6R4GHQ.jpg	D:\一轮\hermes_带人物\备份_2025-03-13_H7P_SA`%H}S$K537]6R4GHQ.png
D:\一轮\hermes_带人物\备份_2025-03-13_J~%GKZ6(EJF(67C%{PZ@U`K.jpg	D:\一轮\hermes_带人物\备份_2025-03-13_J~%GKZ6(EJF(67C%{PZ@U`K.png
D:\一轮\hermes_带人物\备份_2025-03-13_ONE82THY$%@G1N$%4)OABFJ.JPG	D:\一轮\hermes_带人物\备份_2025-03-13_ONE82THY$%@G1N$%4)OABFJ.png
D:\一轮\hermes_带人物\备份_2025-03-13_~Q2B{7}8VUK%%([O{KN[Z2Q.jpg	D:\一轮\hermes_带人物\备份_2025-03-13_~Q2B{7}8VUK%%([O{KN[Z2Q.png
D:\一轮\hermes_带人物\备份_2025-03-14_D[4(O8245AX)){IE%7%5ZHS.jpg	D:\一轮\hermes_带人物\备份_2025-03-14_D[4(O8245AX)){IE%7%5ZHS.png
D:\一轮\hermes_带人物\备份_2025-03-15_$SH}BEE_%{LX){`6T9_(8NS.jpg	D:\一轮\hermes_带人物\备份_2025-03-15_$SH}BEE_%{LX){`6T9_(8NS.png
D:\一轮\hermes_带人物\备份_2025-03-15_%E)LB99S@S([@}[SR%7W}I1.jpg	D:\一轮\hermes_带人物\备份_2025-03-15_%E)LB99S@S([@}[SR%7W}I1.png
D:\一轮\hermes_带人物\备份_2025-03-15_3Z(6MR8W3]MV{`%8YJLC]06.jpg	D:\一轮\hermes_带人物\备份_2025-03-15_3Z(6MR8W3]MV{`%8YJLC]06.png
D:\一轮\hermes_带人物\备份_2025-03-15_LPV`~HAHXS1Y65A%86N%OXA.jpg	D:\一轮\hermes_带人物\备份_2025-03-15_LPV`~HAHXS1Y65A%86N%OXA.png
D:\一轮\hermes_带人物\备份_2025-03-15_]FS%DJ8XOW@LXH_357U7L]F.jpg	D:\一轮\hermes_带人物\备份_2025-03-15_]FS%DJ8XOW@LXH_357U7L]F.png
D:\一轮\hermes_带人物\备份_2025-03-16_6U5%MB23B9K50$H]IXBCE2J.jpg	D:\一轮\hermes_带人物\备份_2025-03-16_6U5%MB23B9K50$H]IXBCE2J.png
D:\一轮\hermes_带人物\备份_2025-03-18_CCH0{1@%C@6)Z[K`C1_CLAV.JPG	D:\一轮\hermes_带人物\备份_2025-03-18_CCH0{1@%C@6)Z[K`C1_CLAV.png
D:\一轮\hermes_带人物\备份_2025-03-19_FUU%HA0Z918%9D%EGDF`%L3.JPG	D:\一轮\hermes_带人物\备份_2025-03-19_FUU%HA0Z918%9D%EGDF`%L3.png
D:\一轮\hermes_带人物\备份_2025-03-25_{IGLO5([OB9VLA3GG7]_B19.jpg	D:\一轮\hermes_带人物\备份_2025-03-25_{IGLO5([OB9VLA3GG7]_B19.png
D:\一轮\hermes_带人物\备份_2025-04-01_NA%OXAO4LE~$LU_QZ]5ML}V.jpg	D:\一轮\hermes_带人物\备份_2025-04-01_NA%OXAO4LE~$LU_QZ]5ML}V.png
D:\一轮\hermes_带人物\备份_2025-04-01_OP%V(F()5J4}@7W%UFL~U`R.jpg	D:\一轮\hermes_带人物\备份_2025-04-01_OP%V(F()5J4}@7W%UFL~U`R.png
D:\一轮\hermes_带人物\备份_2025-04-01_RQ]8M3VUN5G$6B{1R@U~`L2.jpg	D:\一轮\hermes_带人物\备份_2025-04-01_RQ]8M3VUN5G$6B{1R@U~`L2.png
D:\一轮\hermes_带人物\备份_2025-04-01_WLATSE0O0R)Y4OF}9W15I{7.jpg	D:\一轮\hermes_带人物\备份_2025-04-01_WLATSE0O0R)Y4OF}9W15I{7.png
D:\一轮\hermes_带人物\备份_2025-04-04_B%EFP7%%BDW5T[V(_O%Q4UI.jpg	D:\一轮\hermes_带人物\备份_2025-04-04_B%EFP7%%BDW5T[V(_O%Q4UI.png
D:\一轮\hermes_带人物\备份_2025-04-04_JIWT)UCLP{UUC)E2F$BCF(K.jpg	D:\一轮\hermes_带人物\备份_2025-04-04_JIWT)UCLP{UUC)E2F$BCF(K.png
D:\一轮\hermes_带人物\备份_2025-04-04_K1@Z_OF0%_@D%G[GR3Q@F4F.jpg	D:\一轮\hermes_带人物\备份_2025-04-04_K1@Z_OF0%_@D%G[GR3Q@F4F.png
D:\一轮\hermes_带人物\备份_2025-04-04_O50X`Y6VQ88XZJ{N)HB1TRC.jpg	D:\一轮\hermes_带人物\备份_2025-04-04_O50X`Y6VQ88XZJ{N)HB1TRC.png
D:\一轮\hermes_带人物\备份_2025-04-04_X{$6(N5SCRL27F2ROPI6~KW.jpg	D:\一轮\hermes_带人物\备份_2025-04-04_X{$6(N5SCRL27F2ROPI6~KW.png
D:\一轮\hermes_带人物\备份_2025-04-04_]S]_F%`Y8([64@9UNBYFNRK.jpg	D:\一轮\hermes_带人物\备份_2025-04-04_]S]_F%`Y8([64@9UNBYFNRK.png
D:\一轮\hermes_带人物\备份_2025-04-11_SG092X}@GP73~1{~D$(IF29.jpg	D:\一轮\hermes_带人物\备份_2025-04-11_SG092X}@GP73~1{~D$(IF29.png
D:\一轮\hermes_带人物\备份_2025-04-14_ER(@B7_35R7}_CA8_G%8O%O.jpg	D:\一轮\hermes_带人物\备份_2025-04-14_ER(@B7_35R7}_CA8_G%8O%O.png
D:\一轮\hermes_带人物\备份_2025-05-17_~T~79ER}1S)2CZ%TW2LQG`F.jpg	D:\一轮\hermes_带人物\备份_2025-05-17_~T~79ER}1S)2CZ%TW2LQG`F.png
D:\一轮\hermes_带人物\备份_2025-05-20_LIA9AG}D]XJ][I799R)N%QB.jpg	D:\一轮\hermes_带人物\备份_2025-05-20_LIA9AG}D]XJ][I799R)N%QB.png
D:\一轮\hermes_带人物\备份_2025-05-20_`TWCT{4`B$@5ODZ)EAA}X_H.jpg	D:\一轮\hermes_带人物\备份_2025-05-20_`TWCT{4`B$@5ODZ)EAA}X_H.png
D:\一轮\hermes_带人物\备份_2025-05-27_73IYMLX0HAW%)[GKW2`FXYI.jpg	D:\一轮\hermes_带人物\备份_2025-05-27_73IYMLX0HAW%)[GKW2`FXYI.png
D:\一轮\hermes_带人物\备份_2025-05-27_T`)}D)}%7)%63SDEC$]QZU8.jpg	D:\一轮\hermes_带人物\备份_2025-05-27_T`)}D)}%7)%63SDEC$]QZU8.png
D:\一轮\hermes_带人物\备份_2025-05-27_U{`LJ{A%QF3M6@4HID%[%$N.jpg	D:\一轮\hermes_带人物\备份_2025-05-27_U{`LJ{A%QF3M6@4HID%[%$N.png
D:\一轮\hermes_带人物\备份_2025-06-12_AK07$UI{](2Y{[%TBG32S5Q.jpg	D:\一轮\hermes_带人物\备份_2025-06-12_AK07$UI{](2Y{[%TBG32S5Q.png
D:\一轮\hermes_带人物\备份_2025-06-13_LBA%V0@55@NF6S913GE3NLS.jpg	D:\一轮\hermes_带人物\备份_2025-06-13_LBA%V0@55@NF6S913GE3NLS.png
D:\一轮\hermes_带人物\备份_2025-06-14_G368(Y{3]1W9MBUO%06~FSC.jpg	D:\一轮\hermes_带人物\备份_2025-06-14_G368(Y{3]1W9MBUO%06~FSC.png
D:\一轮\hermes_带人物\备份_2025-06-17_ZL3)%NQHG921(HJLK$62%TK.jpg	D:\一轮\hermes_带人物\备份_2025-06-17_ZL3)%NQHG921(HJLK$62%TK.png
D:\一轮\hermes_带人物\备份_2025-06-18_FJ)])FOKG5I}4WT]HRL%46T.jpg	D:\一轮\hermes_带人物\备份_2025-06-18_FJ)])FOKG5I}4WT]HRL%46T.png
D:\一轮\hermes_带人物\备份_2025-06-20_KT{])@{GQNO)S62IZSK03%6.jpg	D:\一轮\hermes_带人物\备份_2025-06-20_KT{])@{GQNO)S62IZSK03%6.png
D:\一轮\hermes_带人物\备份_2025-06-22_D{M3_$)))FI)}`J(81G@K2D.jpg	D:\一轮\hermes_带人物\备份_2025-06-22_D{M3_$)))FI)}`J(81G@K2D.gif
D:\一轮\hermes_带人物\备份_2025-06-22_OV8{BE3EV7U_KH$}1{@`U77.jpg	D:\一轮\hermes_带人物\备份_2025-06-22_OV8{BE3EV7U_KH$}1{@`U77.png
D:\一轮\hermes_带人物\备份_2025-08-05_PM~E1[Y9Y[S@({K4(F(`8DV.jpg	D:\一轮\hermes_带人物\备份_2025-08-05_PM~E1[Y9Y[S@({K4(F(`8DV.png
D:\一轮\hermes_带人物\备份_2025-08-08_BL@YXDAEWHD3HA%8_PQ9T]2.jpg	D:\一轮\hermes_带人物\备份_2025-08-08_BL@YXDAEWHD3HA%8_PQ9T]2.png
D:\一轮\hermes_带人物\备份_2025-08-08_`9Z`YI[WXAR{82848}1TB}G.jpg	D:\一轮\hermes_带人物\备份_2025-08-08_`9Z`YI[WXAR{82848}1TB}G.png
D:\一轮\hermes_带人物\备份_2025-08-15_36[G(VK_OBBFT4%{([]9C[B.jpg	D:\一轮\hermes_带人物\备份_2025-08-15_36[G(VK_OBBFT4%{([]9C[B.png
D:\一轮\hermes_带人物\备份_2025-08-18_98IS$6{]C0MD8L0J)S@GD(N.jpg	D:\一轮\hermes_带人物\备份_2025-08-18_98IS$6{]C0MD8L0J)S@GD(N.png
D:\一轮\hermes_带人物\备份_2025-08-18_AFUT1JPW(8]V_VDIRBEO_%R.jpg	D:\一轮\hermes_带人物\备份_2025-08-18_AFUT1JPW(8]V_VDIRBEO_%R.png
D:\一轮\hermes_带人物\备份_2025-08-19_0XBGGDM4LQE{Q_TRCEC)YOK.jpg	D:\一轮\hermes_带人物\备份_2025-08-19_0XBGGDM4LQE{Q_TRCEC)YOK.png
D:\一轮\hermes_带人物\备份_2025-08-19_RHOG{53DPROGN6AX%G8TAO7.jpg	D:\一轮\hermes_带人物\备份_2025-08-19_RHOG{53DPROGN6AX%G8TAO7.png
D:\一轮\hermes_带人物\备份_2025-08-20_){8OSIU`R3IZ2)8{$U9ZK0D.JPG	D:\一轮\hermes_带人物\备份_2025-08-20_){8OSIU`R3IZ2)8{$U9ZK0D.png
D:\一轮\hermes_带人物\备份_2025-08-20_8_YD~XH%MF52%IB@T){P@MV.JPG	D:\一轮\hermes_带人物\备份_2025-08-20_8_YD~XH%MF52%IB@T){P@MV.png
D:\一轮\hermes_带人物\备份_2025-08-20_W5]7KXS{PQD0LEH~Q0BCGSB.JPG	D:\一轮\hermes_带人物\备份_2025-08-20_W5]7KXS{PQD0LEH~Q0BCGSB.png
D:\一轮\hermes_带人物\备份_2025-08-20_XJTRU7N5%}][TA114JM]JG1.jpg	D:\一轮\hermes_带人物\备份_2025-08-20_XJTRU7N5%}][TA114JM]JG1.png
D:\一轮\hermes_带人物\备份_2025-08-20_`YED{EWM072SNQBHN8U{%`J.JPG	D:\一轮\hermes_带人物\备份_2025-08-20_`YED{EWM072SNQBHN8U{%`J.png
D:\一轮\hermes_带人物\备份_2025-08-20_{W9VUI~8LS]X[99S2]V8@9R.JPG	D:\一轮\hermes_带人物\备份_2025-08-20_{W9VUI~8LS]X[99S2]V8@9R.png
D:\一轮\hermes_带人物\备份_2025-08-21_T3(V$_T[AWNNCG{HZ7~GY[P.jpg	D:\一轮\hermes_带人物\备份_2025-08-21_T3(V$_T[AWNNCG{HZ7~GY[P.png
D:\一轮\hermes_带人物\备份_2025-08-23_T@9C(]]_1F[CY@XU0JA%}AL.jpg	D:\一轮\hermes_带人物\备份_2025-08-23_T@9C(]]_1F[CY@XU0JA%}AL.png
D:\一轮\hermes_带人物\备份_2025-08-30_%HKH%`]`A$D{F1`3WP9RPSU.jpg	D:\一轮\hermes_带人物\备份_2025-08-30_%HKH%`]`A$D{F1`3WP9RPSU.png
D:\一轮\hermes_带人物\备份_2025-08-30_S00D1E4G%IWVH~A@P4HZSQR.jpg	D:\一轮\hermes_带人物\备份_2025-08-30_S00D1E4G%IWVH~A@P4HZSQR.png
D:\一轮\hermes_带人物\备份_2025-09-04_M9$J)[L3](W]11KVU%G6X6W.jpg	D:\一轮\hermes_带人物\备份_2025-09-04_M9$J)[L3](W]11KVU%G6X6W.png
D:\一轮\hermes_带人物\备份_2025-09-04__8XZK$JOK3VMLG{NSKHWV{6.jpg	D:\一轮\hermes_带人物\备份_2025-09-04__8XZK$JOK3VMLG{NSKHWV{6.png
D:\一轮\hermes_带人物\备份_2025-09-05_P9XY7OR@PTBCK0%D{}@9ZWK.JPG	D:\一轮\hermes_带人物\备份_2025-09-05_P9XY7OR@PTBCK0%D{}@9ZWK.png
D:\一轮\hermes_带人物\备份_2025-09-12_]~@09I%}H}]4AHYJPYJVJAT.jpg	D:\一轮\hermes_带人物\备份_2025-09-12_]~@09I%}H}]4AHYJPYJVJAT.png
D:\一轮\hermes_带人物\备份_2025-09-14_1(TCH38HZKN(JJ0%RE[PLNY.jpg	D:\一轮\hermes_带人物\备份_2025-09-14_1(TCH38HZKN(JJ0%RE[PLNY.png
D:\一轮\hermes_带人物\备份_2025-09-15_{@UNOS~]J0Z49X{@]`TN0R7.jpg	D:\一轮\hermes_带人物\备份_2025-09-15_{@UNOS~]J0Z49X{@]`TN0R7.png
D:\一轮\hermes_带人物\备份_2025-09-16_)69230TG{US@8VRL{I1L5`G.jpg	D:\一轮\hermes_带人物\备份_2025-09-16_)69230TG{US@8VRL{I1L5`G.png
D:\一轮\hermes_带人物\备份_2025-09-16_`5P47SOQ9TQR)BK4{@2$QZM.jpg	D:\一轮\hermes_带人物\备份_2025-09-16_`5P47SOQ9TQR)BK4{@2$QZM.png
D:\一轮\hermes_带人物\备份_2025-09-19_%S3SJ{5WG4EF03TMVAD}XQD.jpg	D:\一轮\hermes_带人物\备份_2025-09-19_%S3SJ{5WG4EF03TMVAD}XQD.png
D:\一轮\hermes_带人物\备份_2025-09-19_EJTM{{0T]TJZBJI@BG~0_0X.jpg	D:\一轮\hermes_带人物\备份_2025-09-19_EJTM{{0T]TJZBJI@BG~0_0X.png
D:\一轮\hermes_带人物\备份_2025-09-19_LBNA~MZ9JDYO$R0T4H%PFJ7.jpg	D:\一轮\hermes_带人物\备份_2025-09-19_LBNA~MZ9JDYO$R0T4H%PFJ7.png
D:\一轮\hermes_带人物\备份_2025-09-20_~S$6[2P]Z7NP7{ZJ~]`H~MO.jpg	D:\一轮\hermes_带人物\备份_2025-09-20_~S$6[2P]Z7NP7{ZJ~]`H~MO.png
D:\一轮\hermes_带人物\备份_2025-09-22_9AZA6VF5KB%M%}N]38B5VQ2.jpg	D:\一轮\hermes_带人物\备份_2025-09-22_9AZA6VF5KB%M%}N]38B5VQ2.png
D:\一轮\hermes_带人物\备份_2025-09-29_S3JUKY]M(2%4O95FIJQEE{A.jpg	D:\一轮\hermes_带人物\备份_2025-09-29_S3JUKY]M(2%4O95FIJQEE{A.gif
D:\一轮\hermes_带人物\备份_2025-09-30_M7{(4NC[2JGS@]C~G%@F@$D.jpg	D:\一轮\hermes_带人物\备份_2025-09-30_M7{(4NC[2JGS@]C~G%@F@$D.png
D:\一轮\hermes_带人物\备份_2025-10-08_MO56U2DH]%0H1OR7{X226YC.jpg	D:\一轮\hermes_带人物\备份_2025-10-08_MO56U2DH]%0H1OR7{X226YC.png
D:\一轮\hermes_带人物\备份_2025-10-21_J~1OL%6I@T01M62ICW1E{1L.jpg	D:\一轮\hermes_带人物\备份_2025-10-21_J~1OL%6I@T01M62ICW1E{1L.png
D:\一轮\hermes_带人物\备份_2025-10-21_R0)B~EO}2K(2HZYE7S)A{DO.jpg	D:\一轮\hermes_带人物\备份_2025-10-21_R0)B~EO}2K(2HZYE7S)A{DO.png
D:\一轮\hermes_带人物\备份_2025-10-21_~J~TP%SR[6`M}([_8JG1Q5K.jpg	D:\一轮\hermes_带人物\备份_2025-10-21_~J~TP%SR[6`M}([_8JG1Q5K.png
D:\一轮\hermes_带人物\备份_2025-10-22_@X)RJK`%0[8~@M@4TG(SXHN.jpg	D:\一轮\hermes_带人物\备份_2025-10-22_@X)RJK`%0[8~@M@4TG(SXHN.png
D:\一轮\hermes_带人物\备份_2025-10-22_`F{%OY[9HH)``(_KI2[YCD3.jpg	D:\一轮\hermes_带人物\备份_2025-10-22_`F{%OY[9HH)``(_KI2[YCD3.png
D:\一轮\hermes_带人物\备份_2025-10-25_MYHI3KSN)TIHK4_]5BPPO{A.jpg	D:\一轮\hermes_带人物\备份_2025-10-25_MYHI3KSN)TIHK4_]5BPPO{A.png
D:\一轮\hermes_带人物\备份_2025-11-19_7RMQRMER)Y8)O{5E{V3FNNS.jpg	D:\一轮\hermes_带人物\备份_2025-11-19_7RMQRMER)Y8)O{5E{V3FNNS.png
D:\一轮\hermes_带人物\备份_2025-11-19_MLJFE988VR}Z2TNL9[E{5KG.jpg	D:\一轮\hermes_带人物\备份_2025-11-19_MLJFE988VR}Z2TNL9[E{5KG.png
D:\一轮\hermes_带人物\备份_2025-11-19_TIGIOCSVDEEIHKTP2MK{[T4.jpg	D:\一轮\hermes_带人物\备份_2025-11-19_TIGIOCSVDEEIHKTP2MK{[T4.png
D:\一轮\hermes_带人物\备份_2025-12-02_MK@RGL@L7%1ESPWOJ58V1(C.jpg	D:\一轮\hermes_带人物\备份_2025-12-02_MK@RGL@L7%1ESPWOJ58V1(C.png
D:\一轮\hermes_带人物\备份_2025-12-02__52B3(I0[C)%]}9_{]Z48{G.jpg	D:\一轮\hermes_带人物\备份_2025-12-02__52B3(I0[C)%]}9_{]Z48{G.png
D:\一轮\hermes_带人物\备份_2025-12-23_0)QU}D}3RK0{]2QQ_ZZJP5N.jpg	D:\一轮\hermes_带人物\备份_2025-12-23_0)QU}D}3RK0{]2QQ_ZZJP5N.png
D:\一轮\hermes_带人物\备份_2025-12-25_{CQNF)15EO_E0PLZDB(6$1J.JPG	D:\一轮\hermes_带人物\备份_2025-12-25_{CQNF)15EO_E0PLZDB(6$1J.png
D:\一轮\hermes_带人物\备份_2025-12-25_{JBO4ZYVOT4OQ[2[F`ZNHG2.jpg	D:\一轮\hermes_带人物\备份_2025-12-25_{JBO4ZYVOT4OQ[2[F`ZNHG2.png
D:\一轮\hermes_带人物\备份_2025-12-26_S%RL9IQG`_$QH3GMW8~2Q0P.jpg	D:\一轮\hermes_带人物\备份_2025-12-26_S%RL9IQG`_$QH3GMW8~2Q0P.png
D:\一轮\hermes_带人物\备份_2026-01-28_MNQ%O2%I@R82(AF57ZKX(T4.jpg	D:\一轮\hermes_带人物\备份_2026-01-28_MNQ%O2%I@R82(AF57ZKX(T4.png
D:\一轮\hermes_带人物\备份_2026-02-02_NE1%7CIH)3BLBJ)E%)EA5KB.jpg	D:\一轮\hermes_带人物\备份_2026-02-02_NE1%7CIH)3BLBJ)E%)EA5KB.png
D:\一轮\hermes_带人物\备份_2026-02-04_62COUGI8{~)[JN8GN3R5YP6.jpg	D:\一轮\hermes_带人物\备份_2026-02-04_62COUGI8{~)[JN8GN3R5YP6.png
D:\一轮\hermes_带人物\备份_2026-02-04_AR7(9YC69}TF{4H29)6394P.jpg	D:\一轮\hermes_带人物\备份_2026-02-04_AR7(9YC69}TF{4H29)6394P.png
D:\一轮\hermes_带人物\备份_2026-02-10_0DM5B)ZDOYEB$88T%)X%L33.jpg	D:\一轮\hermes_带人物\备份_2026-02-10_0DM5B)ZDOYEB$88T%)X%L33.png
D:\一轮\hermes_带人物\备份_2026-02-10__4E}J1KMS]FLO]J{W18$]`4.jpg	D:\一轮\hermes_带人物\备份_2026-02-10__4E}J1KMS]FLO]J{W18$]`4.png
D:\一轮\hermes_带人物\备份_2026-02-10_`M5E)24GCY{Z9%}UY{E~AAH.jpg	D:\一轮\hermes_带人物\备份_2026-02-10_`M5E)24GCY{Z9%}UY{E~AAH.png
D:\一轮\hermes_带人物\备份_2026-03-10_7RABG(1[AHQ3[@{AMQ@J$`4.jpg	D:\一轮\hermes_带人物\备份_2026-03-10_7RABG(1[AHQ3[@{AMQ@J$`4.png
D:\一轮\hermes_带人物\备份_2026-03-19_6C`}GC_1ZQ2OGVR%N6B~KUP.jpg	D:\一轮\hermes_带人物\备份_2026-03-19_6C`}GC_1ZQ2OGVR%N6B~KUP.png
D:\一轮\hermes_带人物\备份_2026-03-19_[$1OFGRF@OB(ABD%L8I1F6F.jpg	D:\一轮\hermes_带人物\备份_2026-03-19_[$1OFGRF@OB(ABD%L8I1F6F.png
D:\一轮\hermes_带人物\备份_2026-04-06__~ZBMN%}N[0BK85VNNKAAVA.jpg	D:\一轮\hermes_带人物\备份_2026-04-06__~ZBMN%}N[0BK85VNNKAAVA.png
D:\一轮\hermes_带人物\多人\Hermes-base__图片_有用_~LJPASE8853ARTATO@${71D.jpg	D:\一轮\hermes_带人物\多人\Hermes-base__图片_有用_~LJPASE8853ARTATO@${71D.png
D:\一轮\hermes_带人物\多人\opencode__图片_备份_2025-11-03_QB~LCL9F{GD5WK[XNWIXP_W.jpg	D:\一轮\hermes_带人物\多人\opencode__图片_备份_2025-11-03_QB~LCL9F{GD5WK[XNWIXP_W.png
D:\一轮\hermes_带人物\多人\三次元_4GF8LLPTT@5YL3WUI{$LOWJ.jpg	D:\一轮\hermes_带人物\多人\三次元_4GF8LLPTT@5YL3WUI{$LOWJ.png
D:\一轮\hermes_带人物\多人\备份_2025-05-23__%9ZSI3JTQNB(M%6F)55{ZY.jpg	D:\一轮\hermes_带人物\多人\备份_2025-05-23__%9ZSI3JTQNB(M%6F)55{ZY.png
D:\一轮\hermes_带人物\多人\备份_2025-08-29_04W1QKFURMHBO{T}N3W0F)L.jpg	D:\一轮\hermes_带人物\多人\备份_2025-08-29_04W1QKFURMHBO{T}N3W0F)L.png
D:\一轮\hermes_带人物\多人\备份_2025-09-19_UF5FE~SBGD)JIOZN9%9OEIR.jpg	D:\一轮\hermes_带人物\多人\备份_2025-09-19_UF5FE~SBGD)JIOZN9%9OEIR.png
D:\一轮\hermes_带人物\多人\备份_2025-09-29_ZE7}OEUB1D%)Y()}_N0%~_Y.jpg	D:\一轮\hermes_带人物\多人\备份_2025-09-29_ZE7}OEUB1D%)Y()}_N0%~_Y.png
D:\一轮\hermes_带人物\多人\备份_2025-10-05_23HSZJQX%O`RLC1RMZ@CI]Y.jpg	D:\一轮\hermes_带人物\多人\备份_2025-10-05_23HSZJQX%O`RLC1RMZ@CI]Y.png
D:\一轮\hermes_带人物\多人\备份_2025-10-23_GJ7O5)9$27N2E0{EP5JEN_F.jpg	D:\一轮\hermes_带人物\多人\备份_2025-10-23_GJ7O5)9$27N2E0{EP5JEN_F.png
D:\一轮\hermes_带人物\多人\备份_2025-12-25_T)O%KP`N$$H238N7KF%Q1EG.jpg	D:\一轮\hermes_带人物\多人\备份_2025-12-25_T)O%KP`N$$H238N7KF%Q1EG.png
D:\一轮\hermes_带人物\多人\备份_2026-01-20_`}}V@2WK3}{8_}UJ2SK}KWT.jpg	D:\一轮\hermes_带人物\多人\备份_2026-01-20_`}}V@2WK3}{8_}UJ2SK}KWT.png
D:\一轮\hermes_带人物\多人\有用_13F@(TPY7QPK[N%DFM4_}31.jpg	D:\一轮\hermes_带人物\多人\有用_13F@(TPY7QPK[N%DFM4_}31.png
D:\一轮\hermes_带人物\多人\有用_O564@[V6FXHGOWF{PGD~(VU.jpg	D:\一轮\hermes_带人物\多人\有用_O564@[V6FXHGOWF{PGD~(VU.png
D:\一轮\hermes_带人物\有用_0%BX4O}H3OBZ36FI6RHDF~L.JPG	D:\一轮\hermes_带人物\有用_0%BX4O}H3OBZ36FI6RHDF~L.png
D:\一轮\hermes_带人物\有用_06V]S1E{Y2)L~6(@IC(~9YS.jpg	D:\一轮\hermes_带人物\有用_06V]S1E{Y2)L~6(@IC(~9YS.png
D:\一轮\hermes_带人物\有用_0AHIZ004)28G[2%VQENCKR4.JPG	D:\一轮\hermes_带人物\有用_0AHIZ004)28G[2%VQENCKR4.png
D:\一轮\hermes_带人物\有用_0R)Y98DK[(SZ7R2%7AN2N5I.jpg	D:\一轮\hermes_带人物\有用_0R)Y98DK[(SZ7R2%7AN2N5I.png
D:\一轮\hermes_带人物\有用_0[I87T%7)N7M[CG1~BW@M_Q.jpg	D:\一轮\hermes_带人物\有用_0[I87T%7)N7M[CG1~BW@M_Q.png
D:\一轮\hermes_带人物\有用_16Q@@~ST%3C7(D1Q(K`2P1J.jpg	D:\一轮\hermes_带人物\有用_16Q@@~ST%3C7(D1Q(K`2P1J.png
D:\一轮\hermes_带人物\有用_1H00G1F%5%O7GXYJFZA(OLU.JPG	D:\一轮\hermes_带人物\有用_1H00G1F%5%O7GXYJFZA(OLU.png
D:\一轮\hermes_带人物\有用_1OFQD8EK`LSH%T82[MU9@CT.jpg	D:\一轮\hermes_带人物\有用_1OFQD8EK`LSH%T82[MU9@CT.png
D:\一轮\hermes_带人物\有用_1QE{FZU%UY5T_)TQPN9I6{O.jpg	D:\一轮\hermes_带人物\有用_1QE{FZU%UY5T_)TQPN9I6{O.png
D:\一轮\hermes_带人物\有用_26DAN5NQ_AA{TYX(X5$OJ0J.jpg	D:\一轮\hermes_带人物\有用_26DAN5NQ_AA{TYX(X5$OJ0J.png
D:\一轮\hermes_带人物\有用_2D{D[C4B_`4{]S}HKY6C2KK.png	D:\一轮\hermes_带人物\有用_2D{D[C4B_`4{]S}HKY6C2KK.jpg
D:\一轮\hermes_带人物\有用_2HW30OR2F~{H%0]$2Q)K~9G.jpg	D:\一轮\hermes_带人物\有用_2HW30OR2F~{H%0]$2Q)K~9G.png
D:\一轮\hermes_带人物\有用_2Z`Z{E$_JIY9H~X4IKA$DEE.jpg	D:\一轮\hermes_带人物\有用_2Z`Z{E$_JIY9H~X4IKA$DEE.png
D:\一轮\hermes_带人物\有用_2]ZJ3@HJ]NJU%7SJUJJQ@XE.jpg	D:\一轮\hermes_带人物\有用_2]ZJ3@HJ]NJU%7SJUJJQ@XE.png
D:\一轮\hermes_带人物\有用_2`P0YW[3%3HYO_}VD$4N~N0.jpg	D:\一轮\hermes_带人物\有用_2`P0YW[3%3HYO_}VD$4N~N0.png
D:\一轮\hermes_带人物\有用_2}{O`RL8NG77RH15W25$F(I.jpg	D:\一轮\hermes_带人物\有用_2}{O`RL8NG77RH15W25$F(I.png
D:\一轮\hermes_带人物\有用_3)[BX0$[MCP19AD3%2E77TA.jpg	D:\一轮\hermes_带人物\有用_3)[BX0$[MCP19AD3%2E77TA.png
D:\一轮\hermes_带人物\有用_3H7X@]_XI8U)1W[){P(H)KQ.jpg	D:\一轮\hermes_带人物\有用_3H7X@]_XI8U)1W[){P(H)KQ.png
D:\一轮\hermes_带人物\有用_3{3L8H}VEQ1[QA8G9`GNKPV.jpg	D:\一轮\hermes_带人物\有用_3{3L8H}VEQ1[QA8G9`GNKPV.png
D:\一轮\hermes_带人物\有用_4%9BV`RD[86)95IAVX$Z4%G.jpg	D:\一轮\hermes_带人物\有用_4%9BV`RD[86)95IAVX$Z4%G.png
D:\一轮\hermes_带人物\有用_9{ZUEK8AGZF07O{[GC33ER0_tmb (2024_11_13 09_19_52 UTC).bmp	D:\一轮\hermes_带人物\有用_9{ZUEK8AGZF07O{[GC33ER0_tmb (2024_11_13 09_19_52 UTC).jpg
D:\一轮\hermes_带人物\有用_@${YYQ]15(}WS[4R_QZM6RV.jpg	D:\一轮\hermes_带人物\有用_@${YYQ]15(}WS[4R_QZM6RV.png
D:\一轮\hermes_带人物\有用_@2U3BBR(W6H3JMWT${F}EGN_tmb (2024_11_13 09_19_52 UTC).bmp	D:\一轮\hermes_带人物\有用_@2U3BBR(W6H3JMWT${F}EGN_tmb (2024_11_13 09_19_52 UTC).jpg
D:\一轮\hermes_带人物\有用_@OILXK(VK%{JLA4WYUT38H0.JPG	D:\一轮\hermes_带人物\有用_@OILXK(VK%{JLA4WYUT38H0.png
D:\一轮\hermes_带人物\有用_@`C`@MY{WJXN}8~B3%4Y{`2.jpg	D:\一轮\hermes_带人物\有用_@`C`@MY{WJXN}8~B3%4Y{`2.png
D:\一轮\hermes_带人物\有用_A1T9M48}727]{HL%5~Q582X_tmb (2024_11_13 09_19_52 UTC).PNG	D:\一轮\hermes_带人物\有用_A1T9M48}727]{HL%5~Q582X_tmb (2024_11_13 09_19_52 UTC).jpg
D:\一轮\hermes_带人物\有用_A7HBX0J9N2F23{UKG5OL2_I.jpg	D:\一轮\hermes_带人物\有用_A7HBX0J9N2F23{UKG5OL2_I.png
D:\一轮\hermes_带人物\有用_AFCK$_D)3S]LBZD%A9K{HG0.jpg	D:\一轮\hermes_带人物\有用_AFCK$_D)3S]LBZD%A9K{HG0.png
D:\一轮\hermes_带人物\有用_APXZQ7)Q{C(E@_PBAQQJD`3 (2024_11_13 09_19_52 UTC).bmp	D:\一轮\hermes_带人物\有用_APXZQ7)Q{C(E@_PBAQQJD`3 (2024_11_13 09_19_52 UTC).png
D:\一轮\hermes_带人物\有用_AZ2Z6_~%BWBH)H@_6O10J`K.jpg	D:\一轮\hermes_带人物\有用_AZ2Z6_~%BWBH)H@_6O10J`K.png
D:\一轮\hermes_带人物\有用_B60HAWOC$)KE7%3_QY{6O35.jpg	D:\一轮\hermes_带人物\有用_B60HAWOC$)KE7%3_QY{6O35.png
D:\一轮\hermes_带人物\有用_BK4[7D@GW[E9A{U@@)XYH(T.jpg	D:\一轮\hermes_带人物\有用_BK4[7D@GW[E9A{U@@)XYH(T.gif
D:\一轮\hermes_带人物\有用_BK{Z0769KY~5_L16~MU6I%Q.jpg	D:\一轮\hermes_带人物\有用_BK{Z0769KY~5_L16~MU6I%Q.png
D:\一轮\hermes_带人物\有用_BL$Q4Q%P352GSE26[}0C(_F.jpg	D:\一轮\hermes_带人物\有用_BL$Q4Q%P352GSE26[}0C(_F.png
D:\一轮\hermes_带人物\有用_BYUW{F9{RN8[LKX(MB4A{GS (2024_11_13 09_19_52 UTC).jpg	D:\一轮\hermes_带人物\有用_BYUW{F9{RN8[LKX(MB4A{GS (2024_11_13 09_19_52 UTC).png
D:\一轮\hermes_带人物\有用_C0NV8SKBELVXTU])HX{BCON_tmb (2024_11_13 09_19_52 UTC).bmp	D:\一轮\hermes_带人物\有用_C0NV8SKBELVXTU])HX{BCON_tmb (2024_11_13 09_19_52 UTC).jpg
D:\一轮\hermes_带人物\有用_C5(~B)ZOQD{745U1VK}1WJ6.jpg	D:\一轮\hermes_带人物\有用_C5(~B)ZOQD{745U1VK}1WJ6.png
D:\一轮\hermes_带人物\有用_CPU5J0H{2CR@J_%%LA2X24W.jpg	D:\一轮\hermes_带人物\有用_CPU5J0H{2CR@J_%%LA2X24W.png
D:\一轮\hermes_带人物\有用_C`2S`]{L8KI[FD3E3EJRMOU_tmb (2024_11_13 09_19_52 UTC).bmp	D:\一轮\hermes_带人物\有用_C`2S`]{L8KI[FD3E3EJRMOU_tmb (2024_11_13 09_19_52 UTC).jpg
D:\一轮\hermes_带人物\有用_C`_[63ER3I)58~Q%FQ)1J(P.jpg	D:\一轮\hermes_带人物\有用_C`_[63ER3I)58~Q%FQ)1J(P.png
D:\一轮\hermes_带人物\有用_C{63~GPK(JM77~`94GS8[J1.jpg	D:\一轮\hermes_带人物\有用_C{63~GPK(JM77~`94GS8[J1.png
D:\一轮\hermes_带人物\有用_D9Z~RNM7GHLRBQ6{QCRHP9H.jpg	D:\一轮\hermes_带人物\有用_D9Z~RNM7GHLRBQ6{QCRHP9H.gif
D:\一轮\hermes_带人物\有用_D@}%55NCXH[SZ__`Z{2A(@H_tmb (2024_11_13 09_19_52 UTC).bmp	D:\一轮\hermes_带人物\有用_D@}%55NCXH[SZ__`Z{2A(@H_tmb (2024_11_13 09_19_52 UTC).jpg
D:\一轮\hermes_带人物\有用_DRLZIND@}BPZ{J@VV`8WZHO.jpg	D:\一轮\hermes_带人物\有用_DRLZIND@}BPZ{J@VV`8WZHO.png
D:\一轮\hermes_带人物\有用_E$LB@}}1R$)VA%V629(YJCT.jpg	D:\一轮\hermes_带人物\有用_E$LB@}}1R$)VA%V629(YJCT.png
D:\一轮\hermes_带人物\有用_EEAT50}USX%89]VH@}_9I@O_tmb (2024_11_13 09_19_52 UTC).bmp	D:\一轮\hermes_带人物\有用_EEAT50}USX%89]VH@}_9I@O_tmb (2024_11_13 09_19_52 UTC).png
D:\一轮\hermes_带人物\有用_EPHGET`F{$M$YRW7J`XHV@A.JPG	D:\一轮\hermes_带人物\有用_EPHGET`F{$M$YRW7J`XHV@A.png
D:\一轮\hermes_带人物\有用_F2A7{PLMKI4`$R8{)[0LEHX.jpg	D:\一轮\hermes_带人物\有用_F2A7{PLMKI4`$R8{)[0LEHX.png
D:\一轮\hermes_带人物\有用_FE})]TZ}M%5M5~DBX637VCO.jpg	D:\一轮\hermes_带人物\有用_FE})]TZ}M%5M5~DBX637VCO.png
D:\一轮\hermes_带人物\有用_FI{10@CU}J2E7F1}5TWLLRQ.jpg	D:\一轮\hermes_带人物\有用_FI{10@CU}J2E7F1}5TWLLRQ.png
D:\一轮\hermes_带人物\有用_FL(`KM(SA(8I4@BIN0E{FQ2.jpg	D:\一轮\hermes_带人物\有用_FL(`KM(SA(8I4@BIN0E{FQ2.png
D:\一轮\hermes_带人物\有用_FLN{)V5Q0]`G~GD5NK]R%LW.jpg	D:\一轮\hermes_带人物\有用_FLN{)V5Q0]`G~GD5NK]R%LW.png
D:\一轮\hermes_带人物\有用_FN@%BI1T~F0P%KGFDGB%K~3.jpg	D:\一轮\hermes_带人物\有用_FN@%BI1T~F0P%KGFDGB%K~3.png
D:\一轮\hermes_带人物\有用_FTHY7QTC4S4~U4ANQ{RNV8Y.jpg	D:\一轮\hermes_带人物\有用_FTHY7QTC4S4~U4ANQ{RNV8Y.png
D:\一轮\hermes_带人物\有用_G)HES([K7XXUX}F@HLO9T{Q.jpg	D:\一轮\hermes_带人物\有用_G)HES([K7XXUX}F@HLO9T{Q.png
D:\一轮\hermes_带人物\有用_G4E{ZIUL5]PMKJRBV2`F[[8_tmb (2024_11_13 09_19_52 UTC).bmp	D:\一轮\hermes_带人物\有用_G4E{ZIUL5]PMKJRBV2`F[[8_tmb (2024_11_13 09_19_52 UTC).jpg
D:\一轮\hermes_带人物\有用_G]45$}SCQUB1)5D8S({4JCT.jpg	D:\一轮\hermes_带人物\有用_G]45$}SCQUB1)5D8S({4JCT.png
D:\一轮\hermes_带人物\有用_HH%`]35BER1N6ZHPH`ZJDGS.jpg	D:\一轮\hermes_带人物\有用_HH%`]35BER1N6ZHPH`ZJDGS.png
D:\一轮\hermes_带人物\有用_I(4MFA3L}QD9AE[TA{31H6B.jpg	D:\一轮\hermes_带人物\有用_I(4MFA3L}QD9AE[TA{31H6B.png
D:\一轮\hermes_带人物\有用_IU{3A~I1[}[4}FPNLM}SP7O.jpg	D:\一轮\hermes_带人物\有用_IU{3A~I1[}[4}FPNLM}SP7O.png
D:\一轮\hermes_带人物\有用_I_SA%QWDL4L_(ZE2JW0[~SN.jpg	D:\一轮\hermes_带人物\有用_I_SA%QWDL4L_(ZE2JW0[~SN.png
D:\一轮\hermes_带人物\有用_JUVJX{3WO%SM9[IQRO{]JPK_tmb (2024_11_13 09_19_52 UTC).bmp	D:\一轮\hermes_带人物\有用_JUVJX{3WO%SM9[IQRO{]JPK_tmb (2024_11_13 09_19_52 UTC).png
D:\一轮\hermes_带人物\有用_J_EOM{(WT(B52D%5]1H9@20.jpg	D:\一轮\hermes_带人物\有用_J_EOM{(WT(B52D%5]1H9@20.png
D:\一轮\hermes_带人物\有用_J{5E0JI[`]LMT0V5U)Q`2BR_tmb (2024_11_13 09_19_52 UTC).png	D:\一轮\hermes_带人物\有用_J{5E0JI[`]LMT0V5U)Q`2BR_tmb (2024_11_13 09_19_52 UTC).jpg
D:\一轮\hermes_带人物\有用_K2{_P7KT96FGLEZD)YN)OP4_tmb (2024_11_13 09_19_52 UTC).bmp	D:\一轮\hermes_带人物\有用_K2{_P7KT96FGLEZD)YN)OP4_tmb (2024_11_13 09_19_52 UTC).jpg
D:\一轮\hermes_带人物\有用_K5[6AW{}A)7XX1`VO3EMSVM_tmb (2024_11_13 09_19_52 UTC).PNG	D:\一轮\hermes_带人物\有用_K5[6AW{}A)7XX1`VO3EMSVM_tmb (2024_11_13 09_19_52 UTC).jpg
D:\一轮\hermes_带人物\有用_K@O5}85UC`YQ@YA]1EQ30%7.jpg	D:\一轮\hermes_带人物\有用_K@O5}85UC`YQ@YA]1EQ30%7.png
D:\一轮\hermes_带人物\有用_KOVUF{4Q1)TPFI0HZT}@%]P.jpg	D:\一轮\hermes_带人物\有用_KOVUF{4Q1)TPFI0HZT}@%]P.png
D:\一轮\hermes_带人物\有用_KQ8~Y51G{R%]MWS$EGM6V[F.jpg	D:\一轮\hermes_带人物\有用_KQ8~Y51G{R%]MWS$EGM6V[F.png
D:\一轮\hermes_带人物\有用_L2%0J`YNBR}5L[4O%UWJE{G_tmb (2024_11_13 09_19_52 UTC).bmp	D:\一轮\hermes_带人物\有用_L2%0J`YNBR}5L[4O%UWJE{G_tmb (2024_11_13 09_19_52 UTC).jpg
D:\一轮\hermes_带人物\有用_L46{Y6$~RA94_0EWIPNG0V6_tmb (2024_11_13 09_19_52 UTC).jpg	D:\一轮\hermes_带人物\有用_L46{Y6$~RA94_0EWIPNG0V6_tmb (2024_11_13 09_19_52 UTC).png
D:\一轮\hermes_带人物\有用_LI~8T$L3UOHY76{UUPA{~ST_tmb (2024_11_13 09_19_52 UTC).png	D:\一轮\hermes_带人物\有用_LI~8T$L3UOHY76{UUPA{~ST_tmb (2024_11_13 09_19_52 UTC).jpg
D:\一轮\hermes_带人物\有用_LV`ZIWS{7{N2GJ8SNUFBX70.jpg	D:\一轮\hermes_带人物\有用_LV`ZIWS{7{N2GJ8SNUFBX70.png
D:\一轮\hermes_带人物\有用_MCX{EH@C3TX`LK$HO{($Q%P.jpg	D:\一轮\hermes_带人物\有用_MCX{EH@C3TX`LK$HO{($Q%P.png
D:\一轮\hermes_带人物\有用_ME6EB038798OE_%4686WR(Q.jpg	D:\一轮\hermes_带人物\有用_ME6EB038798OE_%4686WR(Q.png
D:\一轮\hermes_带人物\有用_MH{4KZO6N4{_(C5J_FBVQWI_tmb (2024_11_13 09_19_52 UTC).bmp	D:\一轮\hermes_带人物\有用_MH{4KZO6N4{_(C5J_FBVQWI_tmb (2024_11_13 09_19_52 UTC).jpg
D:\一轮\hermes_带人物\有用_MZGO1]6K8IW$(I9HH9[{KTX.JPG	D:\一轮\hermes_带人物\有用_MZGO1]6K8IW$(I9HH9[{KTX.png
D:\一轮\hermes_带人物\有用_MZ@M{6MIIHLE286_MV$C~0W.jpg	D:\一轮\hermes_带人物\有用_MZ@M{6MIIHLE286_MV$C~0W.png
D:\一轮\hermes_带人物\有用_M[%{S[%6BQAC[VXO34N~~TO.jpg	D:\一轮\hermes_带人物\有用_M[%{S[%6BQAC[VXO34N~~TO.png
D:\一轮\hermes_带人物\有用_M{Q4ME6)_F}}EH(~4`PHI8V_tmb (2024_11_13 09_19_52 UTC).bmp	D:\一轮\hermes_带人物\有用_M{Q4ME6)_F}}EH(~4`PHI8V_tmb (2024_11_13 09_19_52 UTC).jpg
D:\一轮\hermes_带人物\有用_N2FZ`W`W{HU97K](}1`%L{K.jpg	D:\一轮\hermes_带人物\有用_N2FZ`W`W{HU97K](}1`%L{K.png
D:\一轮\hermes_带人物\有用_NY{CR()M`E{O{%YOFEP`}XG.jpg	D:\一轮\hermes_带人物\有用_NY{CR()M`E{O{%YOFEP`}XG.png
D:\一轮\hermes_带人物\有用_O%X5W@)RARKYMUL@YP3P~DD.jpg	D:\一轮\hermes_带人物\有用_O%X5W@)RARKYMUL@YP3P~DD.png
D:\一轮\hermes_带人物\有用_O0U~GKWV%BG~91LO7O$~FQG.JPG	D:\一轮\hermes_带人物\有用_O0U~GKWV%BG~91LO7O$~FQG.png
D:\一轮\hermes_带人物\有用_O8MV2{9H%I(`)$(LRR)}}PR.jpg	D:\一轮\hermes_带人物\有用_O8MV2{9H%I(`)$(LRR)}}PR.png
D:\一轮\hermes_带人物\有用_O@{DY@VED89JOTU40QCUV7V.jpg	D:\一轮\hermes_带人物\有用_O@{DY@VED89JOTU40QCUV7V.png
D:\一轮\hermes_带人物\有用_ONSJ5S@~B4D7XD%{$8GC]RN.jpg	D:\一轮\hermes_带人物\有用_ONSJ5S@~B4D7XD%{$8GC]RN.png
D:\一轮\hermes_带人物\有用_OVBZT_{)_5YIC$RQ`@U3I_1.jpg	D:\一轮\hermes_带人物\有用_OVBZT_{)_5YIC$RQ`@U3I_1.png
D:\一轮\hermes_带人物\有用_OW]X}~@@K{(GP}ZOR6GJRRJ.jpg	D:\一轮\hermes_带人物\有用_OW]X}~@@K{(GP}ZOR6GJRRJ.png
D:\一轮\hermes_带人物\有用_O`32{R6}B]}6JVUGM$IL@D5_tmb (2024_11_13 09_19_52 UTC).bmp	D:\一轮\hermes_带人物\有用_O`32{R6}B]}6JVUGM$IL@D5_tmb (2024_11_13 09_19_52 UTC).jpg
D:\一轮\hermes_带人物\有用_PPVEP{%}}LW]WS@$F11J{CY_tmb (2024_11_13 09_19_52 UTC).bmp	D:\一轮\hermes_带人物\有用_PPVEP{%}}LW]WS@$F11J{CY_tmb (2024_11_13 09_19_52 UTC).jpg
D:\一轮\hermes_带人物\有用_PSH0NW}}GFESUR[%{B%[}%0_tmb (2024_11_13 09_19_52 UTC).bmp	D:\一轮\hermes_带人物\有用_PSH0NW}}GFESUR[%{B%[}%0_tmb (2024_11_13 09_19_52 UTC).jpg
D:\一轮\hermes_带人物\有用_PSO$H47~$Z5P3CC1A9IOJ{F.JPG	D:\一轮\hermes_带人物\有用_PSO$H47~$Z5P3CC1A9IOJ{F.png
D:\一轮\hermes_带人物\有用_PZD@%{J}MOHJKA0JL7W_[S9.jpg	D:\一轮\hermes_带人物\有用_PZD@%{J}MOHJKA0JL7W_[S9.png
D:\一轮\hermes_带人物\有用_P}00%V4E%ZUUQL[WEASX%_F.JPG	D:\一轮\hermes_带人物\有用_P}00%V4E%ZUUQL[WEASX%_F.png
D:\一轮\hermes_带人物\有用_Q9%R1}%C3ERA]${RN6{F(@O.jpg	D:\一轮\hermes_带人物\有用_Q9%R1}%C3ERA]${RN6{F(@O.png
D:\一轮\hermes_带人物\有用_QI``B{][89J[M5MO0Z4[PAG.png	D:\一轮\hermes_带人物\有用_QI``B{][89J[M5MO0Z4[PAG.jpg
D:\一轮\hermes_带人物\有用_QJX%6DU@]BRJ`(D%HG[B286.jpg	D:\一轮\hermes_带人物\有用_QJX%6DU@]BRJ`(D%HG[B286.png
D:\一轮\hermes_带人物\有用_QLMHD4UR~XWRN`9%DOSJIKE.jpg	D:\一轮\hermes_带人物\有用_QLMHD4UR~XWRN`9%DOSJIKE.png
D:\一轮\hermes_带人物\有用_QS5GHK)`I))AZK@1%P~DFEP.jpg	D:\一轮\hermes_带人物\有用_QS5GHK)`I))AZK@1%P~DFEP.png
D:\一轮\hermes_带人物\有用_QV)A${%DSVH~AO`[V1JG]YD_tmb (2024_11_13 09_19_52 UTC).PNG	D:\一轮\hermes_带人物\有用_QV)A${%DSVH~AO`[V1JG]YD_tmb (2024_11_13 09_19_52 UTC).jpg
D:\一轮\hermes_带人物\有用_QW9V[DJ]90@{UJ4S0RQZMBJ.jpg	D:\一轮\hermes_带人物\有用_QW9V[DJ]90@{UJ4S0RQZMBJ.png
D:\一轮\hermes_带人物\有用_Q{%QG%1_SCO($2B5@YB8)O5.jpg	D:\一轮\hermes_带人物\有用_Q{%QG%1_SCO($2B5@YB8)O5.png
D:\一轮\hermes_带人物\有用_RDPWWI)7()_6]L@L%QS0}W3.jpg	D:\一轮\hermes_带人物\有用_RDPWWI)7()_6]L@L%QS0}W3.png
D:\一轮\hermes_带人物\有用_RGG%EZJ][02K1YA8CEX@`PP.jpg	D:\一轮\hermes_带人物\有用_RGG%EZJ][02K1YA8CEX@`PP.png
D:\一轮\hermes_带人物\有用_RN9(FR0$%R%J228N2L8`5U8.jpg	D:\一轮\hermes_带人物\有用_RN9(FR0$%R%J228N2L8`5U8.png
D:\一轮\hermes_带人物\有用_R[_P@_Z{A0P3)ZZ8VWUK_7K.jpg	D:\一轮\hermes_带人物\有用_R[_P@_Z{A0P3)ZZ8VWUK_7K.png
D:\一轮\hermes_带人物\有用_SFZ}YN2QE{[KMT%BC]D3B97.jpg	D:\一轮\hermes_带人物\有用_SFZ}YN2QE{[KMT%BC]D3B97.png
D:\一轮\hermes_带人物\有用_SU)2(W3L}}R]Z{V8K{`]2TU_tmb (2024_11_13 09_19_52 UTC).bmp	D:\一轮\hermes_带人物\有用_SU)2(W3L}}R]Z{V8K{`]2TU_tmb (2024_11_13 09_19_52 UTC).jpg
D:\一轮\hermes_带人物\有用_SW6P_{}A5R_G0Y6@Y6UN49P.jpg	D:\一轮\hermes_带人物\有用_SW6P_{}A5R_G0Y6@Y6UN49P.png
D:\一轮\hermes_带人物\有用_T1K~`[T3`{(5Y6]FJW[B_0Q.jpg	D:\一轮\hermes_带人物\有用_T1K~`[T3`{(5Y6]FJW[B_0Q.png
D:\一轮\hermes_带人物\有用_TMDZ1KD}KG0_B1FLG{B_$B2.jpg	D:\一轮\hermes_带人物\有用_TMDZ1KD}KG0_B1FLG{B_$B2.png
D:\一轮\hermes_带人物\有用_TPH(1%WV4F3Q8OD37R]W]63.jpg	D:\一轮\hermes_带人物\有用_TPH(1%WV4F3Q8OD37R]W]63.png
D:\一轮\hermes_带人物\有用_TX61C1J~191~_[C@%$ZA06P.jpg	D:\一轮\hermes_带人物\有用_TX61C1J~191~_[C@%$ZA06P.png
D:\一轮\hermes_带人物\有用_T{CQYI](5`}I86XPP{[92}A_tmb (2024_11_13 09_19_52 UTC).bmp	D:\一轮\hermes_带人物\有用_T{CQYI](5`}I86XPP{[92}A_tmb (2024_11_13 09_19_52 UTC).jpg
D:\一轮\hermes_带人物\有用_U5(E}LFOS@{W0SY[]EVMDDV.jpg	D:\一轮\hermes_带人物\有用_U5(E}LFOS@{W0SY[]EVMDDV.png
D:\一轮\hermes_带人物\有用_V5W%}JQ`Q]][GLAF)%RVWFR.jpg	D:\一轮\hermes_带人物\有用_V5W%}JQ`Q]][GLAF)%RVWFR.png
D:\一轮\hermes_带人物\有用_VC(41S4ZS%9YHQZ(HYCU1EN.jpg	D:\一轮\hermes_带人物\有用_VC(41S4ZS%9YHQZ(HYCU1EN.png
D:\一轮\hermes_带人物\有用_VF8FF@BPM_6%Q[1W@~N{M50.jpg	D:\一轮\hermes_带人物\有用_VF8FF@BPM_6%Q[1W@~N{M50.png
D:\一轮\hermes_带人物\有用_VL$@33~(YPK@D8KJ2`(%}DN.jpg	D:\一轮\hermes_带人物\有用_VL$@33~(YPK@D8KJ2`(%}DN.png
D:\一轮\hermes_带人物\有用_VUB`CYH02{@{R644ORHJE(P.jpg	D:\一轮\hermes_带人物\有用_VUB`CYH02{@{R644ORHJE(P.png
D:\一轮\hermes_带人物\有用_VZ~IT[HDF`K%Q1B3{5BI9PW.jpg	D:\一轮\hermes_带人物\有用_VZ~IT[HDF`K%Q1B3{5BI9PW.png
D:\一轮\hermes_带人物\有用_V`1CLTI6E8{8XTCF{PRU~OQ_tmb (2024_11_13 09_19_52 UTC).bmp	D:\一轮\hermes_带人物\有用_V`1CLTI6E8{8XTCF{PRU~OQ_tmb (2024_11_13 09_19_52 UTC).jpg
D:\一轮\hermes_带人物\有用_V~I{V0KY%NH855CJV241(1F.jpg	D:\一轮\hermes_带人物\有用_V~I{V0KY%NH855CJV241(1F.png
D:\一轮\hermes_带人物\有用_W5UGDL(%56O[3WQ6A5MIFUG_tmb (2024_11_13 09_19_52 UTC).jpg	D:\一轮\hermes_带人物\有用_W5UGDL(%56O[3WQ6A5MIFUG_tmb (2024_11_13 09_19_52 UTC).png
D:\一轮\hermes_带人物\有用_W8IB81F~)OAZ%$WB`LU(SSG.jpg	D:\一轮\hermes_带人物\有用_W8IB81F~)OAZ%$WB`LU(SSG.png
D:\一轮\hermes_带人物\有用_WB%Z4I_8L7GNW_Z8VBWJ%92.jpg	D:\一轮\hermes_带人物\有用_WB%Z4I_8L7GNW_Z8VBWJ%92.png
D:\一轮\hermes_带人物\有用_WSW$P`6])8ZN~7CTB%T15{3_tmb (2024_11_13 09_19_52 UTC).png	D:\一轮\hermes_带人物\有用_WSW$P`6])8ZN~7CTB%T15{3_tmb (2024_11_13 09_19_52 UTC).jpg
D:\一轮\hermes_带人物\有用_W[BJV5_Q9EK94]GGR(`)I%B.jpg	D:\一轮\hermes_带人物\有用_W[BJV5_Q9EK94]GGR(`)I%B.png
D:\一轮\hermes_带人物\有用_W`Y%}{GZ{MB_9[[9KLGVQ81.jpg	D:\一轮\hermes_带人物\有用_W`Y%}{GZ{MB_9[[9KLGVQ81.png
D:\一轮\hermes_带人物\有用_X%Y}M]`AS2ZQF$VAF{~1`~B.jpg	D:\一轮\hermes_带人物\有用_X%Y}M]`AS2ZQF$VAF{~1`~B.png
D:\一轮\hermes_带人物\有用_X9KK]V5M(%94YD0T7[H4PBD.jpg	D:\一轮\hermes_带人物\有用_X9KK]V5M(%94YD0T7[H4PBD.png
D:\一轮\hermes_带人物\有用_XGU%@73IP9V4_LZ{LCIN082.jpg	D:\一轮\hermes_带人物\有用_XGU%@73IP9V4_LZ{LCIN082.png
D:\一轮\hermes_带人物\有用_XP~HG~V2~CVHH0}VSC%5G3G.jpg	D:\一轮\hermes_带人物\有用_XP~HG~V2~CVHH0}VSC%5G3G.png
D:\一轮\hermes_带人物\有用_Y(}ZJ_QIA207%AA21]T2U6C.jpg	D:\一轮\hermes_带人物\有用_Y(}ZJ_QIA207%AA21]T2U6C.png
D:\一轮\hermes_带人物\有用_Y1JK_WXT(AM}1DYV[{PW24K.jpg	D:\一轮\hermes_带人物\有用_Y1JK_WXT(AM}1DYV[{PW24K.png
D:\一轮\hermes_带人物\有用_Y38(KW_OX)X0%`L$EXL]5~J.jpg	D:\一轮\hermes_带人物\有用_Y38(KW_OX)X0%`L$EXL]5~J.png
D:\一轮\hermes_带人物\有用_Y@CGA`E{}D2J%]I@X$RYH}8.jpg	D:\一轮\hermes_带人物\有用_Y@CGA`E{}D2J%]I@X$RYH}8.png
D:\一轮\hermes_带人物\有用_YN3RB3CQ)X(H~5D{A@I3}@R.jpg	D:\一轮\hermes_带人物\有用_YN3RB3CQ)X(H~5D{A@I3}@R.png
D:\一轮\hermes_带人物\有用_YXBV$8ZA]C(~Q`DO8@43%MM.JPG	D:\一轮\hermes_带人物\有用_YXBV$8ZA]C(~Q`DO8@43%MM.png
D:\一轮\hermes_带人物\有用_Y{FM27HDNIMC0JDK5C}IBWE.JPG	D:\一轮\hermes_带人物\有用_Y{FM27HDNIMC0JDK5C}IBWE.png
D:\一轮\hermes_带人物\有用_Y}X1%L]9XQ_VOAP)D{7`8E4.jpg	D:\一轮\hermes_带人物\有用_Y}X1%L]9XQ_VOAP)D{7`8E4.png
D:\一轮\hermes_带人物\有用_Z2IKIKZGV0SQ{1FS8RW]_)B_tmb (2024_11_13 09_19_52 UTC).bmp	D:\一轮\hermes_带人物\有用_Z2IKIKZGV0SQ{1FS8RW]_)B_tmb (2024_11_13 09_19_52 UTC).jpg
D:\一轮\hermes_带人物\有用_Z4T7C315W)DHO%%_){RME%I_tmb (2024_11_13 09_19_52 UTC).bmp	D:\一轮\hermes_带人物\有用_Z4T7C315W)DHO%%_){RME%I_tmb (2024_11_13 09_19_52 UTC).jpg
D:\一轮\hermes_带人物\有用_ZJX6R6MNQO)O{SOLR98UK6I_tmb (2024_11_13 09_19_52 UTC).png	D:\一轮\hermes_带人物\有用_ZJX6R6MNQO)O{SOLR98UK6I_tmb (2024_11_13 09_19_52 UTC).jpg
D:\一轮\hermes_带人物\有用_ZSBREVGC06MJ6D%29%SLF{6_tmb (2024_11_13 09_19_52 UTC).png	D:\一轮\hermes_带人物\有用_ZSBREVGC06MJ6D%29%SLF{6_tmb (2024_11_13 09_19_52 UTC).jpg
D:\一轮\hermes_带人物\有用_[$7A@7QX4PA(6_W9D)1O%K3.jpg	D:\一轮\hermes_带人物\有用_[$7A@7QX4PA(6_W9D)1O%K3.png
D:\一轮\hermes_带人物\有用_[0V4E{$D6QRE%3O[%GUZS7D.jpg	D:\一轮\hermes_带人物\有用_[0V4E{$D6QRE%3O[%GUZS7D.png
D:\一轮\hermes_带人物\有用_[4{[}A`%U2{%@{1Y89D6B3I_tmb (2024_11_13 09_19_52 UTC).bmp	D:\一轮\hermes_带人物\有用_[4{[}A`%U2{%@{1Y89D6B3I_tmb (2024_11_13 09_19_52 UTC).png
D:\一轮\hermes_带人物\有用_[IC{~TE5LDX%MKRI5OFZ2[P_tmb (2024_11_13 09_19_52 UTC).bmp	D:\一轮\hermes_带人物\有用_[IC{~TE5LDX%MKRI5OFZ2[P_tmb (2024_11_13 09_19_52 UTC).jpg
D:\一轮\hermes_带人物\有用_[MH}II%(GN91IOV@QZ_I5]D_tmb (2024_11_13 09_19_52 UTC).bmp	D:\一轮\hermes_带人物\有用_[MH}II%(GN91IOV@QZ_I5]D_tmb (2024_11_13 09_19_52 UTC).png
D:\一轮\hermes_带人物\有用_[O}}D$]_GSQ_8BQ260HSR{A.jpg	D:\一轮\hermes_带人物\有用_[O}}D$]_GSQ_8BQ260HSR{A.png
D:\一轮\hermes_带人物\有用_[QD]]LZSY0{(@PH_(_7M9FG_tmb (2024_11_13 09_19_52 UTC).bmp	D:\一轮\hermes_带人物\有用_[QD]]LZSY0{(@PH_(_7M9FG_tmb (2024_11_13 09_19_52 UTC).jpg
D:\一轮\hermes_带人物\有用_[`O(37C5QK`Q)@%U8PY2PLC.jpg	D:\一轮\hermes_带人物\有用_[`O(37C5QK`Q)@%U8PY2PLC.png
D:\一轮\hermes_带人物\有用_[~IK31$C3QC2{D[K3%FG9{S.jpg	D:\一轮\hermes_带人物\有用_[~IK31$C3QC2{D[K3%FG9{S.png
D:\一轮\hermes_带人物\有用_]6PS]SC{5MFS21{Q6T{JID1.jpg	D:\一轮\hermes_带人物\有用_]6PS]SC{5MFS21{Q6T{JID1.png
D:\一轮\hermes_带人物\有用_]@I(UX`]AK806FYHX~2CJ%J_tmb (2024_11_13 09_19_52 UTC).bmp	D:\一轮\hermes_带人物\有用_]@I(UX`]AK806FYHX~2CJ%J_tmb (2024_11_13 09_19_52 UTC).png
D:\一轮\hermes_带人物\有用_]J{WP(((`51HOLQR_`GOUNP.jpg	D:\一轮\hermes_带人物\有用_]J{WP(((`51HOLQR_`GOUNP.png
D:\一轮\hermes_带人物\有用_]L1Z%XL_E4IN$CCG]VJ1KDU.jpg	D:\一轮\hermes_带人物\有用_]L1Z%XL_E4IN$CCG]VJ1KDU.png
D:\一轮\hermes_带人物\有用_]QQK6HD3_S0SENHXTTM46%0.JPG	D:\一轮\hermes_带人物\有用_]QQK6HD3_S0SENHXTTM46%0.png
D:\一轮\hermes_带人物\有用_]UUX5%_KP(TQ[TB~4~62W2G.jpg	D:\一轮\hermes_带人物\有用_]UUX5%_KP(TQ[TB~4~62W2G.png
D:\一轮\hermes_带人物\有用_]Z_P$)CY93U%14`OC)1QM27.jpg	D:\一轮\hermes_带人物\有用_]Z_P$)CY93U%14`OC)1QM27.png
D:\一轮\hermes_带人物\有用_]_RHM_3{FNVS04FOU}VXXNJ_tmb (2024_11_13 09_19_52 UTC).bmp	D:\一轮\hermes_带人物\有用_]_RHM_3{FNVS04FOU}VXXNJ_tmb (2024_11_13 09_19_52 UTC).jpg
D:\一轮\hermes_带人物\有用__(J@{{5KP~$I[)%T5K4KU}C_tmb (2024_11_13 09_19_52 UTC).png	D:\一轮\hermes_带人物\有用__(J@{{5KP~$I[)%T5K4KU}C_tmb (2024_11_13 09_19_52 UTC).jpg
D:\一轮\hermes_带人物\有用__[SMHN_B2{1O(2@}OQAF)OG.JPG	D:\一轮\hermes_带人物\有用__[SMHN_B2{1O(2@}OQAF)OG.png
D:\一轮\hermes_带人物\有用_{D[6}S4BC3IZWSBNN5LDQHA.jpg	D:\一轮\hermes_带人物\有用_{D[6}S4BC3IZWSBNN5LDQHA.png
D:\一轮\hermes_带人物\有用_{FZL5XSG5PCJ4PXIJI(TY5L.jpg	D:\一轮\hermes_带人物\有用_{FZL5XSG5PCJ4PXIJI(TY5L.png
D:\一轮\hermes_带人物\有用_{K3WIFMKHU88GVE4L}QJ$GS.jpg	D:\一轮\hermes_带人物\有用_{K3WIFMKHU88GVE4L}QJ$GS.png
D:\一轮\hermes_带人物\有用_{O5(VL9_A[O1G91(X%(`C@1_tmb (2024_11_13 09_19_52 UTC).png	D:\一轮\hermes_带人物\有用_{O5(VL9_A[O1G91(X%(`C@1_tmb (2024_11_13 09_19_52 UTC).jpg
D:\一轮\hermes_带人物\有用_{VL6B7GVGS1{H]QQL5HGE]I.jpg	D:\一轮\hermes_带人物\有用_{VL6B7GVGS1{H]QQL5HGE]I.png
D:\一轮\hermes_带人物\有用_{]1}`I(X@`IIALPR3GSJ5XE.jpg	D:\一轮\hermes_带人物\有用_{]1}`I(X@`IIALPR3GSJ5XE.png
D:\一轮\hermes_带人物\有用_{~A8Q`DF%MF@LK}GSV)0$YD.jpg	D:\一轮\hermes_带人物\有用_{~A8Q`DF%MF@LK}GSV)0$YD.png
D:\一轮\hermes_带人物\有用_}PP(FQ@X_SZ7%L%HG_$Z73B.jpg	D:\一轮\hermes_带人物\有用_}PP(FQ@X_SZ7%L%HG_$Z73B.png
D:\一轮\hermes_带人物\有用_}R3D4M9`5){(6Y0L2PY)@XT.jpg	D:\一轮\hermes_带人物\有用_}R3D4M9`5){(6Y0L2PY)@XT.png
D:\一轮\hermes_带人物\有用_}{IDKE2`FTD[IZLHN2}V[[T_tmb (2024_11_13 09_19_52 UTC).bmp	D:\一轮\hermes_带人物\有用_}{IDKE2`FTD[IZLHN2}V[[T_tmb (2024_11_13 09_19_52 UTC).jpg
D:\一轮\hermes_带人物\有用_~%GTW`B]97Z5`BXD[U}{$%H.JPG	D:\一轮\hermes_带人物\有用_~%GTW`B]97Z5`BXD[U}{$%H.png
D:\一轮\hermes_带人物\有用_~0X1[ZS9Q%IHUXY@SS16BPD.jpg	D:\一轮\hermes_带人物\有用_~0X1[ZS9Q%IHUXY@SS16BPD.png
D:\一轮\hermes_带人物\有用_~4K{5]O_W@)0CF@TG@J2[TM.jpg	D:\一轮\hermes_带人物\有用_~4K{5]O_W@)0CF@TG@J2[TM.png
D:\一轮\hermes_带人物\有用_~5HH`LN~}])W%W97V28I48P_tmb (2024_11_13 09_19_52 UTC).jpg	D:\一轮\hermes_带人物\有用_~5HH`LN~}])W%W97V28I48P_tmb (2024_11_13 09_19_52 UTC).png
D:\一轮\hermes_带人物\有用_~C$8B9SBI$}[0`NKN{$T{53_tmb (2024_11_13 09_19_52 UTC).bmp	D:\一轮\hermes_带人物\有用_~C$8B9SBI$}[0`NKN{$T{53_tmb (2024_11_13 09_19_52 UTC).png
D:\一轮\hermes_带人物_带人脸\1人\Hermes-base__图片_有用_2NS{7J2I%AMP{F5@2_F@EKT.jpg	D:\一轮\hermes_带人物_带人脸\1人\Hermes-base__图片_有用_2NS{7J2I%AMP{F5@2_F@EKT.png
D:\一轮\hermes_带人物_带人脸\1人\Hermes-base__图片_有用_F[)F%O_5NYFYGJ%Y[%%TSRY.jpg	D:\一轮\hermes_带人物_带人脸\1人\Hermes-base__图片_有用_F[)F%O_5NYFYGJ%Y[%%TSRY.png
D:\一轮\hermes_带人物_带人脸\1人\Hermes-base__图片_有用_GYHIOT_UM3G(_X0{4}$T84J.jpg	D:\一轮\hermes_带人物_带人脸\1人\Hermes-base__图片_有用_GYHIOT_UM3G(_X0{4}$T84J.png
D:\一轮\hermes_带人物_带人脸\1人\Hermes-base__图片_有用_J{XM%Z6EKYN7W[YCA9F9ZQ7.jpg	D:\一轮\hermes_带人物_带人脸\1人\Hermes-base__图片_有用_J{XM%Z6EKYN7W[YCA9F9ZQ7.png
D:\一轮\hermes_带人物_带人脸\1人\Hermes-base__图片_有用_L62XTF91MQ9~LX810HF7{JU.jpg	D:\一轮\hermes_带人物_带人脸\1人\Hermes-base__图片_有用_L62XTF91MQ9~LX810HF7{JU.png
D:\一轮\hermes_带人物_带人脸\1人\Hermes-base__图片_有用_N)KY]%%658R5ZU0C3Q5~BRO.jpg	D:\一轮\hermes_带人物_带人脸\1人\Hermes-base__图片_有用_N)KY]%%658R5ZU0C3Q5~BRO.png
D:\一轮\hermes_带人物_带人脸\1人\Hermes-base__图片_有用_NAI$NQPAJUEF)6CFY{K2V7L.jpg	D:\一轮\hermes_带人物_带人脸\1人\Hermes-base__图片_有用_NAI$NQPAJUEF)6CFY{K2V7L.png
D:\一轮\hermes_带人物_带人脸\1人\Hermes-base__图片_有用_N[{{E]P2WYIK0I]20S9E0MD.jpg	D:\一轮\hermes_带人物_带人脸\1人\Hermes-base__图片_有用_N[{{E]P2WYIK0I]20S9E0MD.png
D:\一轮\hermes_带人物_带人脸\1人\Hermes-base__图片_有用_O~H{SI{49`79O6~U5W@O%DN.jpg	D:\一轮\hermes_带人物_带人脸\1人\Hermes-base__图片_有用_O~H{SI{49`79O6~U5W@O%DN.png
D:\一轮\hermes_带人物_带人脸\1人\Hermes-base__图片_有用_QZZJ`(UD`48V~B_6Q%WZ%DH.jpg	D:\一轮\hermes_带人物_带人脸\1人\Hermes-base__图片_有用_QZZJ`(UD`48V~B_6Q%WZ%DH.png
D:\一轮\hermes_带人物_带人脸\1人\Hermes-base__图片_有用_S(5{}OXZ@{WX6QKERJLK(HN.jpg	D:\一轮\hermes_带人物_带人脸\1人\Hermes-base__图片_有用_S(5{}OXZ@{WX6QKERJLK(HN.png
D:\一轮\hermes_带人物_带人脸\1人\Hermes-base__图片_有用_S`{7PH(Z]P90(V@DRUH`40E.jpg	D:\一轮\hermes_带人物_带人脸\1人\Hermes-base__图片_有用_S`{7PH(Z]P90(V@DRUH`40E.png
D:\一轮\hermes_带人物_带人脸\1人\Hermes-base__图片_有用_Z`$OR_$3VL`5RZD_R$F{%]8.jpg	D:\一轮\hermes_带人物_带人脸\1人\Hermes-base__图片_有用_Z`$OR_$3VL`5RZD_R$F{%]8.png
D:\一轮\hermes_带人物_带人脸\1人\Hermes-base__图片_有用_Z`ZIOF)CT[{Z`7QQ6GFUVXQ.jpg	D:\一轮\hermes_带人物_带人脸\1人\Hermes-base__图片_有用_Z`ZIOF)CT[{Z`7QQ6GFUVXQ.png
D:\一轮\hermes_带人物_带人脸\1人\opencode__图片_备份_2025-08-20_KJ{H%1_L8V)$`6H%HAB2@5L.jpg	D:\一轮\hermes_带人物_带人脸\1人\opencode__图片_备份_2025-08-20_KJ{H%1_L8V)$`6H%HAB2@5L.png
D:\一轮\hermes_带人物_带人脸\1人\三次元_$M7O1U]NK_PO3R%[15I]UY8 (2024_11_13 09_19_52 UTC).jpg	D:\一轮\hermes_带人物_带人脸\1人\三次元_$M7O1U]NK_PO3R%[15I]UY8 (2024_11_13 09_19_52 UTC).png
D:\一轮\hermes_带人物_带人脸\1人\三次元_$US5UXH58AED$M48$C{]RT2.jpg	D:\一轮\hermes_带人物_带人脸\1人\三次元_$US5UXH58AED$M48$C{]RT2.png
D:\一轮\hermes_带人物_带人脸\1人\三次元_%QS_JDJV(EO$IAX)LL@[0~C.jpg	D:\一轮\hermes_带人物_带人脸\1人\三次元_%QS_JDJV(EO$IAX)LL@[0~C.png
D:\一轮\hermes_带人物_带人脸\1人\三次元_%T3Y{@BAZXVESW0O`2_UE8W.bmp	D:\一轮\hermes_带人物_带人脸\1人\三次元_%T3Y{@BAZXVESW0O`2_UE8W.jpg
D:\一轮\hermes_带人物_带人脸\1人\三次元_%UK0T5[DK}$V@%JRF@W8LN5.jpg	D:\一轮\hermes_带人物_带人脸\1人\三次元_%UK0T5[DK}$V@%JRF@W8LN5.png
D:\一轮\hermes_带人物_带人脸\1人\三次元_%]$K@[M7YPJZK2ANV@{4XL0 (2024_11_13 09_19_52 UTC).png	D:\一轮\hermes_带人物_带人脸\1人\三次元_%]$K@[M7YPJZK2ANV@{4XL0 (2024_11_13 09_19_52 UTC).jpg
D:\一轮\hermes_带人物_带人脸\1人\三次元_(6Q{[9FPLG%3MB6ZEQZ%(IM.jpg	D:\一轮\hermes_带人物_带人脸\1人\三次元_(6Q{[9FPLG%3MB6ZEQZ%(IM.png
D:\一轮\hermes_带人物_带人脸\1人\三次元_(9~IQYC69I~L26DC[)CXV{3.jpg	D:\一轮\hermes_带人物_带人脸\1人\三次元_(9~IQYC69I~L26DC[)CXV{3.png
D:\一轮\hermes_带人物_带人脸\1人\三次元_4C%M1AZ5P8HY9VAC1Z5O(UO.jpg	D:\一轮\hermes_带人物_带人脸\1人\三次元_4C%M1AZ5P8HY9VAC1Z5O(UO.png
D:\一轮\hermes_带人物_带人脸\1人\三次元_4S]C%$EQ$QFH6[NS1U16[(R.jpg	D:\一轮\hermes_带人物_带人脸\1人\三次元_4S]C%$EQ$QFH6[NS1U16[(R.png
D:\一轮\hermes_带人物_带人脸\1人\三次元_4Z7{$@%$G}191W$$}`2F~WQ.jpg	D:\一轮\hermes_带人物_带人脸\1人\三次元_4Z7{$@%$G}191W$$}`2F~WQ.png
D:\一轮\hermes_带人物_带人脸\1人\三次元_4_[AHDVX7(6Z%{7JZ$LJ[2P.jpg	D:\一轮\hermes_带人物_带人脸\1人\三次元_4_[AHDVX7(6Z%{7JZ$LJ[2P.png
D:\一轮\hermes_带人物_带人脸\1人\三次元_61KA{]$)~I[Y)3(7O`A5M5W.png	D:\一轮\hermes_带人物_带人脸\1人\三次元_61KA{]$)~I[Y)3(7O`A5M5W.jpg
D:\一轮\hermes_带人物_带人脸\1人\三次元_68L{ACWRLR$U8[V0Q2(FPB1.jpg	D:\一轮\hermes_带人物_带人脸\1人\三次元_68L{ACWRLR$U8[V0Q2(FPB1.png
D:\一轮\hermes_带人物_带人脸\1人\三次元_6@~({PA3}6IAE)WTAFWZI_E.jpg	D:\一轮\hermes_带人物_带人脸\1人\三次元_6@~({PA3}6IAE)WTAFWZI_E.png
D:\一轮\hermes_带人物_带人脸\1人\三次元_6]]N6(5RS1IYMZ0{XQK%P@2.jpg	D:\一轮\hermes_带人物_带人脸\1人\三次元_6]]N6(5RS1IYMZ0{XQK%P@2.png
D:\一轮\hermes_带人物_带人脸\1人\三次元_6{%(L4NN}_M}FQGOO90JJ)3.jpg	D:\一轮\hermes_带人物_带人脸\1人\三次元_6{%(L4NN}_M}FQGOO90JJ)3.png
D:\一轮\hermes_带人物_带人脸\1人\三次元_7LAC{1NQ(Q)G2XS52H{_KA3.jpg	D:\一轮\hermes_带人物_带人脸\1人\三次元_7LAC{1NQ(Q)G2XS52H{_KA3.png
D:\一轮\hermes_带人物_带人脸\1人\三次元_82TXOD_%UT%D12PU}M0ML~I.jpg	D:\一轮\hermes_带人物_带人脸\1人\三次元_82TXOD_%UT%D12PU}M0ML~I.png
D:\一轮\hermes_带人物_带人脸\1人\三次元_885H3Z7TPDVWR7N)7{O4QAJ.jpg	D:\一轮\hermes_带人物_带人脸\1人\三次元_885H3Z7TPDVWR7N)7{O4QAJ.png
D:\一轮\hermes_带人物_带人脸\1人\三次元_8A1VXL2E3[YI@S1ICO[%~SC.jpg	D:\一轮\hermes_带人物_带人脸\1人\三次元_8A1VXL2E3[YI@S1ICO[%~SC.png
D:\一轮\hermes_带人物_带人脸\1人\三次元_8S_[10A[U7M$I]C0(`F{6%H.jpg	D:\一轮\hermes_带人物_带人脸\1人\三次元_8S_[10A[U7M$I]C0(`F{6%H.png
D:\一轮\hermes_带人物_带人脸\1人\三次元_9%7D((CM5D)Z17%R_`$LJ5S.jpg	D:\一轮\hermes_带人物_带人脸\1人\三次元_9%7D((CM5D)Z17%R_`$LJ5S.png
D:\一轮\hermes_带人物_带人脸\1人\三次元_964`1{I]O8M287CZP$T(5`M (2024_11_13 09_19_52 UTC).png	D:\一轮\hermes_带人物_带人脸\1人\三次元_964`1{I]O8M287CZP$T(5`M (2024_11_13 09_19_52 UTC).jpg
D:\一轮\hermes_带人物_带人脸\1人\三次元_9P`%@N@TBX3JT$@W~U]]NSG.jpg	D:\一轮\hermes_带人物_带人脸\1人\三次元_9P`%@N@TBX3JT$@W~U]]NSG.png
D:\一轮\hermes_带人物_带人脸\1人\三次元_P{Q014W9AJ8[[K8GW~M]L%J.jpg	D:\一轮\hermes_带人物_带人脸\1人\三次元_P{Q014W9AJ8[[K8GW~M]L%J.png
D:\一轮\hermes_带人物_带人脸\1人\备份_2023-10-31_RRKIOF%ZBZ[JIUS1}[6GH51 (2024_11_13 09_19_52 UTC).jpg	D:\一轮\hermes_带人物_带人脸\1人\备份_2023-10-31_RRKIOF%ZBZ[JIUS1}[6GH51 (2024_11_13 09_19_52 UTC).png
D:\一轮\hermes_带人物_带人脸\1人\备份_2025-03-12_S`H(HKZMS~HSFLZP}{GXQVM.jpg	D:\一轮\hermes_带人物_带人脸\1人\备份_2025-03-12_S`H(HKZMS~HSFLZP}{GXQVM.png
D:\一轮\hermes_带人物_带人脸\1人\备份_2025-03-13_LW@3%K($7`_9DG76%GBQBYE.jpg	D:\一轮\hermes_带人物_带人脸\1人\备份_2025-03-13_LW@3%K($7`_9DG76%GBQBYE.png
D:\一轮\hermes_带人物_带人脸\1人\备份_2025-03-15_7]4QTRJ{YZV(IR5KW@F5ZJY.jpg	D:\一轮\hermes_带人物_带人脸\1人\备份_2025-03-15_7]4QTRJ{YZV(IR5KW@F5ZJY.png
D:\一轮\hermes_带人物_带人脸\1人\备份_2025-03-16_X7E%$_`JRV9L_DTSB_OY976.jpg	D:\一轮\hermes_带人物_带人脸\1人\备份_2025-03-16_X7E%$_`JRV9L_DTSB_OY976.png
D:\一轮\hermes_带人物_带人脸\1人\备份_2025-03-20_EQGRND{1BJ7JSD8F4SVC]FT.bmp	D:\一轮\hermes_带人物_带人脸\1人\备份_2025-03-20_EQGRND{1BJ7JSD8F4SVC]FT.jpg
D:\一轮\hermes_带人物_带人脸\1人\备份_2025-04-04_H~5ZRZ%~WANK}}M}`6BJLJ7.jpg	D:\一轮\hermes_带人物_带人脸\1人\备份_2025-04-04_H~5ZRZ%~WANK}}M}`6BJLJ7.png
D:\一轮\hermes_带人物_带人脸\1人\备份_2025-04-14_E{W10~~FG6)~`$KDJ0[DJMY.jpg	D:\一轮\hermes_带人物_带人脸\1人\备份_2025-04-14_E{W10~~FG6)~`$KDJ0[DJMY.png
D:\一轮\hermes_带人物_带人脸\1人\备份_2025-04-17_EPKT82I@KIM1DX%$})N[[IF.jpg	D:\一轮\hermes_带人物_带人脸\1人\备份_2025-04-17_EPKT82I@KIM1DX%$})N[[IF.png
D:\一轮\hermes_带人物_带人脸\1人\备份_2025-04-17_[V%BT803[}IGZ)QSE%PXS{G.jpg	D:\一轮\hermes_带人物_带人脸\1人\备份_2025-04-17_[V%BT803[}IGZ)QSE%PXS{G.png
D:\一轮\hermes_带人物_带人脸\1人\备份_2025-05-20_F_K%G%}M}MF}9([5Q$]~KD0.jpg	D:\一轮\hermes_带人物_带人脸\1人\备份_2025-05-20_F_K%G%}M}MF}9([5Q$]~KD0.png
D:\一轮\hermes_带人物_带人脸\1人\备份_2025-06-07_UTPM)9)N%SG3V_(P20K[0@X.jpg	D:\一轮\hermes_带人物_带人脸\1人\备份_2025-06-07_UTPM)9)N%SG3V_(P20K[0@X.png
D:\一轮\hermes_带人物_带人脸\1人\备份_2025-06-11_%U(]CP%YR2X~PZFH4%1}SAV.jpg	D:\一轮\hermes_带人物_带人脸\1人\备份_2025-06-11_%U(]CP%YR2X~PZFH4%1}SAV.png
D:\一轮\hermes_带人物_带人脸\1人\备份_2025-06-12_G6%])33X`$`{GLZK4G[G6WR.jpg	D:\一轮\hermes_带人物_带人脸\1人\备份_2025-06-12_G6%])33X`$`{GLZK4G[G6WR.png
D:\一轮\hermes_带人物_带人脸\1人\备份_2025-06-12_PR6$HH_L0%UOTQY%I][3C0Q.jpg	D:\一轮\hermes_带人物_带人脸\1人\备份_2025-06-12_PR6$HH_L0%UOTQY%I][3C0Q.png
D:\一轮\hermes_带人物_带人脸\1人\备份_2025-06-18_J392]K3FXE(]G(D{X@{4U}4.jpg	D:\一轮\hermes_带人物_带人脸\1人\备份_2025-06-18_J392]K3FXE(]G(D{X@{4U}4.png
D:\一轮\hermes_带人物_带人脸\1人\备份_2025-06-21_PBY(O7(%5U6`{X%4OCK5QX2.jpg	D:\一轮\hermes_带人物_带人脸\1人\备份_2025-06-21_PBY(O7(%5U6`{X%4OCK5QX2.png
D:\一轮\hermes_带人物_带人脸\1人\备份_2025-06-22_593G$NW6K0IR@)@FD`B{_P6.jpg	D:\一轮\hermes_带人物_带人脸\1人\备份_2025-06-22_593G$NW6K0IR@)@FD`B{_P6.png
D:\一轮\hermes_带人物_带人脸\1人\备份_2025-09-06_@{`@{B~HZIY$ZFJNMIR9{FE.jpg	D:\一轮\hermes_带人物_带人脸\1人\备份_2025-09-06_@{`@{B~HZIY$ZFJNMIR9{FE.png
D:\一轮\hermes_带人物_带人脸\1人\备份_2025-09-13_%W8SSRRBOS]{T~FXRH~6V%F.jpg	D:\一轮\hermes_带人物_带人脸\1人\备份_2025-09-13_%W8SSRRBOS]{T~FXRH~6V%F.png
D:\一轮\hermes_带人物_带人脸\1人\备份_2025-09-13_)@){XD[64D4U%1EJDDTX[S0.jpg	D:\一轮\hermes_带人物_带人脸\1人\备份_2025-09-13_)@){XD[64D4U%1EJDDTX[S0.png
D:\一轮\hermes_带人物_带人脸\1人\备份_2025-09-17_{~MLGM@RB[W$O[3YE]{5I8T.jpg	D:\一轮\hermes_带人物_带人脸\1人\备份_2025-09-17_{~MLGM@RB[W$O[3YE]{5I8T.png
D:\一轮\hermes_带人物_带人脸\1人\备份_2025-09-20_61M0}`(CE[$@W}(%DV1719Y.jpg	D:\一轮\hermes_带人物_带人脸\1人\备份_2025-09-20_61M0}`(CE[$@W}(%DV1719Y.png
D:\一轮\hermes_带人物_带人脸\1人\备份_2025-09-20_C2[B$VZQLA){V6TMI6YD[{O.jpg	D:\一轮\hermes_带人物_带人脸\1人\备份_2025-09-20_C2[B$VZQLA){V6TMI6YD[{O.png
D:\一轮\hermes_带人物_带人脸\1人\备份_2025-09-20_HFCKJ0BY{E890WI]4(FV$X2.jpg	D:\一轮\hermes_带人物_带人脸\1人\备份_2025-09-20_HFCKJ0BY{E890WI]4(FV$X2.png
D:\一轮\hermes_带人物_带人脸\1人\备份_2025-09-23_DH29TG))~@)$5K2TGC1N%K7.jpg	D:\一轮\hermes_带人物_带人脸\1人\备份_2025-09-23_DH29TG))~@)$5K2TGC1N%K7.png
D:\一轮\hermes_带人物_带人脸\1人\备份_2025-09-23_M)%(UBQ3@GDW@)9OD(K9Q(N.jpg	D:\一轮\hermes_带人物_带人脸\1人\备份_2025-09-23_M)%(UBQ3@GDW@)9OD(K9Q(N.png
D:\一轮\hermes_带人物_带人脸\1人\备份_2025-10-02_2MWC{E5SOLO{UT_6E3(10BI.jpg	D:\一轮\hermes_带人物_带人脸\1人\备份_2025-10-02_2MWC{E5SOLO{UT_6E3(10BI.png
D:\一轮\hermes_带人物_带人脸\1人\备份_2025-10-09_MP_G_0HF8{C7L_3E3026V_P.jpg	D:\一轮\hermes_带人物_带人脸\1人\备份_2025-10-09_MP_G_0HF8{C7L_3E3026V_P.png
D:\一轮\hermes_带人物_带人脸\1人\备份_2025-10-12_381@4%F[K1`EJBV)B[2M8{Y.jpg	D:\一轮\hermes_带人物_带人脸\1人\备份_2025-10-12_381@4%F[K1`EJBV)B[2M8{Y.png
D:\一轮\hermes_带人物_带人脸\1人\备份_2025-10-23_TM_M@V1DK{ZQSO`{JOZC$DN.jpg	D:\一轮\hermes_带人物_带人脸\1人\备份_2025-10-23_TM_M@V1DK{ZQSO`{JOZC$DN.png
D:\一轮\hermes_带人物_带人脸\1人\备份_2025-10-24_(2_~7{6E4`6GKO]F%7V0~F4.jpg	D:\一轮\hermes_带人物_带人脸\1人\备份_2025-10-24_(2_~7{6E4`6GKO]F%7V0~F4.png
D:\一轮\hermes_带人物_带人脸\1人\备份_2025-10-26_)@IJWJ{OA81@2]E[X6)[9V7.jpg	D:\一轮\hermes_带人物_带人脸\1人\备份_2025-10-26_)@IJWJ{OA81@2]E[X6)[9V7.png
D:\一轮\hermes_带人物_带人脸\1人\备份_2025-10-26_K$CH)[Z(U4CX@1AG%3MTN}Q.jpg	D:\一轮\hermes_带人物_带人脸\1人\备份_2025-10-26_K$CH)[Z(U4CX@1AG%3MTN}Q.png
D:\一轮\hermes_带人物_带人脸\1人\备份_2025-10-28_S{PP@1CS]RZ3%9RJ7GWBP45.jpg	D:\一轮\hermes_带人物_带人脸\1人\备份_2025-10-28_S{PP@1CS]RZ3%9RJ7GWBP45.png
D:\一轮\hermes_带人物_带人脸\1人\备份_2025-11-10_){A$(GJY%P9YDD3(J45NVW7.jpg	D:\一轮\hermes_带人物_带人脸\1人\备份_2025-11-10_){A$(GJY%P9YDD3(J45NVW7.png
D:\一轮\hermes_带人物_带人脸\1人\备份_2025-11-10_Z%J75%AYFVE2XDO@7%3`0ED.jpg	D:\一轮\hermes_带人物_带人脸\1人\备份_2025-11-10_Z%J75%AYFVE2XDO@7%3`0ED.png
D:\一轮\hermes_带人物_带人脸\1人\备份_2025-12-20_EL4TCPU[TJQU_9`Y4{9F0%4.jpg	D:\一轮\hermes_带人物_带人脸\1人\备份_2025-12-20_EL4TCPU[TJQU_9`Y4{9F0%4.png
D:\一轮\hermes_带人物_带人脸\1人\备份_2026-01-16_H4R0I]0{PJ%UIN0A`Z3(DMK.jpg	D:\一轮\hermes_带人物_带人脸\1人\备份_2026-01-16_H4R0I]0{PJ%UIN0A`Z3(DMK.png
D:\一轮\hermes_带人物_带人脸\1人\备份_2026-01-16_Y}%C$[~N`@_WQBWJO8LVSS6.jpg	D:\一轮\hermes_带人物_带人脸\1人\备份_2026-01-16_Y}%C$[~N`@_WQBWJO8LVSS6.png
D:\一轮\hermes_带人物_带人脸\1人\备份_2026-01-24_NA3GVYPG_LM7}INX`L][%Q5.jpg	D:\一轮\hermes_带人物_带人脸\1人\备份_2026-01-24_NA3GVYPG_LM7}INX`L][%Q5.png
D:\一轮\hermes_带人物_带人脸\1人\备份_2026-01-25_C722%$6OQ]DVX%G7)WEX[%L.jpg	D:\一轮\hermes_带人物_带人脸\1人\备份_2026-01-25_C722%$6OQ]DVX%G7)WEX[%L.png
D:\一轮\hermes_带人物_带人脸\1人\备份_2026-01-28_G8XSB_~_G)LS%~@(LE_%S7H.jpg	D:\一轮\hermes_带人物_带人脸\1人\备份_2026-01-28_G8XSB_~_G)LS%~@(LE_%S7H.png
D:\一轮\hermes_带人物_带人脸\1人\备份_2026-01-29_805Q$U]Q%HPGTP8_0XTRJ~Q.jpg	D:\一轮\hermes_带人物_带人脸\1人\备份_2026-01-29_805Q$U]Q%HPGTP8_0XTRJ~Q.png
D:\一轮\hermes_带人物_带人脸\1人\备份_2026-03-01_%XC1C2I36BZ_@[31XX9K9PQ.jpg	D:\一轮\hermes_带人物_带人脸\1人\备份_2026-03-01_%XC1C2I36BZ_@[31XX9K9PQ.png
D:\一轮\hermes_带人物_带人脸\1人\有用_0N1PI9M5S7%~%M%F{FUA$QY.jpg	D:\一轮\hermes_带人物_带人脸\1人\有用_0N1PI9M5S7%~%M%F{FUA$QY.png
D:\一轮\hermes_带人物_带人脸\1人\有用_1SB9%4NGTE174K0TK(F0G3Y.JPG	D:\一轮\hermes_带人物_带人脸\1人\有用_1SB9%4NGTE174K0TK(F0G3Y.png
D:\一轮\hermes_带人物_带人脸\1人\有用_1_45`3A{YEDHZK4C0BPF)Y6.jpg	D:\一轮\hermes_带人物_带人脸\1人\有用_1_45`3A{YEDHZK4C0BPF)Y6.png
D:\一轮\hermes_带人物_带人脸\1人\有用_27VIQR`8N@M2%F38LB@%P~X.jpg	D:\一轮\hermes_带人物_带人脸\1人\有用_27VIQR`8N@M2%F38LB@%P~X.png
D:\一轮\hermes_带人物_带人脸\1人\有用_2VU%$J0F(2$7)MT24U56]2V.jpg	D:\一轮\hermes_带人物_带人脸\1人\有用_2VU%$J0F(2$7)MT24U56]2V.png
D:\一轮\hermes_带人物_带人脸\1人\有用_31~T8]A]C7YGOX7DM}E%P~1.jpg	D:\一轮\hermes_带人物_带人脸\1人\有用_31~T8]A]C7YGOX7DM}E%P~1.png
D:\一轮\hermes_带人物_带人脸\1人\有用_3A@M3)8[JHLI0C6I%9(7MWI.jpg	D:\一轮\hermes_带人物_带人脸\1人\有用_3A@M3)8[JHLI0C6I%9(7MWI.png
D:\一轮\hermes_带人物_带人脸\1人\有用_3HTYEYJN)G6@3GW%KLBT]1Q.jpg	D:\一轮\hermes_带人物_带人脸\1人\有用_3HTYEYJN)G6@3GW%KLBT]1Q.png
D:\一轮\hermes_带人物_带人脸\1人\有用_3Q%8MTK]LTVNOI9OU$Y9ILL.jpg	D:\一轮\hermes_带人物_带人脸\1人\有用_3Q%8MTK]LTVNOI9OU$Y9ILL.png
D:\一轮\hermes_带人物_带人脸\1人\有用_4%%Z30SMONP]7X0UYXXR)BO.jpg	D:\一轮\hermes_带人物_带人脸\1人\有用_4%%Z30SMONP]7X0UYXXR)BO.png
D:\一轮\hermes_带人物_带人脸\1人\有用_4)W`ZUPF$%~J7MT~(6~[%VB.jpg	D:\一轮\hermes_带人物_带人脸\1人\有用_4)W`ZUPF$%~J7MT~(6~[%VB.png
D:\一轮\hermes_带人物_带人脸\1人\有用_40U@N]BB`X5C5{{3YGCWQ21.jpg	D:\一轮\hermes_带人物_带人脸\1人\有用_40U@N]BB`X5C5{{3YGCWQ21.png
D:\一轮\hermes_带人物_带人脸\1人\有用_@94A)F@[T{SL(XKT6I[C~0E.jpg	D:\一轮\hermes_带人物_带人脸\1人\有用_@94A)F@[T{SL(XKT6I[C~0E.png
D:\一轮\hermes_带人物_带人脸\1人\有用_@EA8(I(MD%2[`0LVQX282AF.jpg	D:\一轮\hermes_带人物_带人脸\1人\有用_@EA8(I(MD%2[`0LVQX282AF.png
D:\一轮\hermes_带人物_带人脸\1人\有用_A)9N(EJI%KJOZJ9I8ZS}70L.jpg	D:\一轮\hermes_带人物_带人脸\1人\有用_A)9N(EJI%KJOZJ9I8ZS}70L.png
D:\一轮\hermes_带人物_带人脸\1人\有用_A5~IQZKSH())Q$SN{J]8JOF.jpg	D:\一轮\hermes_带人物_带人脸\1人\有用_A5~IQZKSH())Q$SN{J]8JOF.png
D:\一轮\hermes_带人物_带人脸\1人\有用_AFQ6LNI]U%ITLX7C71[[BFM.jpg	D:\一轮\hermes_带人物_带人脸\1人\有用_AFQ6LNI]U%ITLX7C71[[BFM.png
D:\一轮\hermes_带人物_带人脸\1人\有用_AW%9TVQN1[($@S)1CW[OR$W.JPG	D:\一轮\hermes_带人物_带人脸\1人\有用_AW%9TVQN1[($@S)1CW[OR$W.png
D:\一轮\hermes_带人物_带人脸\1人\有用_B1GC1ZHW7L(M%Q3H1{M8]KP.jpg	D:\一轮\hermes_带人物_带人脸\1人\有用_B1GC1ZHW7L(M%Q3H1{M8]KP.png
D:\一轮\hermes_带人物_带人脸\1人\有用_BEGP%@2SEX~M2}}~JS~ILBH.jpg	D:\一轮\hermes_带人物_带人脸\1人\有用_BEGP%@2SEX~M2}}~JS~ILBH.png
D:\一轮\hermes_带人物_带人脸\1人\有用_C%{HUF7A@Q%A4[3)3F$Z@F7.bmp	D:\一轮\hermes_带人物_带人脸\1人\有用_C%{HUF7A@Q%A4[3)3F$Z@F7.jpg
D:\一轮\hermes_带人物_带人脸\1人\有用_C644%DU$]EV)K`$}L[7]H{3.jpg	D:\一轮\hermes_带人物_带人脸\1人\有用_C644%DU$]EV)K`$}L[7]H{3.png
D:\一轮\hermes_带人物_带人脸\1人\有用_DZ2RZ]8G)M$~`{DB@4Z1V1H.jpg	D:\一轮\hermes_带人物_带人脸\1人\有用_DZ2RZ]8G)M$~`{DB@4Z1V1H.png
D:\一轮\hermes_带人物_带人脸\1人\有用_ER(VM)XC``%%3H6QEVRJAE9.jpg	D:\一轮\hermes_带人物_带人脸\1人\有用_ER(VM)XC``%%3H6QEVRJAE9.png
D:\一轮\hermes_带人物_带人脸\1人\有用_FEVYFW]TZZS]C%]`PEW0AF7.jpg	D:\一轮\hermes_带人物_带人脸\1人\有用_FEVYFW]TZZS]C%]`PEW0AF7.png
D:\一轮\hermes_带人物_带人脸\1人\有用_FWA9%0EXXTOFCP9PX}7K)ZQ.jpg	D:\一轮\hermes_带人物_带人脸\1人\有用_FWA9%0EXXTOFCP9PX}7K)ZQ.png
D:\一轮\hermes_带人物_带人脸\1人\有用_GMT(9%GI]AQ4QX17B1U72IN.jpg	D:\一轮\hermes_带人物_带人脸\1人\有用_GMT(9%GI]AQ4QX17B1U72IN.png
D:\一轮\hermes_带人物_带人脸\1人\有用_H9F[]LE0`P8%__F((2C]QX4.jpg	D:\一轮\hermes_带人物_带人脸\1人\有用_H9F[]LE0`P8%__F((2C]QX4.png
D:\一轮\hermes_带人物_带人脸\1人\有用_HFBWSQ`4%V442@M[USG4TKW.jpg	D:\一轮\hermes_带人物_带人脸\1人\有用_HFBWSQ`4%V442@M[USG4TKW.png
D:\一轮\hermes_带人物_带人脸\1人\有用_HI`C[_EH%HY84I(G}[$8$3T.jpg	D:\一轮\hermes_带人物_带人脸\1人\有用_HI`C[_EH%HY84I(G}[$8$3T.png
D:\一轮\hermes_带人物_带人脸\1人\有用_H[{PB$7WI7GJXQ)8`}AQ998.bmp	D:\一轮\hermes_带人物_带人脸\1人\有用_H[{PB$7WI7GJXQ)8`}AQ998.jpg
D:\一轮\hermes_带人物_带人脸\1人\有用_J~%L4B04SF9NG1@06TCZ[59.jpg	D:\一轮\hermes_带人物_带人脸\1人\有用_J~%L4B04SF9NG1@06TCZ[59.png
D:\一轮\hermes_带人物_带人脸\1人\有用_K`DO@2S4WQF6_TMIMFSY5%X.jpg	D:\一轮\hermes_带人物_带人脸\1人\有用_K`DO@2S4WQF6_TMIMFSY5%X.png
D:\一轮\hermes_带人物_带人脸\1人\有用_MWSS58H]0FH}JML43%A6R[S.jpg	D:\一轮\hermes_带人物_带人脸\1人\有用_MWSS58H]0FH}JML43%A6R[S.png
D:\一轮\hermes_带人物_带人脸\1人\有用_MZ{@66)@FFU}0_MTU%)9K)5.jpg	D:\一轮\hermes_带人物_带人脸\1人\有用_MZ{@66)@FFU}0_MTU%)9K)5.png
D:\一轮\hermes_带人物_带人脸\1人\有用_O4S4GZ){B7PPY~49GD04)CE.jpg	D:\一轮\hermes_带人物_带人脸\1人\有用_O4S4GZ){B7PPY~49GD04)CE.png
D:\一轮\hermes_带人物_带人脸\1人\有用_OCW7N@JJTOL[(WOL)%3WZ%8.jpg	D:\一轮\hermes_带人物_带人脸\1人\有用_OCW7N@JJTOL[(WOL)%3WZ%8.png
D:\一轮\hermes_带人物_带人脸\1人\有用_P(Z_S9H]COY5P5W`3U@T%C7.jpg	D:\一轮\hermes_带人物_带人脸\1人\有用_P(Z_S9H]COY5P5W`3U@T%C7.png
D:\一轮\hermes_带人物_带人脸\1人\有用_PJ8JM9NZ@KX`6X%S2A4T9N2.jpg	D:\一轮\hermes_带人物_带人脸\1人\有用_PJ8JM9NZ@KX`6X%S2A4T9N2.png
D:\一轮\hermes_带人物_带人脸\1人\有用_QGZMJEU)%NOCK1(S4{MXUQY.jpg	D:\一轮\hermes_带人物_带人脸\1人\有用_QGZMJEU)%NOCK1(S4{MXUQY.png
D:\一轮\hermes_带人物_带人脸\1人\有用_Q{%)Y)]M$IR0W]]1$~16F99.jpg	D:\一轮\hermes_带人物_带人脸\1人\有用_Q{%)Y)]M$IR0W]]1$~16F99.png
D:\一轮\hermes_带人物_带人脸\1人\有用_R$AJ4KY`7Z{34%T%)_{WS0T.jpg	D:\一轮\hermes_带人物_带人脸\1人\有用_R$AJ4KY`7Z{34%T%)_{WS0T.png
D:\一轮\hermes_带人物_带人脸\1人\有用_S{A3P_NH1)$78%7WDN[9[53.jpg	D:\一轮\hermes_带人物_带人脸\1人\有用_S{A3P_NH1)$78%7WDN[9[53.png
D:\一轮\hermes_带人物_带人脸\1人\有用_TP(4QBM70LA()2{JP%Z([DF.jpg	D:\一轮\hermes_带人物_带人脸\1人\有用_TP(4QBM70LA()2{JP%Z([DF.png
D:\一轮\hermes_带人物_带人脸\1人\有用_T{I1TQ4~(]Z_L}A]4)IAWCM.bmp	D:\一轮\hermes_带人物_带人脸\1人\有用_T{I1TQ4~(]Z_L}A]4)IAWCM.jpg
D:\一轮\hermes_带人物_带人脸\1人\有用_T}43K8}NUQ%}BC0J93B4F@H.jpg	D:\一轮\hermes_带人物_带人脸\1人\有用_T}43K8}NUQ%}BC0J93B4F@H.png
D:\一轮\hermes_带人物_带人脸\1人\有用_UEX5J{4(]M`TZ)JWIZS4BJ9.jpg	D:\一轮\hermes_带人物_带人脸\1人\有用_UEX5J{4(]M`TZ)JWIZS4BJ9.png
D:\一轮\hermes_带人物_带人脸\1人\有用_ULZ[@@9{9Y({_0PS_55J[C7.jpg	D:\一轮\hermes_带人物_带人脸\1人\有用_ULZ[@@9{9Y({_0PS_55J[C7.png
D:\一轮\hermes_带人物_带人脸\1人\有用_VW_%IZMI_0@0X0DLJUQ_C62.jpg	D:\一轮\hermes_带人物_带人脸\1人\有用_VW_%IZMI_0@0X0DLJUQ_C62.png
D:\一轮\hermes_带人物_带人脸\1人\有用_V_U`GM44`R%B7]V@27MM{EH.jpg	D:\一轮\hermes_带人物_带人脸\1人\有用_V_U`GM44`R%B7]V@27MM{EH.png
D:\一轮\hermes_带人物_带人脸\1人\有用_V`X$PA`W(8}0PPH$%9(QWHL.jpg	D:\一轮\hermes_带人物_带人脸\1人\有用_V`X$PA`W(8}0PPH$%9(QWHL.png
D:\一轮\hermes_带人物_带人脸\1人\有用_W){~6YDJ{56J20(QYO%S{XM.jpg	D:\一轮\hermes_带人物_带人脸\1人\有用_W){~6YDJ{56J20(QYO%S{XM.png
D:\一轮\hermes_带人物_带人脸\1人\有用_W0{3D7$Q%Z_JF1T3RU5Q[)B.jpg	D:\一轮\hermes_带人物_带人脸\1人\有用_W0{3D7$Q%Z_JF1T3RU5Q[)B.png
D:\一轮\hermes_带人物_带人脸\1人\有用_WM{{6YA$`BIQIH1FGD`IMMP.jpg	D:\一轮\hermes_带人物_带人脸\1人\有用_WM{{6YA$`BIQIH1FGD`IMMP.png
D:\一轮\hermes_带人物_带人脸\1人\有用_X97CO31B@A4A%{I}OYJ)2(1.jpg	D:\一轮\hermes_带人物_带人脸\1人\有用_X97CO31B@A4A%{I}OYJ)2(1.png
D:\一轮\hermes_带人物_带人脸\1人\有用_X9WX~3(WJ~[9VI%I~O{FI$3.jpg	D:\一轮\hermes_带人物_带人脸\1人\有用_X9WX~3(WJ~[9VI%I~O{FI$3.png
D:\一轮\hermes_带人物_带人脸\1人\有用_XQE$T@H$ATL27JUAN1ON~{Q.jpg	D:\一轮\hermes_带人物_带人脸\1人\有用_XQE$T@H$ATL27JUAN1ON~{Q.png
D:\一轮\hermes_带人物_带人脸\1人\有用_Y)4XMZNQ{(IF7X0VK[7O4NJ.jpg	D:\一轮\hermes_带人物_带人脸\1人\有用_Y)4XMZNQ{(IF7X0VK[7O4NJ.png
D:\一轮\hermes_带人物_带人脸\1人\有用_Y6R5_ERV]UGM17Y)%HX9{%X.jpg	D:\一轮\hermes_带人物_带人脸\1人\有用_Y6R5_ERV]UGM17Y)%HX9{%X.png
D:\一轮\hermes_带人物_带人脸\1人\有用_ZVT5%)SG9ENRDM{0@FPSZ}0.jpg	D:\一轮\hermes_带人物_带人脸\1人\有用_ZVT5%)SG9ENRDM{0@FPSZ}0.png
D:\一轮\hermes_带人物_带人脸\1人\有用_[01FW2E$YWZ%_R6X~1NU[5Y.jpg	D:\一轮\hermes_带人物_带人脸\1人\有用_[01FW2E$YWZ%_R6X~1NU[5Y.png
D:\一轮\hermes_带人物_带人脸\1人\有用_[NQF]C@][DO3USO@%]3$V]5.jpg	D:\一轮\hermes_带人物_带人脸\1人\有用_[NQF]C@][DO3USO@%]3$V]5.png
D:\一轮\hermes_带人物_带人脸\1人\有用_[P8YHED%18Q41U5H38W5MIE.jpg	D:\一轮\hermes_带人物_带人脸\1人\有用_[P8YHED%18Q41U5H38W5MIE.png
D:\一轮\hermes_带人物_带人脸\1人\有用_[V{{DDEZW6V`XJ)Z338@JVN (2024_11_13 09_19_52 UTC).bmp	D:\一轮\hermes_带人物_带人脸\1人\有用_[V{{DDEZW6V`XJ)Z338@JVN (2024_11_13 09_19_52 UTC).png
D:\一轮\hermes_带人物_带人脸\1人\有用_[X{X]~DFV}AJX6ZL}LCP8WC.jpg	D:\一轮\hermes_带人物_带人脸\1人\有用_[X{X]~DFV}AJX6ZL}LCP8WC.png
D:\一轮\hermes_带人物_带人脸\1人\有用_](256X4ZRJOE$IS@@S8]{G6.jpg	D:\一轮\hermes_带人物_带人脸\1人\有用_](256X4ZRJOE$IS@@S8]{G6.png
D:\一轮\hermes_带人物_带人脸\1人\有用_]K0T4UP(OKI2[3O53[X{`C3.jpg	D:\一轮\hermes_带人物_带人脸\1人\有用_]K0T4UP(OKI2[3O53[X{`C3.png
D:\一轮\hermes_带人物_带人脸\1人\有用_]{8}ZO_{)IB5E`$I1N]KM8G (2024_11_13 09_19_52 UTC).bmp	D:\一轮\hermes_带人物_带人脸\1人\有用_]{8}ZO_{)IB5E`$I1N]KM8G (2024_11_13 09_19_52 UTC).jpg
D:\一轮\hermes_带人物_带人脸\1人\有用__XK{BC[CG3X713K%SWCOP$8.jpg	D:\一轮\hermes_带人物_带人脸\1人\有用__XK{BC[CG3X713K%SWCOP$8.png
D:\一轮\hermes_带人物_带人脸\1人\有用_{ON1PDG$XUGSQ0TC{1P43[S (2024_11_13 09_19_52 UTC).bmp	D:\一轮\hermes_带人物_带人脸\1人\有用_{ON1PDG$XUGSQ0TC{1P43[S (2024_11_13 09_19_52 UTC).png
D:\一轮\hermes_带人物_带人脸\1人\有用_{VU8H(03S9@68ZER$V@L{XL (2024_11_13 09_19_52 UTC).bmp	D:\一轮\hermes_带人物_带人脸\1人\有用_{VU8H(03S9@68ZER$V@L{XL (2024_11_13 09_19_52 UTC).jpg
D:\一轮\hermes_带人物_带人脸\1人\有用_{}IN]P%HNY@S}M6{Z5I[JYU.jpg	D:\一轮\hermes_带人物_带人脸\1人\有用_{}IN]P%HNY@S}M6{Z5I[JYU.png
D:\一轮\hermes_带人物_带人脸\1人\有用_}%4S7WRKA@2%`1TRH})AADG.jpg	D:\一轮\hermes_带人物_带人脸\1人\有用_}%4S7WRKA@2%`1TRH})AADG.png
D:\一轮\hermes_带人物_带人脸\1人\有用_}}AS~YHH}Z{XR9E_Y`Y81ES.jpg	D:\一轮\hermes_带人物_带人脸\1人\有用_}}AS~YHH}Z{XR9E_Y`Y81ES.png
D:\一轮\hermes_带人物_带人脸\1人\有用_~5AO9LO$%2((N62O03H$GXP.jpg	D:\一轮\hermes_带人物_带人脸\1人\有用_~5AO9LO$%2((N62O03H$GXP.png
D:\一轮\hermes_带人物_带人脸\1人\有用_~A%`IKAEO9J%(INL3N_}M4R.jpg	D:\一轮\hermes_带人物_带人脸\1人\有用_~A%`IKAEO9J%(INL3N_}M4R.png
D:\一轮\hermes_带人物_带人脸\2人\Hermes-base__图片_有用_12)$)ZC{NXMC9N9R)VVDZ38 (2024_11_13 09_19_52 UTC).bmp	D:\一轮\hermes_带人物_带人脸\2人\Hermes-base__图片_有用_12)$)ZC{NXMC9N9R)VVDZ38 (2024_11_13 09_19_52 UTC).png
D:\一轮\hermes_带人物_带人脸\2人\Hermes-base__图片_有用_~DXG{}0_%ONTCA90~2`CZOC.jpg	D:\一轮\hermes_带人物_带人脸\2人\Hermes-base__图片_有用_~DXG{}0_%ONTCA90~2`CZOC.png
D:\一轮\hermes_带人物_带人脸\2人\三次元_%S(8OP4VN0G3O9AX0$GGCE9.jpg	D:\一轮\hermes_带人物_带人脸\2人\三次元_%S(8OP4VN0G3O9AX0$GGCE9.png
D:\一轮\hermes_带人物_带人脸\2人\三次元_514HFUVU7X)PL4}KA6R%}FN.jpg	D:\一轮\hermes_带人物_带人脸\2人\三次元_514HFUVU7X)PL4}KA6R%}FN.png
D:\一轮\hermes_带人物_带人脸\2人\三次元_8WAF[~6I`%7G[SZ4O~_5PCV.jpg	D:\一轮\hermes_带人物_带人脸\2人\三次元_8WAF[~6I`%7G[SZ4O~_5PCV.png
D:\一轮\hermes_带人物_带人脸\2人\三次元_UO%5J0[3J@KRY6DVH]DFI}4.jpg	D:\一轮\hermes_带人物_带人脸\2人\三次元_UO%5J0[3J@KRY6DVH]DFI}4.png
D:\一轮\hermes_带人物_带人脸\2人\备份_2025-03-18_A4%B5PXOBLJEYV@H9H5_A[W.jpg	D:\一轮\hermes_带人物_带人脸\2人\备份_2025-03-18_A4%B5PXOBLJEYV@H9H5_A[W.png
D:\一轮\hermes_带人物_带人脸\2人\备份_2025-06-01_J1Y$}$0JO{X~4Z~75M[V8VM.jpg	D:\一轮\hermes_带人物_带人脸\2人\备份_2025-06-01_J1Y$}$0JO{X~4Z~75M[V8VM.png
D:\一轮\hermes_带人物_带人脸\2人\备份_2025-06-12_1V@1GUMP5J_(IR]]FLS~T{6.jpg	D:\一轮\hermes_带人物_带人脸\2人\备份_2025-06-12_1V@1GUMP5J_(IR]]FLS~T{6.png
D:\一轮\hermes_带人物_带人脸\2人\备份_2025-06-20_)5CUKV8A25OK7{8PBF@NQ{B.jpg	D:\一轮\hermes_带人物_带人脸\2人\备份_2025-06-20_)5CUKV8A25OK7{8PBF@NQ{B.png
D:\一轮\hermes_带人物_带人脸\2人\备份_2025-06-20_`U~F%5_]5A{I9CDQEY$QEIB.jpg	D:\一轮\hermes_带人物_带人脸\2人\备份_2025-06-20_`U~F%5_]5A{I9CDQEY$QEIB.png
D:\一轮\hermes_带人物_带人脸\2人\备份_2025-09-10_B0WLYKPDW%QNIIZRDM7}}CX.jpg	D:\一轮\hermes_带人物_带人脸\2人\备份_2025-09-10_B0WLYKPDW%QNIIZRDM7}}CX.png
D:\一轮\hermes_带人物_带人脸\2人\备份_2025-09-16_FE}H6YR(FBKP69E@~`(]{$I.jpg	D:\一轮\hermes_带人物_带人脸\2人\备份_2025-09-16_FE}H6YR(FBKP69E@~`(]{$I.png
D:\一轮\hermes_带人物_带人脸\2人\备份_2025-09-20_D3AVR@GO4OA8BKH{J7IYVRM.jpg	D:\一轮\hermes_带人物_带人脸\2人\备份_2025-09-20_D3AVR@GO4OA8BKH{J7IYVRM.png
D:\一轮\hermes_带人物_带人脸\2人\备份_2025-09-23_C[3J6@%}M8OB8[(K%8]M25I.jpg	D:\一轮\hermes_带人物_带人脸\2人\备份_2025-09-23_C[3J6@%}M8OB8[(K%8]M25I.png
D:\一轮\hermes_带人物_带人脸\2人\备份_2025-11-11_8~8~~%L4P}O2L)VF%8W462W.jpg	D:\一轮\hermes_带人物_带人脸\2人\备份_2025-11-11_8~8~~%L4P}O2L)VF%8W462W.png
D:\一轮\hermes_带人物_带人脸\2人\有用_0WC_DPU7IZL7{`Z8EH6B5YR.jpg	D:\一轮\hermes_带人物_带人脸\2人\有用_0WC_DPU7IZL7{`Z8EH6B5YR.png
D:\一轮\hermes_带人物_带人脸\2人\有用_1O13J(%}@)9J6DI`0([%P]7.jpg	D:\一轮\hermes_带人物_带人脸\2人\有用_1O13J(%}@)9J6DI`0([%P]7.png
D:\一轮\hermes_带人物_带人脸\2人\有用_2`5VO9F_5{(1(K06S56]`TX.jpg	D:\一轮\hermes_带人物_带人脸\2人\有用_2`5VO9F_5{(1(K06S56]`TX.png
D:\一轮\hermes_带人物_带人脸\2人\有用_3%_ZRTELB~PJYRRDK5CVM}Q.jpg	D:\一轮\hermes_带人物_带人脸\2人\有用_3%_ZRTELB~PJYRRDK5CVM}Q.png
D:\一轮\hermes_带人物_带人脸\2人\有用_437M[R[6({8FMJCHSVVG{0J.jpg	D:\一轮\hermes_带人物_带人脸\2人\有用_437M[R[6({8FMJCHSVVG{0J.png
D:\一轮\hermes_带人物_带人脸\2人\有用_ACF__%P$)[2I90EB0YC1`G3.jpg	D:\一轮\hermes_带人物_带人脸\2人\有用_ACF__%P$)[2I90EB0YC1`G3.png
D:\一轮\hermes_带人物_带人脸\2人\有用_A]5C3U8F{@{HHB6$~LXW$3R.jpg	D:\一轮\hermes_带人物_带人脸\2人\有用_A]5C3U8F{@{HHB6$~LXW$3R.png
D:\一轮\hermes_带人物_带人脸\2人\有用_G2N}UKNE6$2G%RVCZ3Q7UFB.jpg	D:\一轮\hermes_带人物_带人脸\2人\有用_G2N}UKNE6$2G%RVCZ3Q7UFB.png
D:\一轮\hermes_带人物_带人脸\2人\有用_G7M]29Y0UP[Q]S_J8I%FTIO.jpg	D:\一轮\hermes_带人物_带人脸\2人\有用_G7M]29Y0UP[Q]S_J8I%FTIO.png
D:\一轮\hermes_带人物_带人脸\2人\有用_GQ41W5IK0H{@8L2L7{OS3TF.bmp	D:\一轮\hermes_带人物_带人脸\2人\有用_GQ41W5IK0H{@8L2L7{OS3TF.jpg
D:\一轮\hermes_带人物_带人脸\2人\有用_H4K1{((7N03F45OR[B{5V7B.jpg	D:\一轮\hermes_带人物_带人脸\2人\有用_H4K1{((7N03F45OR[B{5V7B.png
D:\一轮\hermes_带人物_带人脸\2人\有用_S%{QWT)Y0)E48F]2V%YYI3H.jpg	D:\一轮\hermes_带人物_带人脸\2人\有用_S%{QWT)Y0)E48F]2V%YYI3H.png
D:\一轮\hermes_带人物_带人脸\2人\有用_Y5Z1)1LY3V321N6~7FY{}WF.jpg	D:\一轮\hermes_带人物_带人脸\2人\有用_Y5Z1)1LY3V321N6~7FY{}WF.png
D:\一轮\hermes_带人物_带人脸\2人\有用_{{}XLQ}VS64](K%0~BIY8@9.jpg	D:\一轮\hermes_带人物_带人脸\2人\有用_{{}XLQ}VS64](K%0~BIY8@9.png
D:\一轮\hermes_带人物_带人脸\2人\有用_}D_JM58R%YQ6MXM$OEI%I6D.jpg	D:\一轮\hermes_带人物_带人脸\2人\有用_}D_JM58R%YQ6MXM$OEI%I6D.png
D:\一轮\hermes_带人物_带人脸\Hermes-base__图片_有用_1DXP1{WESG`R77UL5)8U5Y5.jpg	D:\一轮\hermes_带人物_带人脸\Hermes-base__图片_有用_1DXP1{WESG`R77UL5)8U5Y5.png
D:\一轮\hermes_带人物_带人脸\Hermes-base__图片_有用_@L{XNIJ(]JE`}()Z1]HPUHA.jpg	D:\一轮\hermes_带人物_带人脸\Hermes-base__图片_有用_@L{XNIJ(]JE`}()Z1]HPUHA.png
D:\一轮\hermes_带人物_带人脸\Hermes-base__图片_有用_@QA(E`CGBZ{E@DYCUI~AZ4O.jpg	D:\一轮\hermes_带人物_带人脸\Hermes-base__图片_有用_@QA(E`CGBZ{E@DYCUI~AZ4O.png
D:\一轮\hermes_带人物_带人脸\Hermes-base__图片_有用_AVHOZLBAGW{JQUSPQ%8MKSI_tmb (2024_11_13 09_19_52 UTC).bmp	D:\一轮\hermes_带人物_带人脸\Hermes-base__图片_有用_AVHOZLBAGW{JQUSPQ%8MKSI_tmb (2024_11_13 09_19_52 UTC).jpg
D:\一轮\hermes_带人物_带人脸\Hermes-base__图片_有用_BI4T]SDVOT9~C~V%85I3Q}K.jpg	D:\一轮\hermes_带人物_带人脸\Hermes-base__图片_有用_BI4T]SDVOT9~C~V%85I3Q}K.png
D:\一轮\hermes_带人物_带人脸\Hermes-base__图片_有用_C%91196~][80K8NH2VXMG9R_tmb (2024_11_13 09_19_52 UTC).bmp	D:\一轮\hermes_带人物_带人脸\Hermes-base__图片_有用_C%91196~][80K8NH2VXMG9R_tmb (2024_11_13 09_19_52 UTC).png
D:\一轮\hermes_带人物_带人脸\Hermes-base__图片_有用_CU1YHUE%`~E~PF@ZPI~NDTA.jpg	D:\一轮\hermes_带人物_带人脸\Hermes-base__图片_有用_CU1YHUE%`~E~PF@ZPI~NDTA.png
D:\一轮\hermes_带人物_带人脸\Hermes-base__图片_有用_F917D~9O{G3~}(FP54X]`7N_tmb (2024_11_13 09_19_52 UTC).bmp	D:\一轮\hermes_带人物_带人脸\Hermes-base__图片_有用_F917D~9O{G3~}(FP54X]`7N_tmb (2024_11_13 09_19_52 UTC).jpg
D:\一轮\hermes_带人物_带人脸\Hermes-base__图片_有用_JKTZGW]Y8XP%G@_[]{J$SGR_tmb (2024_11_13 09_19_52 UTC).bmp	D:\一轮\hermes_带人物_带人脸\Hermes-base__图片_有用_JKTZGW]Y8XP%G@_[]{J$SGR_tmb (2024_11_13 09_19_52 UTC).jpg
D:\一轮\hermes_带人物_带人脸\Hermes-base__图片_有用_K@[AR6O1QN2D%8N8VJN${4R.jpg	D:\一轮\hermes_带人物_带人脸\Hermes-base__图片_有用_K@[AR6O1QN2D%8N8VJN${4R.png
D:\一轮\hermes_带人物_带人脸\Hermes-base__图片_有用_KQYQ61K9ZFV][E4Q6%IUCSQ.jpg	D:\一轮\hermes_带人物_带人脸\Hermes-base__图片_有用_KQYQ61K9ZFV][E4Q6%IUCSQ.png
D:\一轮\hermes_带人物_带人脸\Hermes-base__图片_有用_K{L41{8XDP9IF$SLWPP1LB8_tmb (2024_11_13 09_19_52 UTC).bmp	D:\一轮\hermes_带人物_带人脸\Hermes-base__图片_有用_K{L41{8XDP9IF$SLWPP1LB8_tmb (2024_11_13 09_19_52 UTC).jpg
D:\一轮\hermes_带人物_带人脸\Hermes-base__图片_有用_MI4I1{VF9_}F4IQ_F$[$V$J.jpg	D:\一轮\hermes_带人物_带人脸\Hermes-base__图片_有用_MI4I1{VF9_}F4IQ_F$[$V$J.png
D:\一轮\hermes_带人物_带人脸\Hermes-base__图片_有用_N[R3QSGAW0Y%DC7`NQEV8~K.jpg	D:\一轮\hermes_带人物_带人脸\Hermes-base__图片_有用_N[R3QSGAW0Y%DC7`NQEV8~K.png
D:\一轮\hermes_带人物_带人脸\Hermes-base__图片_有用_PA30O47$6}SH]DLR%J%(6O9.jpg	D:\一轮\hermes_带人物_带人脸\Hermes-base__图片_有用_PA30O47$6}SH]DLR%J%(6O9.png
D:\一轮\hermes_带人物_带人脸\Hermes-base__图片_有用_QEF8{79H(H}K[6$URWM8`GA.jpg	D:\一轮\hermes_带人物_带人脸\Hermes-base__图片_有用_QEF8{79H(H}K[6$URWM8`GA.png
D:\一轮\hermes_带人物_带人脸\Hermes-base__图片_有用_Q~1_H{TOU~T9B6ZW0)2MR)E_tmb (2024_11_13 09_19_52 UTC).png	D:\一轮\hermes_带人物_带人脸\Hermes-base__图片_有用_Q~1_H{TOU~T9B6ZW0)2MR)E_tmb (2024_11_13 09_19_52 UTC).jpg
D:\一轮\hermes_带人物_带人脸\Hermes-base__图片_有用_RC]TF2TXR_K[%O@HS]]{9%Y.JPG	D:\一轮\hermes_带人物_带人脸\Hermes-base__图片_有用_RC]TF2TXR_K[%O@HS]]{9%Y.png
D:\一轮\hermes_带人物_带人脸\Hermes-base__图片_有用_S}YB%8ZHZS]HGV[P7YA3]}8 (2024_11_13 09_19_52 UTC).bmp	D:\一轮\hermes_带人物_带人脸\Hermes-base__图片_有用_S}YB%8ZHZS]HGV[P7YA3]}8 (2024_11_13 09_19_52 UTC).png
D:\一轮\hermes_带人物_带人脸\Hermes-base__图片_有用_S~U0WWU7_T_YC%8JLT2XR~6.jpg	D:\一轮\hermes_带人物_带人脸\Hermes-base__图片_有用_S~U0WWU7_T_YC%8JLT2XR~6.png
D:\一轮\hermes_带人物_带人脸\Hermes-base__图片_有用_TD3EOV]EE})T{HO71G3`F(Y_tmb (2024_11_13 09_19_52 UTC).PNG	D:\一轮\hermes_带人物_带人脸\Hermes-base__图片_有用_TD3EOV]EE})T{HO71G3`F(Y_tmb (2024_11_13 09_19_52 UTC).jpg
D:\一轮\hermes_带人物_带人脸\Hermes-base__图片_有用_UR%([TXDZXMYZD%{F4UBTB6_tmb (2024_11_13 09_19_52 UTC).bmp	D:\一轮\hermes_带人物_带人脸\Hermes-base__图片_有用_UR%([TXDZXMYZD%{F4UBTB6_tmb (2024_11_13 09_19_52 UTC).jpg
D:\一轮\hermes_带人物_带人脸\Hermes-base__图片_有用_UYUIC8ZR~W1KH@{P`0{X[2D_tmb (2024_11_13 09_19_52 UTC).bmp	D:\一轮\hermes_带人物_带人脸\Hermes-base__图片_有用_UYUIC8ZR~W1KH@{P`0{X[2D_tmb (2024_11_13 09_19_52 UTC).jpg
D:\一轮\hermes_带人物_带人脸\Hermes-base__图片_有用_U{3O5CRU92VE~C8JJZD%U)S.jpg	D:\一轮\hermes_带人物_带人脸\Hermes-base__图片_有用_U{3O5CRU92VE~C8JJZD%U)S.png
D:\一轮\hermes_带人物_带人脸\Hermes-base__图片_有用_V7{}QI7ITTZCOFWN$[%YZ_B_tmb (2024_11_13 09_19_52 UTC).png	D:\一轮\hermes_带人物_带人脸\Hermes-base__图片_有用_V7{}QI7ITTZCOFWN$[%YZ_B_tmb (2024_11_13 09_19_52 UTC).jpg
D:\一轮\hermes_带人物_带人脸\Hermes-base__图片_有用_VI6U}OG%XMW3DU7}XUKWC{0_tmb (2024_11_13 09_19_52 UTC).bmp	D:\一轮\hermes_带人物_带人脸\Hermes-base__图片_有用_VI6U}OG%XMW3DU7}XUKWC{0_tmb (2024_11_13 09_19_52 UTC).jpg
D:\一轮\hermes_带人物_带人脸\Hermes-base__图片_有用_V_XP14R$1J{A@[C$PNWUCD4.jpg	D:\一轮\hermes_带人物_带人脸\Hermes-base__图片_有用_V_XP14R$1J{A@[C$PNWUCD4.png
D:\一轮\hermes_带人物_带人脸\Hermes-base__图片_有用_WE{EAKE{ZR{O6(5$CV{CU$O_tmb (2024_11_13 09_19_52 UTC).bmp	D:\一轮\hermes_带人物_带人脸\Hermes-base__图片_有用_WE{EAKE{ZR{O6(5$CV{CU$O_tmb (2024_11_13 09_19_52 UTC).jpg
D:\一轮\hermes_带人物_带人脸\Hermes-base__图片_有用_WZ2N)`I1R1FNMXT{M42V2%R_tmb (2024_11_13 09_19_52 UTC).png	D:\一轮\hermes_带人物_带人脸\Hermes-base__图片_有用_WZ2N)`I1R1FNMXT{M42V2%R_tmb (2024_11_13 09_19_52 UTC).jpg
D:\一轮\hermes_带人物_带人脸\Hermes-base__图片_有用_Y{`S9FL3`DO%ZU~0H2$KJQY.jpg	D:\一轮\hermes_带人物_带人脸\Hermes-base__图片_有用_Y{`S9FL3`DO%ZU~0H2$KJQY.png
D:\一轮\hermes_带人物_带人脸\Hermes-base__图片_有用_ZKNBH3_XMIIQB%4NU5)41}9.jpg	D:\一轮\hermes_带人物_带人脸\Hermes-base__图片_有用_ZKNBH3_XMIIQB%4NU5)41}9.png
D:\一轮\hermes_带人物_带人脸\Hermes-base__图片_有用_ZQV30~LJWPX1FA$U%6}]2%H.jpg	D:\一轮\hermes_带人物_带人脸\Hermes-base__图片_有用_ZQV30~LJWPX1FA$U%6}]2%H.png
D:\一轮\hermes_带人物_带人脸\Hermes-base__图片_有用_Z[5TVY{IP)B@51Y6MBL14{4_tmb (2024_11_13 09_19_52 UTC).bmp	D:\一轮\hermes_带人物_带人脸\Hermes-base__图片_有用_Z[5TVY{IP)B@51Y6MBL14{4_tmb (2024_11_13 09_19_52 UTC).jpg
D:\一轮\hermes_带人物_带人脸\Hermes-base__图片_有用_Z[Z0~YZ%B}MPL{[O%~Z~HXO_tmb (2024_11_13 09_19_52 UTC).bmp	D:\一轮\hermes_带人物_带人脸\Hermes-base__图片_有用_Z[Z0~YZ%B}MPL{[O%~Z~HXO_tmb (2024_11_13 09_19_52 UTC).jpg
D:\一轮\hermes_带人物_带人脸\Hermes-base__图片_有用_]PJGABMK[D)_4EZVITM{YXJ_tmb (2024_11_13 09_19_52 UTC).png	D:\一轮\hermes_带人物_带人脸\Hermes-base__图片_有用_]PJGABMK[D)_4EZVITM{YXJ_tmb (2024_11_13 09_19_52 UTC).jpg
D:\一轮\hermes_带人物_带人脸\Hermes-base__图片_有用__)2XCU`EBISQTMBW%%{S]}C.jpg	D:\一轮\hermes_带人物_带人脸\Hermes-base__图片_有用__)2XCU`EBISQTMBW%%{S]}C.png
D:\一轮\hermes_带人物_带人脸\Hermes-base__图片_有用_`W)0RANFJ70G(3SE{KR0ULG_tmb (2024_11_13 09_19_52 UTC).bmp	D:\一轮\hermes_带人物_带人脸\Hermes-base__图片_有用_`W)0RANFJ70G(3SE{KR0ULG_tmb (2024_11_13 09_19_52 UTC).jpg
D:\一轮\hermes_带人物_带人脸\Hermes-base__图片_有用_{FG7J@1N@EI]OX_)Y2N08GD.jpg	D:\一轮\hermes_带人物_带人脸\Hermes-base__图片_有用_{FG7J@1N@EI]OX_)Y2N08GD.png
D:\一轮\hermes_带人物_带人脸\Hermes-base__图片_有用_{J~XQ)K[OA6C6XJZQ`%Z3BO.jpg	D:\一轮\hermes_带人物_带人脸\Hermes-base__图片_有用_{J~XQ)K[OA6C6XJZQ`%Z3BO.png
D:\一轮\hermes_带人物_带人脸\Hermes-base__图片_有用_{Y~(I(`L{)57B8__2@KC}1L (2024_11_13 09_19_52 UTC).bmp	D:\一轮\hermes_带人物_带人脸\Hermes-base__图片_有用_{Y~(I(`L{)57B8__2@KC}1L (2024_11_13 09_19_52 UTC).jpg
D:\一轮\hermes_带人物_带人脸\Hermes-base__图片_有用_}P[{9Z@[BKVOXVY[~FS6X6O.jpg	D:\一轮\hermes_带人物_带人脸\Hermes-base__图片_有用_}P[{9Z@[BKVOXVY[~FS6X6O.png
D:\一轮\hermes_带人物_带人脸\opencode__图片_三次元_$6U053A@F({PP`UQC(@$7]F_tmb (2024_11_13 09_19_52 UTC).bmp	D:\一轮\hermes_带人物_带人脸\opencode__图片_三次元_$6U053A@F({PP`UQC(@$7]F_tmb (2024_11_13 09_19_52 UTC).png
D:\一轮\hermes_带人物_带人脸\opencode__图片_三次元_(55KMSZYC()%QE6GKM}Q45G.jpg	D:\一轮\hermes_带人物_带人脸\opencode__图片_三次元_(55KMSZYC()%QE6GKM}Q45G.png
D:\一轮\hermes_带人物_带人脸\opencode__图片_三次元_4RR9FD6)~{`5J]GHI)8~D]I_tmb (2024_11_13 09_19_52 UTC).bmp	D:\一轮\hermes_带人物_带人脸\opencode__图片_三次元_4RR9FD6)~{`5J]GHI)8~D]I_tmb (2024_11_13 09_19_52 UTC).jpg
D:\一轮\hermes_带人物_带人脸\opencode__图片_三次元_71PRIW%AF]Y]7G{9HJ0MGWU.jpg	D:\一轮\hermes_带人物_带人脸\opencode__图片_三次元_71PRIW%AF]Y]7G{9HJ0MGWU.png
D:\一轮\hermes_带人物_带人脸\opencode__图片_三次元_C0DK5ZW%CL_F8NP~P5%$R(T.jpg	D:\一轮\hermes_带人物_带人脸\opencode__图片_三次元_C0DK5ZW%CL_F8NP~P5%$R(T.png
D:\一轮\hermes_带人物_带人脸\opencode__图片_三次元_T6F5T33S}}UK)EPR99(O%)U (2024_11_13 09_19_52 UTC).jpg	D:\一轮\hermes_带人物_带人脸\opencode__图片_三次元_T6F5T33S}}UK)EPR99(O%)U (2024_11_13 09_19_52 UTC).png
D:\一轮\hermes_带人物_带人脸\opencode__图片_备份_2023-05-07_V{}$1JYMP2SAHZ[R1TBG`PR_tmb (2024_11_13 09_19_52 UTC).bmp	D:\一轮\hermes_带人物_带人脸\opencode__图片_备份_2023-05-07_V{}$1JYMP2SAHZ[R1TBG`PR_tmb (2024_11_13 09_19_52 UTC).jpg
D:\一轮\hermes_带人物_带人脸\opencode__图片_备份_2023-06-10_FR7E74Y{_1)[7W`]JQN~[~Y_tmb (2024_11_13 09_19_52 UTC).png	D:\一轮\hermes_带人物_带人脸\opencode__图片_备份_2023-06-10_FR7E74Y{_1)[7W`]JQN~[~Y_tmb (2024_11_13 09_19_52 UTC).jpg
D:\一轮\hermes_带人物_带人脸\opencode__图片_备份_2023-07-11__)PYKI)`FEGUO9~J{[FFRR5_tmb (2024_11_13 09_19_52 UTC).bmp	D:\一轮\hermes_带人物_带人脸\opencode__图片_备份_2023-07-11__)PYKI)`FEGUO9~J{[FFRR5_tmb (2024_11_13 09_19_52 UTC).jpg
D:\一轮\hermes_带人物_带人脸\opencode__图片_备份_2023-07-22_0S%FZNQ2{8N7@](7C}E2H@T_tmb (2024_11_13 09_19_52 UTC).png	D:\一轮\hermes_带人物_带人脸\opencode__图片_备份_2023-07-22_0S%FZNQ2{8N7@](7C}E2H@T_tmb (2024_11_13 09_19_52 UTC).jpg
D:\一轮\hermes_带人物_带人脸\opencode__图片_备份_2023-07-27_358%ZZ]VQ_QOVAU7VVZBFVQ_tmb (2024_11_13 09_19_52 UTC).bmp	D:\一轮\hermes_带人物_带人脸\opencode__图片_备份_2023-07-27_358%ZZ]VQ_QOVAU7VVZBFVQ_tmb (2024_11_13 09_19_52 UTC).png
D:\一轮\hermes_带人物_带人脸\opencode__图片_备份_2023-08-01_{NIW7KUN`2OFIW9C9758O`U_tmb (2024_11_13 09_19_52 UTC).png	D:\一轮\hermes_带人物_带人脸\opencode__图片_备份_2023-08-01_{NIW7KUN`2OFIW9C9758O`U_tmb (2024_11_13 09_19_52 UTC).jpg
D:\一轮\hermes_带人物_带人脸\opencode__图片_备份_2023-10-11_3@69C@{)7`Q@BIN194QU{[E_tmb (2024_11_13 09_19_52 UTC).png	D:\一轮\hermes_带人物_带人脸\opencode__图片_备份_2023-10-11_3@69C@{)7`Q@BIN194QU{[E_tmb (2024_11_13 09_19_52 UTC).jpg
D:\一轮\hermes_带人物_带人脸\opencode__图片_备份_2025-04-01_KEX[E%XQ2($L2YIR{U9U57R.jpg	D:\一轮\hermes_带人物_带人脸\opencode__图片_备份_2025-04-01_KEX[E%XQ2($L2YIR{U9U57R.png
D:\一轮\hermes_带人物_带人脸\opencode__图片_备份_2025-04-04_E`802E%88Y25(LDWVT5D08K.jpg	D:\一轮\hermes_带人物_带人脸\opencode__图片_备份_2025-04-04_E`802E%88Y25(LDWVT5D08K.png
D:\一轮\hermes_带人物_带人脸\opencode__图片_备份_2025-06-14_1QHND_CYR{)4Z%SV]`X8HWJ.jpg	D:\一轮\hermes_带人物_带人脸\opencode__图片_备份_2025-06-14_1QHND_CYR{)4Z%SV]`X8HWJ.png
D:\一轮\hermes_带人物_带人脸\opencode__图片_备份_2025-09-05_JBR@V5RK18$4G{4`W2X){$V.jpg	D:\一轮\hermes_带人物_带人脸\opencode__图片_备份_2025-09-05_JBR@V5RK18$4G{4`W2X){$V.png
D:\一轮\hermes_带人物_带人脸\opencode__图片_备份_2025-11-19_M3{ZN63CJRRNN3)NI`J9F8M.jpg	D:\一轮\hermes_带人物_带人脸\opencode__图片_备份_2025-11-19_M3{ZN63CJRRNN3)NI`J9F8M.png
D:\一轮\hermes_带人物_带人脸\opencode__图片_备份_2025-12-25_{B}8FGWE(CMST}4V7EGI]MV.jpg	D:\一轮\hermes_带人物_带人脸\opencode__图片_备份_2025-12-25_{B}8FGWE(CMST}4V7EGI]MV.png
D:\一轮\hermes_带人物_带人脸\三次元_$6W{6G5AUN$~B}L4LN])F`9_tmb (2024_11_13 09_19_52 UTC).bmp	D:\一轮\hermes_带人物_带人脸\三次元_$6W{6G5AUN$~B}L4LN])F`9_tmb (2024_11_13 09_19_52 UTC).jpg
D:\一轮\hermes_带人物_带人脸\三次元_$`RK%6J1A%IEW[EK%9EA~{7.jpg	D:\一轮\hermes_带人物_带人脸\三次元_$`RK%6J1A%IEW[EK%9EA~{7.png
D:\一轮\hermes_带人物_带人脸\三次元_%3850C_MDL7TAEIARDV]KVH.jpg	D:\一轮\hermes_带人物_带人脸\三次元_%3850C_MDL7TAEIARDV]KVH.png
D:\一轮\hermes_带人物_带人脸\三次元_%7L19{K[L4]46UYY3J@~3J3.jpg	D:\一轮\hermes_带人物_带人脸\三次元_%7L19{K[L4]46UYY3J@~3J3.png
D:\一轮\hermes_带人物_带人脸\三次元_%B9V6{]DGR5ER(QM2O9X_EB.jpg	D:\一轮\hermes_带人物_带人脸\三次元_%B9V6{]DGR5ER(QM2O9X_EB.png
D:\一轮\hermes_带人物_带人脸\三次元_%F}DR]LW{3)QWUFE]GR1MFM_tmb (2024_11_13 09_19_52 UTC).bmp	D:\一轮\hermes_带人物_带人脸\三次元_%F}DR]LW{3)QWUFE]GR1MFM_tmb (2024_11_13 09_19_52 UTC).jpg
D:\一轮\hermes_带人物_带人脸\三次元_%J13~0O6EX{TQC6@(62W86E.jpg	D:\一轮\hermes_带人物_带人脸\三次元_%J13~0O6EX{TQC6@(62W86E.png
D:\一轮\hermes_带人物_带人脸\三次元_%K4L~UUVQ%OHDIMW$8M0@RQ.jpg	D:\一轮\hermes_带人物_带人脸\三次元_%K4L~UUVQ%OHDIMW$8M0@RQ.png
D:\一轮\hermes_带人物_带人脸\三次元_%SBORJ)N1H5SF@]_~~BHZXV.jpg	D:\一轮\hermes_带人物_带人脸\三次元_%SBORJ)N1H5SF@]_~~BHZXV.png
D:\一轮\hermes_带人物_带人脸\三次元_%W]ZM2K{DTIV%WU9MX`~Y]E.jpg	D:\一轮\hermes_带人物_带人脸\三次元_%W]ZM2K{DTIV%WU9MX`~Y]E.png
D:\一轮\hermes_带人物_带人脸\三次元_%X88_V$UV7}E7A{YR4QB4CK_tmb (2024_11_13 09_19_52 UTC).bmp	D:\一轮\hermes_带人物_带人脸\三次元_%X88_V$UV7}E7A{YR4QB4CK_tmb (2024_11_13 09_19_52 UTC).jpg
D:\一轮\hermes_带人物_带人脸\三次元_%Y@M_R3[7{6(KT`(AQV@UID_tmb (2024_11_13 09_19_52 UTC).bmp	D:\一轮\hermes_带人物_带人脸\三次元_%Y@M_R3[7{6(KT`(AQV@UID_tmb (2024_11_13 09_19_52 UTC).jpg
D:\一轮\hermes_带人物_带人脸\三次元_%}CIW(B}@JHTO)P5MN03C_1.jpg	D:\一轮\hermes_带人物_带人脸\三次元_%}CIW(B}@JHTO)P5MN03C_1.png
D:\一轮\hermes_带人物_带人脸\三次元_(8B{K_I0[0PS7]6_3[P0U%I_tmb (2024_11_13 09_19_52 UTC).bmp	D:\一轮\hermes_带人物_带人脸\三次元_(8B{K_I0[0PS7]6_3[P0U%I_tmb (2024_11_13 09_19_52 UTC).jpg
D:\一轮\hermes_带人物_带人脸\三次元_(FL{(H{3E]ZFJZBF3FQQ`%T_tmb (2024_11_13 09_19_52 UTC).bmp	D:\一轮\hermes_带人物_带人脸\三次元_(FL{(H{3E]ZFJZBF3FQQ`%T_tmb (2024_11_13 09_19_52 UTC).png
D:\一轮\hermes_带人物_带人脸\三次元_([2{7CW8~[06N[X)0552H7X_tmb (2024_11_13 09_19_52 UTC).bmp	D:\一轮\hermes_带人物_带人脸\三次元_([2{7CW8~[06N[X)0552H7X_tmb (2024_11_13 09_19_52 UTC).jpg
D:\一轮\hermes_带人物_带人脸\三次元_)XQK3~4C%(2K_]10QC~7}{1.png	D:\一轮\hermes_带人物_带人脸\三次元_)XQK3~4C%(2K_]10QC~7}{1.jpg
D:\一轮\hermes_带人物_带人脸\三次元_3]{A(7N8@E1W0GG2A)]3FM9_tmb (2024_11_13 09_19_52 UTC).png	D:\一轮\hermes_带人物_带人脸\三次元_3]{A(7N8@E1W0GG2A)]3FM9_tmb (2024_11_13 09_19_52 UTC).jpg
D:\一轮\hermes_带人物_带人脸\三次元_4IK}~TG6{C60FR(1I{RY7ZV.jpg	D:\一轮\hermes_带人物_带人脸\三次元_4IK}~TG6{C60FR(1I{RY7ZV.png
D:\一轮\hermes_带人物_带人脸\三次元_4JZ9`}0M)}A{54K@@[7B[CK.jpg	D:\一轮\hermes_带人物_带人脸\三次元_4JZ9`}0M)}A{54K@@[7B[CK.png
D:\一轮\hermes_带人物_带人脸\三次元_4ZQ7`ZJ]C9L{LX@{}S4PQ4S_tmb (2024_11_13 09_19_52 UTC).bmp	D:\一轮\hermes_带人物_带人脸\三次元_4ZQ7`ZJ]C9L{LX@{}S4PQ4S_tmb (2024_11_13 09_19_52 UTC).jpg
D:\一轮\hermes_带人物_带人脸\三次元_4[CJKTVPA`E@HD7B_{D3_UI_tmb (2024_11_13 09_19_52 UTC).jpg	D:\一轮\hermes_带人物_带人脸\三次元_4[CJKTVPA`E@HD7B_{D3_UI_tmb (2024_11_13 09_19_52 UTC).png
D:\一轮\hermes_带人物_带人脸\三次元_5$7J3{%R8[FTNNEZ7TAN~AG_tmb (2024_11_13 09_19_52 UTC).bmp	D:\一轮\hermes_带人物_带人脸\三次元_5$7J3{%R8[FTNNEZ7TAN~AG_tmb (2024_11_13 09_19_52 UTC).jpg
D:\一轮\hermes_带人物_带人脸\三次元_5LU1M9A0AM`K}V{~V6JNOPG.jpg	D:\一轮\hermes_带人物_带人脸\三次元_5LU1M9A0AM`K}V{~V6JNOPG.png
D:\一轮\hermes_带人物_带人脸\三次元_5N_%DLWSC6D5Z]~A%{R4@3Q.jpg	D:\一轮\hermes_带人物_带人脸\三次元_5N_%DLWSC6D5Z]~A%{R4@3Q.png
D:\一轮\hermes_带人物_带人脸\三次元_5P(MP0(%DXS`%2$)D6KCMRD.jpg	D:\一轮\hermes_带人物_带人脸\三次元_5P(MP0(%DXS`%2$)D6KCMRD.png
D:\一轮\hermes_带人物_带人脸\三次元_5RWA1O`DS2}H_LJ){U@00U3_tmb (2024_11_13 09_19_52 UTC).bmp	D:\一轮\hermes_带人物_带人脸\三次元_5RWA1O`DS2}H_LJ){U@00U3_tmb (2024_11_13 09_19_52 UTC).jpg
D:\一轮\hermes_带人物_带人脸\三次元_5`6F%4`SYXOK[G8Y([{ISME_tmb (2024_11_13 09_19_52 UTC).png	D:\一轮\hermes_带人物_带人脸\三次元_5`6F%4`SYXOK[G8Y([{ISME_tmb (2024_11_13 09_19_52 UTC).jpg
D:\一轮\hermes_带人物_带人脸\三次元_6%MOVXK1{MZ(W90U517DIM8.jpg	D:\一轮\hermes_带人物_带人脸\三次元_6%MOVXK1{MZ(W90U517DIM8.png
D:\一轮\hermes_带人物_带人脸\三次元_6%Q34ERO1]YK]WRR%_{S47W.jpg	D:\一轮\hermes_带人物_带人脸\三次元_6%Q34ERO1]YK]WRR%_{S47W.png
D:\一轮\hermes_带人物_带人脸\三次元_66G7AI56D{_(UYNQ)_5P@18.jpg	D:\一轮\hermes_带人物_带人脸\三次元_66G7AI56D{_(UYNQ)_5P@18.png
D:\一轮\hermes_带人物_带人脸\三次元_6LRXTY`RSD{2C4ZJ]CG9_HW.jpg	D:\一轮\hermes_带人物_带人脸\三次元_6LRXTY`RSD{2C4ZJ]CG9_HW.png
D:\一轮\hermes_带人物_带人脸\三次元_6ODR`A7D%1SFN5DAH2~`2MP.jpg	D:\一轮\hermes_带人物_带人脸\三次元_6ODR`A7D%1SFN5DAH2~`2MP.png
D:\一轮\hermes_带人物_带人脸\三次元_7E4304{[D8}MLAR85[959S9.jpg	D:\一轮\hermes_带人物_带人脸\三次元_7E4304{[D8}MLAR85[959S9.png
D:\一轮\hermes_带人物_带人脸\三次元_7LR803U_B1@X9UL5%82F~ZQ.jpg	D:\一轮\hermes_带人物_带人脸\三次元_7LR803U_B1@X9UL5%82F~ZQ.png
D:\一轮\hermes_带人物_带人脸\三次元_7UAYEQSK5N9GT2@157`5{[S.jpg	D:\一轮\hermes_带人物_带人脸\三次元_7UAYEQSK5N9GT2@157`5{[S.png
D:\一轮\hermes_带人物_带人脸\三次元_7_{6$9PNC$94$P@QQH)T8XQ.jpg	D:\一轮\hermes_带人物_带人脸\三次元_7_{6$9PNC$94$P@QQH)T8XQ.png
D:\一轮\hermes_带人物_带人脸\三次元_8%K38EXQJ1~~L(Y%KK7$_9O.jpg	D:\一轮\hermes_带人物_带人脸\三次元_8%K38EXQJ1~~L(Y%KK7$_9O.png
D:\一轮\hermes_带人物_带人脸\三次元_844EA7LJ`OHZ72M`{1EPZ)M.jpg	D:\一轮\hermes_带人物_带人脸\三次元_844EA7LJ`OHZ72M`{1EPZ)M.png
D:\一轮\hermes_带人物_带人脸\三次元_84C~93{9VMOJXS9O$8@2WR2_tmb (2024_11_13 09_19_52 UTC).bmp	D:\一轮\hermes_带人物_带人脸\三次元_84C~93{9VMOJXS9O$8@2WR2_tmb (2024_11_13 09_19_52 UTC).jpg
D:\一轮\hermes_带人物_带人脸\三次元_892QM7P9{RYEQCCIB32}_Q6_tmb (2024_11_13 09_19_52 UTC).bmp	D:\一轮\hermes_带人物_带人脸\三次元_892QM7P9{RYEQCCIB32}_Q6_tmb (2024_11_13 09_19_52 UTC).jpg
D:\一轮\hermes_带人物_带人脸\三次元_8@%CH@TM){5H@FR@%05ON]9.jpg	D:\一轮\hermes_带人物_带人脸\三次元_8@%CH@TM){5H@FR@%05ON]9.png
D:\一轮\hermes_带人物_带人脸\三次元_8@]P_C(UACC{CQS685IW78L.jpg	D:\一轮\hermes_带人物_带人脸\三次元_8@]P_C(UACC{CQS685IW78L.png
D:\一轮\hermes_带人物_带人脸\三次元_8KD9%`]FFS}]XB$WJCK$6~R.jpg	D:\一轮\hermes_带人物_带人脸\三次元_8KD9%`]FFS}]XB$WJCK$6~R.png
D:\一轮\hermes_带人物_带人脸\三次元_8PEUX{DWS4B0Z7Q(9GC$8JS_tmb (2024_11_13 09_19_52 UTC).bmp	D:\一轮\hermes_带人物_带人脸\三次元_8PEUX{DWS4B0Z7Q(9GC$8JS_tmb (2024_11_13 09_19_52 UTC).jpg
D:\一轮\hermes_带人物_带人脸\三次元_8S7@U%T9R9FAYMZSZ6955YI.jpg	D:\一轮\hermes_带人物_带人脸\三次元_8S7@U%T9R9FAYMZSZ6955YI.png
D:\一轮\hermes_带人物_带人脸\三次元_8Y5D}TDQVXHM{D45{7L{90V.jpg	D:\一轮\hermes_带人物_带人脸\三次元_8Y5D}TDQVXHM{D45{7L{90V.png
D:\一轮\hermes_带人物_带人脸\三次元_8[PWS_V0(DDJ(E$2NZKNW{X_tmb (2024_11_13 09_19_52 UTC).bmp	D:\一轮\hermes_带人物_带人脸\三次元_8[PWS_V0(DDJ(E$2NZKNW{X_tmb (2024_11_13 09_19_52 UTC).jpg
D:\一轮\hermes_带人物_带人脸\三次元_8]}[SB5L(@E{2KXV}B)[C~D.jpg	D:\一轮\hermes_带人物_带人脸\三次元_8]}[SB5L(@E{2KXV}B)[C~D.png
D:\一轮\hermes_带人物_带人脸\三次元_9)XQ0Y@ZC5SUN)(OB9$YG{X_tmb (2024_11_13 09_19_52 UTC).bmp	D:\一轮\hermes_带人物_带人脸\三次元_9)XQ0Y@ZC5SUN)(OB9$YG{X_tmb (2024_11_13 09_19_52 UTC).jpg
D:\一轮\hermes_带人物_带人脸\三次元_92BK$@]U[EZKY0GQ53{BND5_tmb (2024_11_13 09_19_52 UTC).bmp	D:\一轮\hermes_带人物_带人脸\三次元_92BK$@]U[EZKY0GQ53{BND5_tmb (2024_11_13 09_19_52 UTC).jpg
D:\一轮\hermes_带人物_带人脸\三次元_93JMWS%D~AYAA4UGQ_2IDBF.jpg	D:\一轮\hermes_带人物_带人脸\三次元_93JMWS%D~AYAA4UGQ_2IDBF.png
D:\一轮\hermes_带人物_带人脸\三次元_9LI$A[A{9C43ZEU%I]MQ8XU_tmb (2024_11_13 09_19_52 UTC).PNG	D:\一轮\hermes_带人物_带人脸\三次元_9LI$A[A{9C43ZEU%I]MQ8XU_tmb (2024_11_13 09_19_52 UTC).jpg
D:\一轮\hermes_带人物_带人脸\三次元_9T5(DTK0E`@G9%Y8%AD[8QM.jpg	D:\一轮\hermes_带人物_带人脸\三次元_9T5(DTK0E`@G9%Y8%AD[8QM.png
D:\一轮\hermes_带人物_带人脸\三次元_N9H1SM[TL1{STQI(0_RBIBI_tmb (2024_11_13 09_19_52 UTC).PNG	D:\一轮\hermes_带人物_带人脸\三次元_N9H1SM[TL1{STQI(0_RBIBI_tmb (2024_11_13 09_19_52 UTC).jpg
D:\一轮\hermes_带人物_带人脸\三次元_RUY0`3R}Q7Y@{[I4V{5M)IN_tmb (2024_11_13 09_19_52 UTC).bmp	D:\一轮\hermes_带人物_带人脸\三次元_RUY0`3R}Q7Y@{[I4V{5M)IN_tmb (2024_11_13 09_19_52 UTC).jpg
D:\一轮\hermes_带人物_带人脸\三次元_VW@H{GF20VCC6Q1{%MPQZ0Z_tmb (2024_11_13 09_19_52 UTC).jpg	D:\一轮\hermes_带人物_带人脸\三次元_VW@H{GF20VCC6Q1{%MPQZ0Z_tmb (2024_11_13 09_19_52 UTC).png
D:\一轮\hermes_带人物_带人脸\三次元_XY{CCD8V5Q1T5OU[VY1_O8Y.jpg	D:\一轮\hermes_带人物_带人脸\三次元_XY{CCD8V5Q1T5OU[VY1_O8Y.png
D:\一轮\hermes_带人物_带人脸\三次元_[(5JC)@UR3CG5Y`SA{[3V@V.jpg	D:\一轮\hermes_带人物_带人脸\三次元_[(5JC)@UR3CG5Y`SA{[3V@V.png
D:\一轮\hermes_带人物_带人脸\备份_2023-05-18_68{}ANGPYRV@XO0G$WCI(TE_tmb (2024_11_13 09_19_52 UTC).bmp	D:\一轮\hermes_带人物_带人脸\备份_2023-05-18_68{}ANGPYRV@XO0G$WCI(TE_tmb (2024_11_13 09_19_52 UTC).jpg
D:\一轮\hermes_带人物_带人脸\备份_2023-07-06_6ROVU`4KLB()B4(@{94YV2J_tmb (2024_11_13 09_19_52 UTC).png	D:\一轮\hermes_带人物_带人脸\备份_2023-07-06_6ROVU`4KLB()B4(@{94YV2J_tmb (2024_11_13 09_19_52 UTC).jpg
D:\一轮\hermes_带人物_带人脸\备份_2023-07-11_`EJ(5Q7{$Z@]0%LFH`2DS}6_tmb (2024_11_13 09_19_52 UTC).png	D:\一轮\hermes_带人物_带人脸\备份_2023-07-11_`EJ(5Q7{$Z@]0%LFH`2DS}6_tmb (2024_11_13 09_19_52 UTC).jpg
D:\一轮\hermes_带人物_带人脸\备份_2023-07-16_63V[CM_)LQ_NS(4MHI0F{0G_tmb (2024_11_13 09_19_52 UTC).PNG	D:\一轮\hermes_带人物_带人脸\备份_2023-07-16_63V[CM_)LQ_NS(4MHI0F{0G_tmb (2024_11_13 09_19_52 UTC).jpg
D:\一轮\hermes_带人物_带人脸\备份_2023-08-13_1WOBI0{9%TL$RS5]6HK]TU5_tmb (2024_11_13 09_19_52 UTC).png	D:\一轮\hermes_带人物_带人脸\备份_2023-08-13_1WOBI0{9%TL$RS5]6HK]TU5_tmb (2024_11_13 09_19_52 UTC).jpg
D:\一轮\hermes_带人物_带人脸\备份_2023-08-14_31YU{F_16BV0`K1(FFQBSGR_tmb (2024_11_13 09_19_52 UTC).png	D:\一轮\hermes_带人物_带人脸\备份_2023-08-14_31YU{F_16BV0`K1(FFQBSGR_tmb (2024_11_13 09_19_52 UTC).jpg
D:\一轮\hermes_带人物_带人脸\备份_2023-08-17_6_6%82NUHHL49DE}`C~)]H2_tmb (2024_11_13 09_19_52 UTC).jpg	D:\一轮\hermes_带人物_带人脸\备份_2023-08-17_6_6%82NUHHL49DE}`C~)]H2_tmb (2024_11_13 09_19_52 UTC).png
D:\一轮\hermes_带人物_带人脸\备份_2023-08-21_8AZ(GZ%[$}4EM(TEG{@R)T6_tmb (2024_11_13 09_19_52 UTC).png	D:\一轮\hermes_带人物_带人脸\备份_2023-08-21_8AZ(GZ%[$}4EM(TEG{@R)T6_tmb (2024_11_13 09_19_52 UTC).jpg
D:\一轮\hermes_带人物_带人脸\备份_2023-08-23_4])GMO]`DE1CAOLTX_}{6[8_tmb (2024_11_13 09_19_52 UTC).png	D:\一轮\hermes_带人物_带人脸\备份_2023-08-23_4])GMO]`DE1CAOLTX_}{6[8_tmb (2024_11_13 09_19_52 UTC).jpg
D:\一轮\hermes_带人物_带人脸\备份_2023-08-23_SG]TR$5N4Z}{M%RA_8ZTTI2_tmb (2024_11_13 09_19_52 UTC).png	D:\一轮\hermes_带人物_带人脸\备份_2023-08-23_SG]TR$5N4Z}{M%RA_8ZTTI2_tmb (2024_11_13 09_19_52 UTC).jpg
D:\一轮\hermes_带人物_带人脸\备份_2023-08-24_4AO5$)}}LN0FN18HXYN97{3_tmb (2024_11_13 09_19_52 UTC).png	D:\一轮\hermes_带人物_带人脸\备份_2023-08-24_4AO5$)}}LN0FN18HXYN97{3_tmb (2024_11_13 09_19_52 UTC).jpg
D:\一轮\hermes_带人物_带人脸\备份_2023-09-04_]FSVFEKA07G[$C34B{~13V2_tmb (2024_11_13 09_19_52 UTC).jpg	D:\一轮\hermes_带人物_带人脸\备份_2023-09-04_]FSVFEKA07G[$C34B{~13V2_tmb (2024_11_13 09_19_52 UTC).png
D:\一轮\hermes_带人物_带人脸\备份_2023-09-06_SCN`W`2$]U`HZEL)%3U8MG4_tmb (2024_11_13 09_19_52 UTC).jpg	D:\一轮\hermes_带人物_带人脸\备份_2023-09-06_SCN`W`2$]U`HZEL)%3U8MG4_tmb (2024_11_13 09_19_52 UTC).png
D:\一轮\hermes_带人物_带人脸\备份_2023-09-07_{H2`)PS89{QZ4TMZTRZ]7@9_tmb (2024_11_13 09_19_52 UTC).PNG	D:\一轮\hermes_带人物_带人脸\备份_2023-09-07_{H2`)PS89{QZ4TMZTRZ]7@9_tmb (2024_11_13 09_19_52 UTC).jpg
D:\一轮\hermes_带人物_带人脸\备份_2023-09-08_`}0H502RM]JC5@M0Y{))TG9_tmb (2024_11_13 09_19_52 UTC).png	D:\一轮\hermes_带人物_带人脸\备份_2023-09-08_`}0H502RM]JC5@M0Y{))TG9_tmb (2024_11_13 09_19_52 UTC).jpg
D:\一轮\hermes_带人物_带人脸\备份_2023-09-09_H8]7HEXE7QN3`4}Y`C{~Y2L_tmb (2024_11_13 09_19_52 UTC).PNG	D:\一轮\hermes_带人物_带人脸\备份_2023-09-09_H8]7HEXE7QN3`4}Y`C{~Y2L_tmb (2024_11_13 09_19_52 UTC).jpg
D:\一轮\hermes_带人物_带人脸\备份_2023-09-14_87(QW_ZFSEERP005M5~{8CJ_tmb (2024_11_13 09_19_52 UTC).png	D:\一轮\hermes_带人物_带人脸\备份_2023-09-14_87(QW_ZFSEERP005M5~{8CJ_tmb (2024_11_13 09_19_52 UTC).jpg
D:\一轮\hermes_带人物_带人脸\备份_2023-09-17_7JQ9(64]XOQ`ZIV2BD{_K22_tmb (2024_11_13 09_19_52 UTC).png	D:\一轮\hermes_带人物_带人脸\备份_2023-09-17_7JQ9(64]XOQ`ZIV2BD{_K22_tmb (2024_11_13 09_19_52 UTC).jpg
D:\一轮\hermes_带人物_带人脸\备份_2023-09-19_O_V3ZR6KS_`Z0%)QG{3}}I5_tmb (2024_11_13 09_19_52 UTC).png	D:\一轮\hermes_带人物_带人脸\备份_2023-09-19_O_V3ZR6KS_`Z0%)QG{3}}I5_tmb (2024_11_13 09_19_52 UTC).jpg
D:\一轮\hermes_带人物_带人脸\备份_2023-09-20_8F%~7DDPC9Q2{44$V]HT]JA_tmb (2024_11_13 09_19_52 UTC).png	D:\一轮\hermes_带人物_带人脸\备份_2023-09-20_8F%~7DDPC9Q2{44$V]HT]JA_tmb (2024_11_13 09_19_52 UTC).jpg
D:\一轮\hermes_带人物_带人脸\备份_2023-09-21_HF@KTF8W5EMAC]X2H4X({_8_tmb (2024_11_13 09_19_52 UTC).jpg	D:\一轮\hermes_带人物_带人脸\备份_2023-09-21_HF@KTF8W5EMAC]X2H4X({_8_tmb (2024_11_13 09_19_52 UTC).png
D:\一轮\hermes_带人物_带人脸\备份_2023-09-21_T1`HIDCHW[WZ({2)]ACFO[X_tmb (2024_11_13 09_19_52 UTC).png	D:\一轮\hermes_带人物_带人脸\备份_2023-09-21_T1`HIDCHW[WZ({2)]ACFO[X_tmb (2024_11_13 09_19_52 UTC).jpg
D:\一轮\hermes_带人物_带人脸\备份_2023-09-23_V5J_Z39SMO$3W4A7}`MR{[T_tmb (2024_11_13 09_19_52 UTC).png	D:\一轮\hermes_带人物_带人脸\备份_2023-09-23_V5J_Z39SMO$3W4A7}`MR{[T_tmb (2024_11_13 09_19_52 UTC).jpg
D:\一轮\hermes_带人物_带人脸\备份_2023-09-26_YK82XSPKTZIG%M~N5DRK{AO_tmb (2024_11_13 09_19_52 UTC).PNG	D:\一轮\hermes_带人物_带人脸\备份_2023-09-26_YK82XSPKTZIG%M~N5DRK{AO_tmb (2024_11_13 09_19_52 UTC).jpg
D:\一轮\hermes_带人物_带人脸\备份_2023-09-30_1(7UFV{W_JDKPK%SLCE@)}H_tmb (2024_11_13 09_19_52 UTC).jpg	D:\一轮\hermes_带人物_带人脸\备份_2023-09-30_1(7UFV{W_JDKPK%SLCE@)}H_tmb (2024_11_13 09_19_52 UTC).png
D:\一轮\hermes_带人物_带人脸\备份_2023-09-30_DUDFWRFEY0_`$AHK5V3PH{0_tmb (2024_11_13 09_19_52 UTC).png	D:\一轮\hermes_带人物_带人脸\备份_2023-09-30_DUDFWRFEY0_`$AHK5V3PH{0_tmb (2024_11_13 09_19_52 UTC).jpg
D:\一轮\hermes_带人物_带人脸\备份_2023-10-01_2{RIVYZLU5HE5)VGVS_4FNA_tmb (2024_11_13 09_19_52 UTC).png	D:\一轮\hermes_带人物_带人脸\备份_2023-10-01_2{RIVYZLU5HE5)VGVS_4FNA_tmb (2024_11_13 09_19_52 UTC).jpg
D:\一轮\hermes_带人物_带人脸\备份_2023-10-10_GI7PV`6FI)RT}E`7{H$D$4V_tmb (2024_11_13 09_19_52 UTC).PNG	D:\一轮\hermes_带人物_带人脸\备份_2023-10-10_GI7PV`6FI)RT}E`7{H$D$4V_tmb (2024_11_13 09_19_52 UTC).jpg
D:\一轮\hermes_带人物_带人脸\备份_2023-10-10_~W9HUZB][K$G@{RA}1AQ9ZJ_tmb (2024_11_13 09_19_52 UTC).PNG	D:\一轮\hermes_带人物_带人脸\备份_2023-10-10_~W9HUZB][K$G@{RA}1AQ9ZJ_tmb (2024_11_13 09_19_52 UTC).jpg
D:\一轮\hermes_带人物_带人脸\备份_2023-10-20_223}(Z{LSVRJ@RHJSD)_OXJ_tmb (2024_11_13 09_19_52 UTC).png	D:\一轮\hermes_带人物_带人脸\备份_2023-10-20_223}(Z{LSVRJ@RHJSD)_OXJ_tmb (2024_11_13 09_19_52 UTC).jpg
D:\一轮\hermes_带人物_带人脸\备份_2023-10-24_HOPSPSV4L7~YKX$YA60{6MP_tmb (2024_11_13 09_19_52 UTC).png	D:\一轮\hermes_带人物_带人脸\备份_2023-10-24_HOPSPSV4L7~YKX$YA60{6MP_tmb (2024_11_13 09_19_52 UTC).jpg
D:\一轮\hermes_带人物_带人脸\备份_2023-10-26_1GU6ZLQ%T5()0`}_36`_EO3_tmb (2024_11_13 09_19_52 UTC).jpg	D:\一轮\hermes_带人物_带人脸\备份_2023-10-26_1GU6ZLQ%T5()0`}_36`_EO3_tmb (2024_11_13 09_19_52 UTC).png
D:\一轮\hermes_带人物_带人脸\备份_2023-11-09_Q_W4N`041S3OF{Z_BBL[X7X_tmb (2024_11_13 09_19_52 UTC).png	D:\一轮\hermes_带人物_带人脸\备份_2023-11-09_Q_W4N`041S3OF{Z_BBL[X7X_tmb (2024_11_13 09_19_52 UTC).jpg
D:\一轮\hermes_带人物_带人脸\备份_2025-03-11_E6B4}B2S0$3]SGG`CQOB%90.jpg	D:\一轮\hermes_带人物_带人脸\备份_2025-03-11_E6B4}B2S0$3]SGG`CQOB%90.png
D:\一轮\hermes_带人物_带人脸\备份_2025-03-12_Y@AR0%DW$$7CAK95%}C`V5O.jpg	D:\一轮\hermes_带人物_带人脸\备份_2025-03-12_Y@AR0%DW$$7CAK95%}C`V5O.png
D:\一轮\hermes_带人物_带人脸\备份_2025-03-13_DD_@6~C3$SQ26IA4%2B)N@I.jpg	D:\一轮\hermes_带人物_带人脸\备份_2025-03-13_DD_@6~C3$SQ26IA4%2B)N@I.png
D:\一轮\hermes_带人物_带人脸\备份_2025-03-13__UB_CU`PGU{IX{IZ09M%]OX.jpg	D:\一轮\hermes_带人物_带人脸\备份_2025-03-13__UB_CU`PGU{IX{IZ09M%]OX.png
D:\一轮\hermes_带人物_带人脸\备份_2025-03-15_D1K9[UDC{J5O_4_NI3`2AR5.jpg	D:\一轮\hermes_带人物_带人脸\备份_2025-03-15_D1K9[UDC{J5O_4_NI3`2AR5.png
D:\一轮\hermes_带人物_带人脸\备份_2025-03-16_5ORVK{16GJ_HJZ)(GJ7B%DT.jpg	D:\一轮\hermes_带人物_带人脸\备份_2025-03-16_5ORVK{16GJ_HJZ)(GJ7B%DT.png
D:\一轮\hermes_带人物_带人脸\备份_2025-03-19_T$2XF%SQ9V{{W}O{SMD0G4G.JPG	D:\一轮\hermes_带人物_带人脸\备份_2025-03-19_T$2XF%SQ9V{{W}O{SMD0G4G.png
D:\一轮\hermes_带人物_带人脸\备份_2025-03-20_`L{HXONZ)F[~1)A4(Z2~WRS.jpg	D:\一轮\hermes_带人物_带人脸\备份_2025-03-20_`L{HXONZ)F[~1)A4(Z2~WRS.png
D:\一轮\hermes_带人物_带人脸\备份_2025-04-01_NOG$LU`A133S04%V2(I}MYB.jpg	D:\一轮\hermes_带人物_带人脸\备份_2025-04-01_NOG$LU`A133S04%V2(I}MYB.png
D:\一轮\hermes_带人物_带人脸\备份_2025-04-02_NA6]A)G9OR`U((`9Z8[%Q8O.jpg	D:\一轮\hermes_带人物_带人脸\备份_2025-04-02_NA6]A)G9OR`U((`9Z8[%Q8O.png
D:\一轮\hermes_带人物_带人脸\备份_2025-04-04_47)TSWJ9K{V$9ITR70AR~TY.jpg	D:\一轮\hermes_带人物_带人脸\备份_2025-04-04_47)TSWJ9K{V$9ITR70AR~TY.png
D:\一轮\hermes_带人物_带人脸\备份_2025-04-04_VIDJP~8{]A]RA)Z@J4XMF@K.jpg	D:\一轮\hermes_带人物_带人脸\备份_2025-04-04_VIDJP~8{]A]RA)Z@J4XMF@K.png
D:\一轮\hermes_带人物_带人脸\备份_2025-04-04_]MK~A%A@12G)`)WY2(FW203.jpg	D:\一轮\hermes_带人物_带人脸\备份_2025-04-04_]MK~A%A@12G)`)WY2(FW203.png
D:\一轮\hermes_带人物_带人脸\备份_2025-04-11_D)FEX@Z[UU{@G{(0AL%GP}2.jpg	D:\一轮\hermes_带人物_带人脸\备份_2025-04-11_D)FEX@Z[UU{@G{(0AL%GP}2.png
D:\一轮\hermes_带人物_带人脸\备份_2025-04-11_~QWO8)D]K84%SAY6(`[LLUJ.jpg	D:\一轮\hermes_带人物_带人脸\备份_2025-04-11_~QWO8)D]K84%SAY6(`[LLUJ.png
D:\一轮\hermes_带人物_带人脸\备份_2025-04-17_NYYB5WN4NTE%$[YF`@((LSN.jpg	D:\一轮\hermes_带人物_带人脸\备份_2025-04-17_NYYB5WN4NTE%$[YF`@((LSN.png
D:\一轮\hermes_带人物_带人脸\备份_2025-05-09_X5_NZ~@@%FRJ5D6$R40{K3T.jpg	D:\一轮\hermes_带人物_带人脸\备份_2025-05-09_X5_NZ~@@%FRJ5D6$R40{K3T.png
D:\一轮\hermes_带人物_带人脸\备份_2025-05-20_EV_6$R~J~QSXN4AIWN{J(YY.jpg	D:\一轮\hermes_带人物_带人脸\备份_2025-05-20_EV_6$R~J~QSXN4AIWN{J(YY.png
D:\一轮\hermes_带人物_带人脸\备份_2025-05-23_4(Z16BIM4BVRYDP~I7I%J22.jpg	D:\一轮\hermes_带人物_带人脸\备份_2025-05-23_4(Z16BIM4BVRYDP~I7I%J22.png
D:\一轮\hermes_带人物_带人脸\备份_2025-05-23_@[2@M06NKR{HZY{87)1NWFM.jpg	D:\一轮\hermes_带人物_带人脸\备份_2025-05-23_@[2@M06NKR{HZY{87)1NWFM.png
D:\一轮\hermes_带人物_带人脸\备份_2025-05-23_HAN0%03F8PQ6ICEY(WH56YA.jpg	D:\一轮\hermes_带人物_带人脸\备份_2025-05-23_HAN0%03F8PQ6ICEY(WH56YA.png
D:\一轮\hermes_带人物_带人脸\备份_2025-05-23_X_Y19@(6`~LJOIMA%9@@94X.jpg	D:\一轮\hermes_带人物_带人脸\备份_2025-05-23_X_Y19@(6`~LJOIMA%9@@94X.png
D:\一轮\hermes_带人物_带人脸\备份_2025-05-27_B`WPE8%VOU7T4)3)1`YZ@W6.jpg	D:\一轮\hermes_带人物_带人脸\备份_2025-05-27_B`WPE8%VOU7T4)3)1`YZ@W6.png
D:\一轮\hermes_带人物_带人脸\备份_2025-05-27_{J6EO((1A7YHS6R}BD{T]29.jpg	D:\一轮\hermes_带人物_带人脸\备份_2025-05-27_{J6EO((1A7YHS6R}BD{T]29.png
D:\一轮\hermes_带人物_带人脸\备份_2025-05-27__L0_5AWBAQ1A5{0R{C9UZ5M.jpg	D:\一轮\hermes_带人物_带人脸\备份_2025-05-27__L0_5AWBAQ1A5{0R{C9UZ5M.png
D:\一轮\hermes_带人物_带人脸\备份_2025-06-07_MKWX4@D%K(WI_Y]$K_BA`W6.jpg	D:\一轮\hermes_带人物_带人脸\备份_2025-06-07_MKWX4@D%K(WI_Y]$K_BA`W6.png
D:\一轮\hermes_带人物_带人脸\备份_2025-06-11_(~@~PS)G5ON6SD2%7C)8$OM.jpg	D:\一轮\hermes_带人物_带人脸\备份_2025-06-11_(~@~PS)G5ON6SD2%7C)8$OM.png
D:\一轮\hermes_带人物_带人脸\备份_2025-06-11_J`V%)6IA_2[[H~PFXGPFKCC.jpg	D:\一轮\hermes_带人物_带人脸\备份_2025-06-11_J`V%)6IA_2[[H~PFXGPFKCC.png
D:\一轮\hermes_带人物_带人脸\备份_2025-06-12_JPH%NF1XNX7~DSVGYGE~PZM.jpg	D:\一轮\hermes_带人物_带人脸\备份_2025-06-12_JPH%NF1XNX7~DSVGYGE~PZM.png
D:\一轮\hermes_带人物_带人脸\备份_2025-06-14_@~W6(I2(T{A}9BSJHBXL[48.jpg	D:\一轮\hermes_带人物_带人脸\备份_2025-06-14_@~W6(I2(T{A}9BSJHBXL[48.png
D:\一轮\hermes_带人物_带人脸\备份_2025-07-10_{1U_2BUPRX~6PW(PQ@E$FCI.jpg	D:\一轮\hermes_带人物_带人脸\备份_2025-07-10_{1U_2BUPRX~6PW(PQ@E$FCI.png
D:\一轮\hermes_带人物_带人脸\备份_2025-07-30_9FDU424Z{Z4FAU%}]%47JUI.jpg	D:\一轮\hermes_带人物_带人脸\备份_2025-07-30_9FDU424Z{Z4FAU%}]%47JUI.png
D:\一轮\hermes_带人物_带人脸\备份_2025-07-30_Q(L%MO{XH@N5~A({$Z6CNPN.jpg	D:\一轮\hermes_带人物_带人脸\备份_2025-07-30_Q(L%MO{XH@N5~A({$Z6CNPN.png
D:\一轮\hermes_带人物_带人脸\备份_2025-08-19_Q%60TY}7{08`P]FXD]X9M66.jpg	D:\一轮\hermes_带人物_带人脸\备份_2025-08-19_Q%60TY}7{08`P]FXD]X9M66.png
D:\一轮\hermes_带人物_带人脸\备份_2025-08-20_J1Z]JHX$[G2)L%ZA_CZNO4M.JPG	D:\一轮\hermes_带人物_带人脸\备份_2025-08-20_J1Z]JHX$[G2)L%ZA_CZNO4M.png
D:\一轮\hermes_带人物_带人脸\备份_2025-08-20_LKIG8))NW5TJL@F)[~4%5[K.JPG	D:\一轮\hermes_带人物_带人脸\备份_2025-08-20_LKIG8))NW5TJL@F)[~4%5[K.png
D:\一轮\hermes_带人物_带人脸\备份_2025-08-23__TSJ)8GX{{REUD{0TO5I9IA.jpg	D:\一轮\hermes_带人物_带人脸\备份_2025-08-23__TSJ)8GX{{REUD{0TO5I9IA.png
D:\一轮\hermes_带人物_带人脸\备份_2025-08-28_MBU7I1VALDZS(%U$%WY45GN.jpg	D:\一轮\hermes_带人物_带人脸\备份_2025-08-28_MBU7I1VALDZS(%U$%WY45GN.png
D:\一轮\hermes_带人物_带人脸\备份_2025-08-30_LT@%[MRAGA}2OB8I1E7%U4H.jpg	D:\一轮\hermes_带人物_带人脸\备份_2025-08-30_LT@%[MRAGA}2OB8I1E7%U4H.png
D:\一轮\hermes_带人物_带人脸\备份_2025-08-31_SE{NJ]E`Y41}E_OT]1U6P6Y.jpg	D:\一轮\hermes_带人物_带人脸\备份_2025-08-31_SE{NJ]E`Y41}E_OT]1U6P6Y.png
D:\一轮\hermes_带人物_带人脸\备份_2025-09-03_{%[Y}IEF$J9M`UHUUW1@NBG.jpg	D:\一轮\hermes_带人物_带人脸\备份_2025-09-03_{%[Y}IEF$J9M`UHUUW1@NBG.png
D:\一轮\hermes_带人物_带人脸\备份_2025-09-07_}XH(Q%P`_Y~AZ7YO89KRY1G.jpg	D:\一轮\hermes_带人物_带人脸\备份_2025-09-07_}XH(Q%P`_Y~AZ7YO89KRY1G.png
D:\一轮\hermes_带人物_带人脸\备份_2025-09-11_08LIZZSR)B0K%3GJRRR04NE.jpg	D:\一轮\hermes_带人物_带人脸\备份_2025-09-11_08LIZZSR)B0K%3GJRRR04NE.png
D:\一轮\hermes_带人物_带人脸\备份_2025-09-12_MB]M17]{WR)H01AO8EA7%DB.jpg	D:\一轮\hermes_带人物_带人脸\备份_2025-09-12_MB]M17]{WR)H01AO8EA7%DB.png
D:\一轮\hermes_带人物_带人脸\备份_2025-09-18_MNTO34F%QVWV7]6{ZS@@YWU.jpg	D:\一轮\hermes_带人物_带人脸\备份_2025-09-18_MNTO34F%QVWV7]6{ZS@@YWU.png
D:\一轮\hermes_带人物_带人脸\备份_2025-09-20_X4`KKW]B(Y%[R4B%9U1AW9Y.jpg	D:\一轮\hermes_带人物_带人脸\备份_2025-09-20_X4`KKW]B(Y%[R4B%9U1AW9Y.png
D:\一轮\hermes_带人物_带人脸\备份_2025-09-23_76%%USDW9_E81B90)O_V3[O.jpg	D:\一轮\hermes_带人物_带人脸\备份_2025-09-23_76%%USDW9_E81B90)O_V3[O.png
D:\一轮\hermes_带人物_带人脸\备份_2025-09-23_Y7J5$E$3{2B1KJYJA0%[NVJ.jpg	D:\一轮\hermes_带人物_带人脸\备份_2025-09-23_Y7J5$E$3{2B1KJYJA0%[NVJ.png
D:\一轮\hermes_带人物_带人脸\备份_2025-09-24_`}AFBSOI3I${_H)4350([1A.jpg	D:\一轮\hermes_带人物_带人脸\备份_2025-09-24_`}AFBSOI3I${_H)4350([1A.png
D:\一轮\hermes_带人物_带人脸\备份_2025-09-25_A7E3ME%]M4G(UTG_V0ALHAY.jpg	D:\一轮\hermes_带人物_带人脸\备份_2025-09-25_A7E3ME%]M4G(UTG_V0ALHAY.png
D:\一轮\hermes_带人物_带人脸\备份_2025-10-02__YSGZTKL$E4L9]INXV1C{5K.jpg	D:\一轮\hermes_带人物_带人脸\备份_2025-10-02__YSGZTKL$E4L9]INXV1C{5K.png
D:\一轮\hermes_带人物_带人脸\备份_2025-10-02_}T02{TKA@0OFJ3I}3OT~$DK.jpg	D:\一轮\hermes_带人物_带人脸\备份_2025-10-02_}T02{TKA@0OFJ3I}3OT~$DK.png
D:\一轮\hermes_带人物_带人脸\备份_2025-10-11_J5DSGZ{%KR9SC$NQJ)3C1SM.jpg	D:\一轮\hermes_带人物_带人脸\备份_2025-10-11_J5DSGZ{%KR9SC$NQJ)3C1SM.png
D:\一轮\hermes_带人物_带人脸\备份_2025-10-11_TEGFR8{9T4LIOZE)%8YRREH.jpg	D:\一轮\hermes_带人物_带人脸\备份_2025-10-11_TEGFR8{9T4LIOZE)%8YRREH.png
D:\一轮\hermes_带人物_带人脸\备份_2025-10-11__8UZ0%OZ6CY~SU$E$IG}T5B.jpg	D:\一轮\hermes_带人物_带人脸\备份_2025-10-11__8UZ0%OZ6CY~SU$E$IG}T5B.png
D:\一轮\hermes_带人物_带人脸\备份_2025-10-21_)4)PFR1${D7}V@WG(P}C_BN.jpg	D:\一轮\hermes_带人物_带人脸\备份_2025-10-21_)4)PFR1${D7}V@WG(P}C_BN.png
D:\一轮\hermes_带人物_带人脸\备份_2025-10-21_H6MMZDD@[9DECNKXRY{S`4M.jpg	D:\一轮\hermes_带人物_带人脸\备份_2025-10-21_H6MMZDD@[9DECNKXRY{S`4M.png
D:\一轮\hermes_带人物_带人脸\备份_2025-10-23__@KYM{1PX`NSRE0GO6XTS2X.jpg	D:\一轮\hermes_带人物_带人脸\备份_2025-10-23__@KYM{1PX`NSRE0GO6XTS2X.png
D:\一轮\hermes_带人物_带人脸\备份_2025-10-24_IZB`0)%F~]G(X2L~T@3[JLK.jpg	D:\一轮\hermes_带人物_带人脸\备份_2025-10-24_IZB`0)%F~]G(X2L~T@3[JLK.png
D:\一轮\hermes_带人物_带人脸\备份_2025-10-28_`KN~0R32G7TH%5M_@400F1A.jpg	D:\一轮\hermes_带人物_带人脸\备份_2025-10-28_`KN~0R32G7TH%5M_@400F1A.png
D:\一轮\hermes_带人物_带人脸\备份_2025-10-30_MGJS4FC8%(V1T5@F{4Y[`%8.jpg	D:\一轮\hermes_带人物_带人脸\备份_2025-10-30_MGJS4FC8%(V1T5@F{4Y[`%8.png
D:\一轮\hermes_带人物_带人脸\备份_2025-11-03_JJC1R(6EOH{}VKN8F_$BTMQ.jpg	D:\一轮\hermes_带人物_带人脸\备份_2025-11-03_JJC1R(6EOH{}VKN8F_$BTMQ.png
D:\一轮\hermes_带人物_带人脸\备份_2025-11-06_8W~(GUJ_O_S5_V_Y%{NU948.jpg	D:\一轮\hermes_带人物_带人脸\备份_2025-11-06_8W~(GUJ_O_S5_V_Y%{NU948.png
D:\一轮\hermes_带人物_带人脸\备份_2025-11-06_GS%6{JL1Z0KDA~9(R)E6)]M.jpg	D:\一轮\hermes_带人物_带人脸\备份_2025-11-06_GS%6{JL1Z0KDA~9(R)E6)]M.png
D:\一轮\hermes_带人物_带人脸\备份_2025-11-06_`[H5JR0AYW77BD_%N]AKDAY.jpg	D:\一轮\hermes_带人物_带人脸\备份_2025-11-06_`[H5JR0AYW77BD_%N]AKDAY.png
D:\一轮\hermes_带人物_带人脸\备份_2025-11-14_1NJENNRX]2W(HB)2%%5@~T4.jpg	D:\一轮\hermes_带人物_带人脸\备份_2025-11-14_1NJENNRX]2W(HB)2%%5@~T4.png
D:\一轮\hermes_带人物_带人脸\备份_2025-11-14_V04VOFIRPVYL6D%(7I3@P(U.jpg	D:\一轮\hermes_带人物_带人脸\备份_2025-11-14_V04VOFIRPVYL6D%(7I3@P(U.png
D:\一轮\hermes_带人物_带人脸\备份_2025-11-19_8KYT8]0H5DO9J~`NZM%@6PT.jpg	D:\一轮\hermes_带人物_带人脸\备份_2025-11-19_8KYT8]0H5DO9J~`NZM%@6PT.png
D:\一轮\hermes_带人物_带人脸\备份_2025-11-26_J{I)CI20}`}XN62%91O9$HG.jpg	D:\一轮\hermes_带人物_带人脸\备份_2025-11-26_J{I)CI20}`}XN62%91O9$HG.png
D:\一轮\hermes_带人物_带人脸\备份_2025-11-27__VMRTGFDB47)J1%I)`[F)[J.jpg	D:\一轮\hermes_带人物_带人脸\备份_2025-11-27__VMRTGFDB47)J1%I)`[F)[J.png
D:\一轮\hermes_带人物_带人脸\备份_2025-12-02_6M$7TE}UBKB(_O4%2C8_FOQ.jpg	D:\一轮\hermes_带人物_带人脸\备份_2025-12-02_6M$7TE}UBKB(_O4%2C8_FOQ.png
D:\一轮\hermes_带人物_带人脸\备份_2025-12-23_J4E75`CJZM[78$%KZ3ZBC_U.jpg	D:\一轮\hermes_带人物_带人脸\备份_2025-12-23_J4E75`CJZM[78$%KZ3ZBC_U.png
D:\一轮\hermes_带人物_带人脸\备份_2025-12-25__S7MF)0_OOOBBZR2{8QTHQF.JPG	D:\一轮\hermes_带人物_带人脸\备份_2025-12-25__S7MF)0_OOOBBZR2{8QTHQF.png
D:\一轮\hermes_带人物_带人脸\备份_2025-12-27_Z6G)Y(KME0~9}KCC2(_4%$2.jpg	D:\一轮\hermes_带人物_带人脸\备份_2025-12-27_Z6G)Y(KME0~9}KCC2(_4%$2.png
D:\一轮\hermes_带人物_带人脸\备份_2025-12-28_4}_ZHQPG18`IL$_4G$[{[@R.jpg	D:\一轮\hermes_带人物_带人脸\备份_2025-12-28_4}_ZHQPG18`IL$_4G$[{[@R.png
D:\一轮\hermes_带人物_带人脸\备份_2025-12-29_9NY)4)U)~X)8{[4O~Y(V`V2.jpg	D:\一轮\hermes_带人物_带人脸\备份_2025-12-29_9NY)4)U)~X)8{[4O~Y(V`V2.png
D:\一轮\hermes_带人物_带人脸\备份_2025-12-29_T%))_WZNXTMM1EP}2_)G%77.jpg	D:\一轮\hermes_带人物_带人脸\备份_2025-12-29_T%))_WZNXTMM1EP}2_)G%77.png
D:\一轮\hermes_带人物_带人脸\备份_2026-01-16__7$H__FS831(A{7Q2L5@T2X.jpg	D:\一轮\hermes_带人物_带人脸\备份_2026-01-16__7$H__FS831(A{7Q2L5@T2X.png
D:\一轮\hermes_带人物_带人脸\备份_2026-01-20_@@%`J~S`R73}P~%HMF6[D38.jpg	D:\一轮\hermes_带人物_带人脸\备份_2026-01-20_@@%`J~S`R73}P~%HMF6[D38.png
D:\一轮\hermes_带人物_带人脸\备份_2026-01-21_8R_CU)]60GI%%%31Q$8U4YO.jpg	D:\一轮\hermes_带人物_带人脸\备份_2026-01-21_8R_CU)]60GI%%%31Q$8U4YO.png
D:\一轮\hermes_带人物_带人脸\备份_2026-01-21_M48V_S@KAU0%@J}NK1WII@0.jpg	D:\一轮\hermes_带人物_带人脸\备份_2026-01-21_M48V_S@KAU0%@J}NK1WII@0.png
D:\一轮\hermes_带人物_带人脸\备份_2026-02-02_JX{QXVAOF8Q9X1OCP@F1SOE.jpg	D:\一轮\hermes_带人物_带人脸\备份_2026-02-02_JX{QXVAOF8Q9X1OCP@F1SOE.png
D:\一轮\hermes_带人物_带人脸\备份_2026-02-04_X}TLRW6K_[DI2VK{D(T%FLW.jpg	D:\一轮\hermes_带人物_带人脸\备份_2026-02-04_X}TLRW6K_[DI2VK{D(T%FLW.png
D:\一轮\hermes_带人物_带人脸\备份_2026-02-13_{N$4N9GUW}4[9FE)JGES]M8.jpg	D:\一轮\hermes_带人物_带人脸\备份_2026-02-13_{N$4N9GUW}4[9FE)JGES]M8.png
D:\一轮\hermes_带人物_带人脸\备份_2026-03-01_I]FD8F%VG[1~WJDP0GYLR5W.jpg	D:\一轮\hermes_带人物_带人脸\备份_2026-03-01_I]FD8F%VG[1~WJDP0GYLR5W.png
D:\一轮\hermes_带人物_带人脸\备份_2026-03-02_LP1C0`8S$0(K{4LZ4QP`M6I.jpg	D:\一轮\hermes_带人物_带人脸\备份_2026-03-02_LP1C0`8S$0(K{4LZ4QP`M6I.png
D:\一轮\hermes_带人物_带人脸\备份_2026-03-04_K%O)5YNMEGO{%_([ZSIGM@K.jpg	D:\一轮\hermes_带人物_带人脸\备份_2026-03-04_K%O)5YNMEGO{%_([ZSIGM@K.png
D:\一轮\hermes_带人物_带人脸\备份_2026-04-06_8W$79}@T{Q}2TOLE2B]`KDK.jpg	D:\一轮\hermes_带人物_带人脸\备份_2026-04-06_8W$79}@T{Q}2TOLE2B]`KDK.png
D:\一轮\hermes_带人物_带人脸\多人\Hermes-base__图片_有用_@$C`~CE{[@~$IOI[`O2%87I.jpg	D:\一轮\hermes_带人物_带人脸\多人\Hermes-base__图片_有用_@$C`~CE{[@~$IOI[`O2%87I.png
D:\一轮\hermes_带人物_带人脸\多人\Hermes-base__图片_有用_E0RI]J]%H2~QOY22UCQ11[Y.jpg	D:\一轮\hermes_带人物_带人脸\多人\Hermes-base__图片_有用_E0RI]J]%H2~QOY22UCQ11[Y.png
D:\一轮\hermes_带人物_带人脸\多人\Hermes-base__图片_有用_Q3SZ`9A_$_A{(1{FVDUIJSX.jpg	D:\一轮\hermes_带人物_带人脸\多人\Hermes-base__图片_有用_Q3SZ`9A_$_A{(1{FVDUIJSX.png
D:\一轮\hermes_带人物_带人脸\多人\三次元_%4LI[3Z30[P1V@M}@0YHY8C.jpg	D:\一轮\hermes_带人物_带人脸\多人\三次元_%4LI[3Z30[P1V@M}@0YHY8C.png
D:\一轮\hermes_带人物_带人脸\多人\三次元_%FGN$KAC9AF$`4N98RLI0DP.jpg	D:\一轮\hermes_带人物_带人脸\多人\三次元_%FGN$KAC9AF$`4N98RLI0DP.png
D:\一轮\hermes_带人物_带人脸\多人\三次元_6ZG[2RB0O_GSF8%HYG(JX`B.jpg	D:\一轮\hermes_带人物_带人脸\多人\三次元_6ZG[2RB0O_GSF8%HYG(JX`B.png
D:\一轮\hermes_带人物_带人脸\多人\三次元_76%7RD)~U9EPE}H8O(VD3X4.jpg	D:\一轮\hermes_带人物_带人脸\多人\三次元_76%7RD)~U9EPE}H8O(VD3X4.png
D:\一轮\hermes_带人物_带人脸\多人\备份_2025-03-10_{WHBSV0}KVVOEG{R~L{WP2V.jpg	D:\一轮\hermes_带人物_带人脸\多人\备份_2025-03-10_{WHBSV0}KVVOEG{R~L{WP2V.png
D:\一轮\hermes_带人物_带人脸\多人\备份_2025-03-15_JNI3P4_94F{8WNT1PWFN)UU.jpg	D:\一轮\hermes_带人物_带人脸\多人\备份_2025-03-15_JNI3P4_94F{8WNT1PWFN)UU.png
D:\一轮\hermes_带人物_带人脸\多人\备份_2025-06-01_UH9ZNXR%CCF)E$06RY}{83I.jpg	D:\一轮\hermes_带人物_带人脸\多人\备份_2025-06-01_UH9ZNXR%CCF)E$06RY}{83I.png
D:\一轮\hermes_带人物_带人脸\多人\备份_2025-06-01_]~WC(SJHI%10%DDEGD]9E_4.jpg	D:\一轮\hermes_带人物_带人脸\多人\备份_2025-06-01_]~WC(SJHI%10%DDEGD]9E_4.png
D:\一轮\hermes_带人物_带人脸\多人\备份_2025-06-21_OO`MQ8(C%7IKBU}3WN[DO`U.jpg	D:\一轮\hermes_带人物_带人脸\多人\备份_2025-06-21_OO`MQ8(C%7IKBU}3WN[DO`U.png
D:\一轮\hermes_带人物_带人脸\多人\备份_2025-06-22_K`XH}{IB%WEN5GM2@}@6VDF.jpg	D:\一轮\hermes_带人物_带人脸\多人\备份_2025-06-22_K`XH}{IB%WEN5GM2@}@6VDF.png
D:\一轮\hermes_带人物_带人脸\多人\备份_2025-08-07_(%DC771(MRF]S65I2PJL)95.jpg	D:\一轮\hermes_带人物_带人脸\多人\备份_2025-08-07_(%DC771(MRF]S65I2PJL)95.png
D:\一轮\hermes_带人物_带人脸\多人\备份_2025-08-22_2R}J)1{)HPM]{5XBDVA5N{2.jpg	D:\一轮\hermes_带人物_带人脸\多人\备份_2025-08-22_2R}J)1{)HPM]{5XBDVA5N{2.png
D:\一轮\hermes_带人物_带人脸\多人\备份_2025-08-23_67%22VSKES]CB(DY~ECMI~S.jpg	D:\一轮\hermes_带人物_带人脸\多人\备份_2025-08-23_67%22VSKES]CB(DY~ECMI~S.png
D:\一轮\hermes_带人物_带人脸\多人\备份_2025-08-23_{~4}}OICJG@73FGI$9]VP~0.jpg	D:\一轮\hermes_带人物_带人脸\多人\备份_2025-08-23_{~4}}OICJG@73FGI$9]VP~0.png
D:\一轮\hermes_带人物_带人脸\多人\备份_2025-08-30_LH]PT%LC7~UDC)(V4R($CFP.jpg	D:\一轮\hermes_带人物_带人脸\多人\备份_2025-08-30_LH]PT%LC7~UDC)(V4R($CFP.png
D:\一轮\hermes_带人物_带人脸\多人\备份_2025-09-26_]LM{VUMP4S85{XGO6R1UZQN.jpg	D:\一轮\hermes_带人物_带人脸\多人\备份_2025-09-26_]LM{VUMP4S85{XGO6R1UZQN.png
D:\一轮\hermes_带人物_带人脸\多人\备份_2025-10-21_OKHI$S40RLA%03}EE73CXHL.jpg	D:\一轮\hermes_带人物_带人脸\多人\备份_2025-10-21_OKHI$S40RLA%03}EE73CXHL.png
D:\一轮\hermes_带人物_带人脸\多人\备份_2025-10-22_04G`}BJ5I[TM%P_2LLXE27J.jpg	D:\一轮\hermes_带人物_带人脸\多人\备份_2025-10-22_04G`}BJ5I[TM%P_2LLXE27J.png
D:\一轮\hermes_带人物_带人脸\多人\备份_2026-01-28_LZ6ITV_3@E0L`VZSMKK%D}H.jpg	D:\一轮\hermes_带人物_带人脸\多人\备份_2026-01-28_LZ6ITV_3@E0L`VZSMKK%D}H.png
D:\一轮\hermes_带人物_带人脸\多人\备份_2026-01-30_{IB(9LXX_Z37APM@B2S~1FQ.jpg	D:\一轮\hermes_带人物_带人脸\多人\备份_2026-01-30_{IB(9LXX_Z37APM@B2S~1FQ.png
D:\一轮\hermes_带人物_带人脸\多人\有用_0()TM7%2H[5$)~E_TW@UJRR.jpg	D:\一轮\hermes_带人物_带人脸\多人\有用_0()TM7%2H[5$)~E_TW@UJRR.png
D:\一轮\hermes_带人物_带人脸\多人\有用_0ECUL]PHG~)$~1%7FB7FCZJ.jpg	D:\一轮\hermes_带人物_带人脸\多人\有用_0ECUL]PHG~)$~1%7FB7FCZJ.png
D:\一轮\hermes_带人物_带人脸\多人\有用_2SLPPUFB6}J0}VQJ(ZIG{%Q.jpg	D:\一轮\hermes_带人物_带人脸\多人\有用_2SLPPUFB6}J0}VQJ(ZIG{%Q.png
D:\一轮\hermes_带人物_带人脸\多人\有用_@W2F7SK(405}VNXEG_}{L7C (2024_11_13 09_19_52 UTC).bmp	D:\一轮\hermes_带人物_带人脸\多人\有用_@W2F7SK(405}VNXEG_}{L7C (2024_11_13 09_19_52 UTC).jpg
D:\一轮\hermes_带人物_带人脸\多人\有用_DT%H]DDN7Z7U$12`GYR{UNY.jpg	D:\一轮\hermes_带人物_带人脸\多人\有用_DT%H]DDN7Z7U$12`GYR{UNY.png
D:\一轮\hermes_带人物_带人脸\多人\有用_G5[O[17}6{(2[4K9A@N)NGK (2024_11_13 09_19_52 UTC).png	D:\一轮\hermes_带人物_带人脸\多人\有用_G5[O[17}6{(2[4K9A@N)NGK (2024_11_13 09_19_52 UTC).jpg
D:\一轮\hermes_带人物_带人脸\多人\有用_I$O5ZC8C)NTPHF0V]SKSO{5.jpg	D:\一轮\hermes_带人物_带人脸\多人\有用_I$O5ZC8C)NTPHF0V]SKSO{5.png
D:\一轮\hermes_带人物_带人脸\多人\有用_K[WL$N21B0E_0NORXR{BYN5.jpg	D:\一轮\hermes_带人物_带人脸\多人\有用_K[WL$N21B0E_0NORXR{BYN5.png
D:\一轮\hermes_带人物_带人脸\多人\有用_L@V%Y[8C5T`@@Z8HM2J72EB.jpg	D:\一轮\hermes_带人物_带人脸\多人\有用_L@V%Y[8C5T`@@Z8HM2J72EB.png
D:\一轮\hermes_带人物_带人脸\多人\有用_MVX1{M%NG4W738R9[L9YQC7.jpg	D:\一轮\hermes_带人物_带人脸\多人\有用_MVX1{M%NG4W738R9[L9YQC7.png
D:\一轮\hermes_带人物_带人脸\多人\有用_P24%YYQ(2@~L4XYP[0Z46WP.jpg	D:\一轮\hermes_带人物_带人脸\多人\有用_P24%YYQ(2@~L4XYP[0Z46WP.png
D:\一轮\hermes_带人物_带人脸\多人\有用_P57{J$~]H(K~S4}H0YLS_)M.jpg	D:\一轮\hermes_带人物_带人脸\多人\有用_P57{J$~]H(K~S4}H0YLS_)M.png
D:\一轮\hermes_带人物_带人脸\多人\有用_QK7SE2ZG7J4YN{4GVH3X0E3.jpg	D:\一轮\hermes_带人物_带人脸\多人\有用_QK7SE2ZG7J4YN{4GVH3X0E3.png
D:\一轮\hermes_带人物_带人脸\多人\有用_Q`EAX{(J2I{2OKANQ4$TQHB.jpg	D:\一轮\hermes_带人物_带人脸\多人\有用_Q`EAX{(J2I{2OKANQ4$TQHB.png
D:\一轮\hermes_带人物_带人脸\多人\有用_RICWLB{UV}0E%I0%CG}6Q87.jpg	D:\一轮\hermes_带人物_带人脸\多人\有用_RICWLB{UV}0E%I0%CG}6Q87.png
D:\一轮\hermes_带人物_带人脸\多人\有用_T4C6K{9){[5HREG$OZZV[SA.jpg	D:\一轮\hermes_带人物_带人脸\多人\有用_T4C6K{9){[5HREG$OZZV[SA.png
D:\一轮\hermes_带人物_带人脸\多人\有用_TWJPW2D0[@29)C343{%J1LK (2024_11_13 09_19_52 UTC).bmp	D:\一轮\hermes_带人物_带人脸\多人\有用_TWJPW2D0[@29)C343{%J1LK (2024_11_13 09_19_52 UTC).jpg
D:\一轮\hermes_带人物_带人脸\多人\有用_U0NE)KGNU93ZC]89H@BF{RV.jpg	D:\一轮\hermes_带人物_带人脸\多人\有用_U0NE)KGNU93ZC]89H@BF{RV.png
D:\一轮\hermes_带人物_带人脸\多人\有用_U@NOXKDZD(NQUXZHU~8H@%6.jpg	D:\一轮\hermes_带人物_带人脸\多人\有用_U@NOXKDZD(NQUXZHU~8H@%6.png
D:\一轮\hermes_带人物_带人脸\多人\有用_US7$Z_T%N((EQXRA9$KO`2E.jpg	D:\一轮\hermes_带人物_带人脸\多人\有用_US7$Z_T%N((EQXRA9$KO`2E.png
D:\一轮\hermes_带人物_带人脸\多人\有用_VQ7A8R{GMMW[T8$7~3$7SGD.jpg	D:\一轮\hermes_带人物_带人脸\多人\有用_VQ7A8R{GMMW[T8$7~3$7SGD.png
D:\一轮\hermes_带人物_带人脸\多人\有用_WJRG0LT@T}NW@U77GM}{8}M.jpg	D:\一轮\hermes_带人物_带人脸\多人\有用_WJRG0LT@T}NW@U77GM}{8}M.png
D:\一轮\hermes_带人物_带人脸\多人\有用_X2%${A4MJA$YQM[4Z6NV03H.jpg	D:\一轮\hermes_带人物_带人脸\多人\有用_X2%${A4MJA$YQM[4Z6NV03H.png
D:\一轮\hermes_带人物_带人脸\多人\有用_XS$`7P8~QA4GCR$0PL4JG%J.jpg	D:\一轮\hermes_带人物_带人脸\多人\有用_XS$`7P8~QA4GCR$0PL4JG%J.png
D:\一轮\hermes_带人物_带人脸\有用_0%U$AV(~R(GRG_4}1QVMA]X.jpg	D:\一轮\hermes_带人物_带人脸\有用_0%U$AV(~R(GRG_4}1QVMA]X.png
D:\一轮\hermes_带人物_带人脸\有用_05`0}6YGIQ24A@KXEB%[%}K.jpg	D:\一轮\hermes_带人物_带人脸\有用_05`0}6YGIQ24A@KXEB%[%}K.png
D:\一轮\hermes_带人物_带人脸\有用_08Y[17(A{~1G%4G5TLE[Y2U.JPG	D:\一轮\hermes_带人物_带人脸\有用_08Y[17(A{~1G%4G5TLE[Y2U.png
D:\一轮\hermes_带人物_带人脸\有用_0F[`{)F1CL4$@{}`]S)E@6O.jpg	D:\一轮\hermes_带人物_带人脸\有用_0F[`{)F1CL4$@{}`]S)E@6O.png
D:\一轮\hermes_带人物_带人脸\有用_0INB4C]B)HG7QM{S@0_MF)3.jpg	D:\一轮\hermes_带人物_带人脸\有用_0INB4C]B)HG7QM{S@0_MF)3.png
D:\一轮\hermes_带人物_带人脸\有用_0L}{9SXRKTWHTE_$(WJ$Q98.jpg	D:\一轮\hermes_带人物_带人脸\有用_0L}{9SXRKTWHTE_$(WJ$Q98.png
D:\一轮\hermes_带人物_带人脸\有用_0L~YD7}$%0%5K8{NBXR4D_B_tmb (2024_11_13 09_19_52 UTC).jpg	D:\一轮\hermes_带人物_带人脸\有用_0L~YD7}$%0%5K8{NBXR4D_B_tmb (2024_11_13 09_19_52 UTC).png
D:\一轮\hermes_带人物_带人脸\有用_0Q%M$[QAK2AALUHQT%XD4@7.jpg	D:\一轮\hermes_带人物_带人脸\有用_0Q%M$[QAK2AALUHQT%XD4@7.png
D:\一轮\hermes_带人物_带人脸\有用_0T3INC}A%D~_9W}$PIW{@X4.png	D:\一轮\hermes_带人物_带人脸\有用_0T3INC}A%D~_9W}$PIW{@X4.jpg
D:\一轮\hermes_带人物_带人脸\有用_0_E$_HQ{__K`GJAO]$07LTM_tmb (2024_11_13 09_19_52 UTC).bmp	D:\一轮\hermes_带人物_带人脸\有用_0_E$_HQ{__K`GJAO]$07LTM_tmb (2024_11_13 09_19_52 UTC).jpg
D:\一轮\hermes_带人物_带人脸\有用_1%4]N`CL`0}H`(V)DJ%~7A8.JPG	D:\一轮\hermes_带人物_带人脸\有用_1%4]N`CL`0}H`(V)DJ%~7A8.png
D:\一轮\hermes_带人物_带人脸\有用_1(KX2SI9(@MT%P)MY}P_0RT.jpg	D:\一轮\hermes_带人物_带人脸\有用_1(KX2SI9(@MT%P)MY}P_0RT.png
D:\一轮\hermes_带人物_带人脸\有用_15)UNZ9JC@4LLZOL_ZV%Q]O.jpg	D:\一轮\hermes_带人物_带人脸\有用_15)UNZ9JC@4LLZOL_ZV%Q]O.png
D:\一轮\hermes_带人物_带人脸\有用_1F3RE)ZAWPQ7S{P~VI8B~VA.jpg	D:\一轮\hermes_带人物_带人脸\有用_1F3RE)ZAWPQ7S{P~VI8B~VA.png
D:\一轮\hermes_带人物_带人脸\有用_1F9VYDGG$%17T~%Y`3FNW}H.jpg	D:\一轮\hermes_带人物_带人脸\有用_1F9VYDGG$%17T~%Y`3FNW}H.png
D:\一轮\hermes_带人物_带人脸\有用_1HD$3D6T%H7BAC1831V{]RW_tmb (2024_11_13 09_19_52 UTC).bmp	D:\一轮\hermes_带人物_带人脸\有用_1HD$3D6T%H7BAC1831V{]RW_tmb (2024_11_13 09_19_52 UTC).jpg
D:\一轮\hermes_带人物_带人脸\有用_1N61M1R6[F$~O%4Z{$3LHKK.jpg	D:\一轮\hermes_带人物_带人脸\有用_1N61M1R6[F$~O%4Z{$3LHKK.png
D:\一轮\hermes_带人物_带人脸\有用_1S_Z8FW}LPZEF15A4@{{L%2.jpg	D:\一轮\hermes_带人物_带人脸\有用_1S_Z8FW}LPZEF15A4@{{L%2.png
D:\一轮\hermes_带人物_带人脸\有用_1ZO9%WY)48JMHVI@D{0B@SP.jpg	D:\一轮\hermes_带人物_带人脸\有用_1ZO9%WY)48JMHVI@D{0B@SP.png
D:\一轮\hermes_带人物_带人脸\有用_1{H({UL50DGA6RNBW83(@UU.jpg	D:\一轮\hermes_带人物_带人脸\有用_1{H({UL50DGA6RNBW83(@UU.png
D:\一轮\hermes_带人物_带人脸\有用_1~NZ{I_OS`7W1V`()[Q6PL5.jpg	D:\一轮\hermes_带人物_带人脸\有用_1~NZ{I_OS`7W1V`()[Q6PL5.png
D:\一轮\hermes_带人物_带人脸\有用_2%48PRPXI@3V`)5FE8OK62V.jpg	D:\一轮\hermes_带人物_带人脸\有用_2%48PRPXI@3V`)5FE8OK62V.png
D:\一轮\hermes_带人物_带人脸\有用_2C9PRC%N%WPMOV}HD7~WWXN.jpg	D:\一轮\hermes_带人物_带人脸\有用_2C9PRC%N%WPMOV}HD7~WWXN.png
D:\一轮\hermes_带人物_带人脸\有用_2DX9Z$8WC7OSRR@~%7U98{X.jpg	D:\一轮\hermes_带人物_带人脸\有用_2DX9Z$8WC7OSRR@~%7U98{X.png
D:\一轮\hermes_带人物_带人脸\有用_2T$O{Y_[]VH_SO1]$2%0AU6.jpg	D:\一轮\hermes_带人物_带人脸\有用_2T$O{Y_[]VH_SO1]$2%0AU6.png
D:\一轮\hermes_带人物_带人脸\有用_2{%IX3_R4T4[P2ZH`H5U`AK.jpg	D:\一轮\hermes_带人物_带人脸\有用_2{%IX3_R4T4[P2ZH`H5U`AK.png
D:\一轮\hermes_带人物_带人脸\有用_3)3VSNP}06EON{2(O2949DK.jpg	D:\一轮\hermes_带人物_带人脸\有用_3)3VSNP}06EON{2(O2949DK.png
D:\一轮\hermes_带人物_带人脸\有用_3A6RV%G}W{2H_UP4GZZ[%5Q_tmb (2024_11_13 09_19_52 UTC).png	D:\一轮\hermes_带人物_带人脸\有用_3A6RV%G}W{2H_UP4GZZ[%5Q_tmb (2024_11_13 09_19_52 UTC).jpg
D:\一轮\hermes_带人物_带人脸\有用_3G5(9Q9~EQ[3{$AQHD(W}ZL.jpg	D:\一轮\hermes_带人物_带人脸\有用_3G5(9Q9~EQ[3{$AQHD(W}ZL.png
D:\一轮\hermes_带人物_带人脸\有用_3I1%@{)N%8}6Y{AA5ZOW(@L_tmb (2024_11_13 09_19_52 UTC).bmp	D:\一轮\hermes_带人物_带人脸\有用_3I1%@{)N%8}6Y{AA5ZOW(@L_tmb (2024_11_13 09_19_52 UTC).jpg
D:\一轮\hermes_带人物_带人脸\有用_3J5AWER@)`Q`7%MK@]_9IWU.jpg	D:\一轮\hermes_带人物_带人脸\有用_3J5AWER@)`Q`7%MK@]_9IWU.png
D:\一轮\hermes_带人物_带人脸\有用_3J9`4%RQ{N$SE9CSOG4I9EL.jpg	D:\一轮\hermes_带人物_带人脸\有用_3J9`4%RQ{N$SE9CSOG4I9EL.png
D:\一轮\hermes_带人物_带人脸\有用_3W{_~IYYME}6`[_G$AYS7EJ_tmb (2024_11_13 09_19_52 UTC).bmp	D:\一轮\hermes_带人物_带人脸\有用_3W{_~IYYME}6`[_G$AYS7EJ_tmb (2024_11_13 09_19_52 UTC).jpg
D:\一轮\hermes_带人物_带人脸\有用_3]XKAI`(D9UPTPRKAW{%{[J_tmb (2024_11_13 09_19_52 UTC).png	D:\一轮\hermes_带人物_带人脸\有用_3]XKAI`(D9UPTPRKAW{%{[J_tmb (2024_11_13 09_19_52 UTC).jpg
D:\一轮\hermes_带人物_带人脸\有用_42QNR0BO{BKH5O8~977XLF4_tmb (2024_11_13 09_19_52 UTC).bmp	D:\一轮\hermes_带人物_带人脸\有用_42QNR0BO{BKH5O8~977XLF4_tmb (2024_11_13 09_19_52 UTC).jpg
D:\一轮\hermes_带人物_带人脸\有用_47@NEW}L%R5~4MCFWV}8KES.JPG	D:\一轮\hermes_带人物_带人脸\有用_47@NEW}L%R5~4MCFWV}8KES.png
D:\一轮\hermes_带人物_带人脸\有用_9]{}ABU{Z54MKF23JD8AIOA.jpg	D:\一轮\hermes_带人物_带人脸\有用_9]{}ABU{Z54MKF23JD8AIOA.png
D:\一轮\hermes_带人物_带人脸\有用_9`O2`[1GGDEZR`N%O2P7C(6.jpg	D:\一轮\hermes_带人物_带人脸\有用_9`O2`[1GGDEZR`N%O2P7C(6.png
D:\一轮\hermes_带人物_带人脸\有用_9{1LFSLXL0DBJ6NX`F{0MGL.jpg	D:\一轮\hermes_带人物_带人脸\有用_9{1LFSLXL0DBJ6NX`F{0MGL.png
D:\一轮\hermes_带人物_带人脸\有用_@33%D09$6PJ@)VQ_(XJGXJ2.jpg	D:\一轮\hermes_带人物_带人脸\有用_@33%D09$6PJ@)VQ_(XJGXJ2.png
D:\一轮\hermes_带人物_带人脸\有用_@8@}D`ARG@GLJOYE2LR{O{0_tmb (2024_11_13 09_19_52 UTC).bmp	D:\一轮\hermes_带人物_带人脸\有用_@8@}D`ARG@GLJOYE2LR{O{0_tmb (2024_11_13 09_19_52 UTC).jpg
D:\一轮\hermes_带人物_带人脸\有用_@JJ[JLK~0%O[OZ7~}USU7$2.jpg	D:\一轮\hermes_带人物_带人脸\有用_@JJ[JLK~0%O[OZ7~}USU7$2.png
D:\一轮\hermes_带人物_带人脸\有用_@PNTZPCIS2~B(PM$[)TLS{U.jpg	D:\一轮\hermes_带人物_带人脸\有用_@PNTZPCIS2~B(PM$[)TLS{U.png
D:\一轮\hermes_带人物_带人脸\有用_@XBQ%O7Z~6Q}@GT6~G_GJZD.jpg	D:\一轮\hermes_带人物_带人脸\有用_@XBQ%O7Z~6Q}@GT6~G_GJZD.png
D:\一轮\hermes_带人物_带人脸\有用_@YPDEK7%$~9W)2B(KP{QKEE.jpg	D:\一轮\hermes_带人物_带人脸\有用_@YPDEK7%$~9W)2B(KP{QKEE.png
D:\一轮\hermes_带人物_带人脸\有用_@_C~CP2@)9%MRY_J476LK57.jpg	D:\一轮\hermes_带人物_带人脸\有用_@_C~CP2@)9%MRY_J476LK57.png
D:\一轮\hermes_带人物_带人脸\有用_@{71A(5(SXFSYMIKV0NKRAM.jpg	D:\一轮\hermes_带人物_带人脸\有用_@{71A(5(SXFSYMIKV0NKRAM.png
D:\一轮\hermes_带人物_带人脸\有用_@~RP[DDWV%OSAXI1H}}ZQ[K.JPG	D:\一轮\hermes_带人物_带人脸\有用_@~RP[DDWV%OSAXI1H}}ZQ[K.png
D:\一轮\hermes_带人物_带人脸\有用_A1]{7%]NA8(1BDC7GX50QGF.jpg	D:\一轮\hermes_带人物_带人脸\有用_A1]{7%]NA8(1BDC7GX50QGF.png
D:\一轮\hermes_带人物_带人脸\有用_A9$_%[95N(VP35MR8Q1}D6D_tmb (2024_11_13 09_19_52 UTC).jpg	D:\一轮\hermes_带人物_带人脸\有用_A9$_%[95N(VP35MR8Q1}D6D_tmb (2024_11_13 09_19_52 UTC).png
D:\一轮\hermes_带人物_带人脸\有用_AS2A`ZC)HW3H]8LCT$W{AUA.jpg	D:\一轮\hermes_带人物_带人脸\有用_AS2A`ZC)HW3H]8LCT$W{AUA.png
D:\一轮\hermes_带人物_带人脸\有用_AUY9707%XGHD{B$EU{Y4}A0.jpg	D:\一轮\hermes_带人物_带人脸\有用_AUY9707%XGHD{B$EU{Y4}A0.png
D:\一轮\hermes_带人物_带人脸\有用_A{QWSL$8G5T%8{[I([YV4)J_tmb (2024_11_13 09_19_52 UTC).bmp	D:\一轮\hermes_带人物_带人脸\有用_A{QWSL$8G5T%8{[I([YV4)J_tmb (2024_11_13 09_19_52 UTC).jpg
D:\一轮\hermes_带人物_带人脸\有用_A~8)L~(2TL{(6P$_AXG{HB9 (2024_11_13 09_19_52 UTC).bmp	D:\一轮\hermes_带人物_带人脸\有用_A~8)L~(2TL{(6P$_AXG{HB9 (2024_11_13 09_19_52 UTC).jpg
D:\一轮\hermes_带人物_带人脸\有用_B9SGJ$2N[MHVY)%B9{VQ5_G_tmb (2024_11_13 09_19_52 UTC).bmp	D:\一轮\hermes_带人物_带人脸\有用_B9SGJ$2N[MHVY)%B9{VQ5_G_tmb (2024_11_13 09_19_52 UTC).jpg
D:\一轮\hermes_带人物_带人脸\有用_BB}J@%[X{QKI5X%6HEUQ(%C_tmb (2024_11_13 09_19_52 UTC).png	D:\一轮\hermes_带人物_带人脸\有用_BB}J@%[X{QKI5X%6HEUQ(%C_tmb (2024_11_13 09_19_52 UTC).jpg
D:\一轮\hermes_带人物_带人脸\有用_BI{EXZ49Y31I[9W]CE$A578.jpg	D:\一轮\hermes_带人物_带人脸\有用_BI{EXZ49Y31I[9W]CE$A578.png
D:\一轮\hermes_带人物_带人脸\有用_BO2XQ){5_7)(HX[EG~ZGOXR.JPG	D:\一轮\hermes_带人物_带人脸\有用_BO2XQ){5_7)(HX[EG~ZGOXR.png
D:\一轮\hermes_带人物_带人脸\有用_B[0`}310UUX1]{DZTYW79)E.jpg	D:\一轮\hermes_带人物_带人脸\有用_B[0`}310UUX1]{DZTYW79)E.png
D:\一轮\hermes_带人物_带人脸\有用_B_2PE%KLIGQG6(UWOU5M8@4.jpg	D:\一轮\hermes_带人物_带人脸\有用_B_2PE%KLIGQG6(UWOU5M8@4.png
D:\一轮\hermes_带人物_带人脸\有用_B{~29K$}I@6RVL5{OCEXD2T.jpg	D:\一轮\hermes_带人物_带人脸\有用_B{~29K$}I@6RVL5{OCEXD2T.png
D:\一轮\hermes_带人物_带人脸\有用_C%[$Y5ZE9C2T0JBY2O{02TF_tmb (2024_11_13 09_19_52 UTC).bmp	D:\一轮\hermes_带人物_带人脸\有用_C%[$Y5ZE9C2T0JBY2O{02TF_tmb (2024_11_13 09_19_52 UTC).jpg
D:\一轮\hermes_带人物_带人脸\有用_C(_PYV_SBCM{A_BX8R}FT]I.bmp	D:\一轮\hermes_带人物_带人脸\有用_C(_PYV_SBCM{A_BX8R}FT]I.jpg
D:\一轮\hermes_带人物_带人脸\有用_C01`K4VSR]@F%)SOE4~7%)P.jpg	D:\一轮\hermes_带人物_带人脸\有用_C01`K4VSR]@F%)SOE4~7%)P.png
D:\一轮\hermes_带人物_带人脸\有用_C2PIOM@65QIM[L${1O(1KPY.jpg	D:\一轮\hermes_带人物_带人脸\有用_C2PIOM@65QIM[L${1O(1KPY.png
D:\一轮\hermes_带人物_带人脸\有用_C7%6~QJ@O61G(TJIJK_JW_3.jpg	D:\一轮\hermes_带人物_带人脸\有用_C7%6~QJ@O61G(TJIJK_JW_3.png
D:\一轮\hermes_带人物_带人脸\有用_CF$BK8TGB{IE@UN]87FRC2L.jpg	D:\一轮\hermes_带人物_带人脸\有用_CF$BK8TGB{IE@UN]87FRC2L.png
D:\一轮\hermes_带人物_带人脸\有用_CKGV_7EWVX(GA)EW}UJ{QD5.jpg	D:\一轮\hermes_带人物_带人脸\有用_CKGV_7EWVX(GA)EW}UJ{QD5.png
D:\一轮\hermes_带人物_带人脸\有用_CM9I$G@MIKOBU95X%(1`1H5.jpg	D:\一轮\hermes_带人物_带人脸\有用_CM9I$G@MIKOBU95X%(1`1H5.png
D:\一轮\hermes_带人物_带人脸\有用_CN]%T%SXWE5D%9X8G`FCMA9.jpg	D:\一轮\hermes_带人物_带人脸\有用_CN]%T%SXWE5D%9X8G`FCMA9.png
D:\一轮\hermes_带人物_带人脸\有用_CN~`[DW%Q5K4U[H3`K({{YP.jpg	D:\一轮\hermes_带人物_带人脸\有用_CN~`[DW%Q5K4U[H3`K({{YP.png
D:\一轮\hermes_带人物_带人脸\有用_CP{7[B19GQ(GVFUQPT{K38O.jpg	D:\一轮\hermes_带人物_带人脸\有用_CP{7[B19GQ(GVFUQPT{K38O.png
D:\一轮\hermes_带人物_带人脸\有用_CX94@~IE@__YD(O5%4RA%G6.jpg	D:\一轮\hermes_带人物_带人脸\有用_CX94@~IE@__YD(O5%4RA%G6.png
D:\一轮\hermes_带人物_带人脸\有用_C}2R9V)K89{K`8E4P41BVXW.jpg	D:\一轮\hermes_带人物_带人脸\有用_C}2R9V)K89{K`8E4P41BVXW.png
D:\一轮\hermes_带人物_带人脸\有用_DPYU(I((M{`14BNW3O1ND67_tmb (2024_11_13 09_19_52 UTC).bmp	D:\一轮\hermes_带人物_带人脸\有用_DPYU(I((M{`14BNW3O1ND67_tmb (2024_11_13 09_19_52 UTC).jpg
D:\一轮\hermes_带人物_带人脸\有用_D]@IUZ`[71KM9T%)9~UZ6C3.jpg	D:\一轮\hermes_带人物_带人脸\有用_D]@IUZ`[71KM9T%)9~UZ6C3.png
D:\一轮\hermes_带人物_带人脸\有用_E2{ELXKVU$0H%D)W6~5R6H2_tmb (2024_11_13 09_19_52 UTC).bmp	D:\一轮\hermes_带人物_带人脸\有用_E2{ELXKVU$0H%D)W6~5R6H2_tmb (2024_11_13 09_19_52 UTC).jpg
D:\一轮\hermes_带人物_带人脸\有用_EGD$1})`54F2FUYE4@@{TXN_tmb (2024_11_13 09_19_52 UTC).bmp	D:\一轮\hermes_带人物_带人脸\有用_EGD$1})`54F2FUYE4@@{TXN_tmb (2024_11_13 09_19_52 UTC).jpg
D:\一轮\hermes_带人物_带人脸\有用_EK}M{C)PU}5H_6F9FB9KUAH.jpg	D:\一轮\hermes_带人物_带人脸\有用_EK}M{C)PU}5H_6F9FB9KUAH.png
D:\一轮\hermes_带人物_带人脸\有用_ES$RSU$T`6J{Y`5{%D1PRTY.jpg	D:\一轮\hermes_带人物_带人脸\有用_ES$RSU$T`6J{Y`5{%D1PRTY.png
D:\一轮\hermes_带人物_带人脸\有用_F0_$H[BPF6~_2R`KL8{NKYA.jpg	D:\一轮\hermes_带人物_带人脸\有用_F0_$H[BPF6~_2R`KL8{NKYA.png
D:\一轮\hermes_带人物_带人脸\有用_FD{989C{{3YV%SXNS]L9CD6.jpg	D:\一轮\hermes_带人物_带人脸\有用_FD{989C{{3YV%SXNS]L9CD6.png
D:\一轮\hermes_带人物_带人脸\有用_FE8_05K[QK)7CUV1PZ%N@@I.jpg	D:\一轮\hermes_带人物_带人脸\有用_FE8_05K[QK)7CUV1PZ%N@@I.png
D:\一轮\hermes_带人物_带人脸\有用_FG[FEM`]{B~$)2AUR5UBDOF.jpg	D:\一轮\hermes_带人物_带人脸\有用_FG[FEM`]{B~$)2AUR5UBDOF.png
D:\一轮\hermes_带人物_带人脸\有用_FH6}NKOQ}TQRV6[M2`H%%58.jpg	D:\一轮\hermes_带人物_带人脸\有用_FH6}NKOQ}TQRV6[M2`H%%58.png
D:\一轮\hermes_带人物_带人脸\有用_FVBX1{V01772LH$_Q$HC8HT (2024_11_13 09_19_52 UTC).bmp	D:\一轮\hermes_带人物_带人脸\有用_FVBX1{V01772LH$_Q$HC8HT (2024_11_13 09_19_52 UTC).jpg
D:\一轮\hermes_带人物_带人脸\有用_FX[[19DFR{WWXEL@]H4)BXI.jpg	D:\一轮\hermes_带人物_带人脸\有用_FX[[19DFR{WWXEL@]H4)BXI.png
D:\一轮\hermes_带人物_带人脸\有用_FY}]XZ[VQ{{O8XIXE_[38D6.jpg	D:\一轮\hermes_带人物_带人脸\有用_FY}]XZ[VQ{{O8XIXE_[38D6.png
D:\一轮\hermes_带人物_带人脸\有用_FZXGG2B_M5VN2Z{~[GO[JTQ_tmb (2024_11_13 09_19_52 UTC).bmp	D:\一轮\hermes_带人物_带人脸\有用_FZXGG2B_M5VN2Z{~[GO[JTQ_tmb (2024_11_13 09_19_52 UTC).png
D:\一轮\hermes_带人物_带人脸\有用_F`]9G$J057F]AKGQK8%C76Q.jpg	D:\一轮\hermes_带人物_带人脸\有用_F`]9G$J057F]AKGQK8%C76Q.png
D:\一轮\hermes_带人物_带人脸\有用_F~VU@K[7BMVSO79O7F[%VR8.jpg	D:\一轮\hermes_带人物_带人脸\有用_F~VU@K[7BMVSO79O7F[%VR8.png
D:\一轮\hermes_带人物_带人脸\有用_G4CL0KRL7PD_[G3)8{Q8B_S.jpg	D:\一轮\hermes_带人物_带人脸\有用_G4CL0KRL7PD_[G3)8{Q8B_S.png
D:\一轮\hermes_带人物_带人脸\有用_G60PFV(H4FU{98ZP}6[STTQ.jpg	D:\一轮\hermes_带人物_带人脸\有用_G60PFV(H4FU{98ZP}6[STTQ.png
D:\一轮\hermes_带人物_带人脸\有用_G6OFR4ESP7V_EEWOR768L%4.jpg	D:\一轮\hermes_带人物_带人脸\有用_G6OFR4ESP7V_EEWOR768L%4.png
D:\一轮\hermes_带人物_带人脸\有用_G@40PQNG5I08`{XT}0QO7BY.jpg	D:\一轮\hermes_带人物_带人脸\有用_G@40PQNG5I08`{XT}0QO7BY.png
D:\一轮\hermes_带人物_带人脸\有用_GK5YNKH]ZUAQJ{[WANG}L)K.jpg	D:\一轮\hermes_带人物_带人脸\有用_GK5YNKH]ZUAQJ{[WANG}L)K.png
D:\一轮\hermes_带人物_带人脸\有用_GSVX{MI21G`9G1~FW[4}YBC_tmb (2024_11_13 09_19_52 UTC).bmp	D:\一轮\hermes_带人物_带人脸\有用_GSVX{MI21G`9G1~FW[4}YBC_tmb (2024_11_13 09_19_52 UTC).jpg
D:\一轮\hermes_带人物_带人脸\有用_H%N7EWLUL3LPEA%@F1NRX9W.jpg	D:\一轮\hermes_带人物_带人脸\有用_H%N7EWLUL3LPEA%@F1NRX9W.png
D:\一轮\hermes_带人物_带人脸\有用_H%Y2N$KCZG`[OPZQJZQ7(@9.jpg	D:\一轮\hermes_带人物_带人脸\有用_H%Y2N$KCZG`[OPZQJZQ7(@9.png
D:\一轮\hermes_带人物_带人脸\有用_HMB{E4`U3WEVKS(K5J]7X1N.jpg	D:\一轮\hermes_带人物_带人脸\有用_HMB{E4`U3WEVKS(K5J]7X1N.png
D:\一轮\hermes_带人物_带人脸\有用_HNHE(OGVG)O@U)}X{SRRSR5.JPG	D:\一轮\hermes_带人物_带人脸\有用_HNHE(OGVG)O@U)}X{SRRSR5.png
D:\一轮\hermes_带人物_带人脸\有用_HYPXUQ]DHYJ_)_OL35T2{TG.jpg	D:\一轮\hermes_带人物_带人脸\有用_HYPXUQ]DHYJ_)_OL35T2{TG.png
D:\一轮\hermes_带人物_带人脸\有用_JOH4RMWF(]L{76L@0SA`J]B_tmb (2024_11_13 09_19_52 UTC).png	D:\一轮\hermes_带人物_带人脸\有用_JOH4RMWF(]L{76L@0SA`J]B_tmb (2024_11_13 09_19_52 UTC).jpg
D:\一轮\hermes_带人物_带人脸\有用_JRW]WWFI)$9EI_{I4NXO}SG_tmb (2024_11_13 09_19_52 UTC).bmp	D:\一轮\hermes_带人物_带人脸\有用_JRW]WWFI)$9EI_{I4NXO}SG_tmb (2024_11_13 09_19_52 UTC).jpg
D:\一轮\hermes_带人物_带人脸\有用_JS5%~K2BV6FZ(}C1%Z_9YWY.jpg	D:\一轮\hermes_带人物_带人脸\有用_JS5%~K2BV6FZ(}C1%Z_9YWY.png
D:\一轮\hermes_带人物_带人脸\有用_JY9U7FHX5(4W[%Y$FIXRLI4.jpg	D:\一轮\hermes_带人物_带人脸\有用_JY9U7FHX5(4W[%Y$FIXRLI4.png
D:\一轮\hermes_带人物_带人脸\有用_K44~}(BPB%4OD64D)]UK%{V.jpg	D:\一轮\hermes_带人物_带人脸\有用_K44~}(BPB%4OD64D)]UK%{V.png
D:\一轮\hermes_带人物_带人脸\有用_K94E{2TA4D`]YYNCP3ZD]~7.jpg	D:\一轮\hermes_带人物_带人脸\有用_K94E{2TA4D`]YYNCP3ZD]~7.png
D:\一轮\hermes_带人物_带人脸\有用_K9HNJ{BM7F{W{L2O2}@(0_O_tmb (2024_11_13 09_19_52 UTC).bmp	D:\一轮\hermes_带人物_带人脸\有用_K9HNJ{BM7F{W{L2O2}@(0_O_tmb (2024_11_13 09_19_52 UTC).jpg
D:\一轮\hermes_带人物_带人脸\有用_K@{VLEFX83Q[1L)Y0SKG{D2_tmb (2024_11_13 09_19_52 UTC).png	D:\一轮\hermes_带人物_带人脸\有用_K@{VLEFX83Q[1L)Y0SKG{D2_tmb (2024_11_13 09_19_52 UTC).jpg
D:\一轮\hermes_带人物_带人脸\有用_KL2~{Q24CE9F)C18IX37)%5.jpg	D:\一轮\hermes_带人物_带人脸\有用_KL2~{Q24CE9F)C18IX37)%5.png
D:\一轮\hermes_带人物_带人脸\有用_KO@Y09Y64PQIE%FVSUF{0S5_tmb (2024_11_13 09_19_52 UTC).bmp	D:\一轮\hermes_带人物_带人脸\有用_KO@Y09Y64PQIE%FVSUF{0S5_tmb (2024_11_13 09_19_52 UTC).jpg
D:\一轮\hermes_带人物_带人脸\有用_KRY4L3KD0OR@M[$%66Z9IKG_tmb (2024_11_13 09_19_52 UTC).JPG	D:\一轮\hermes_带人物_带人脸\有用_KRY4L3KD0OR@M[$%66Z9IKG_tmb (2024_11_13 09_19_52 UTC).png
D:\一轮\hermes_带人物_带人脸\有用_LH)W5]I`O)MNJ5$[7U(%]HE.jpg	D:\一轮\hermes_带人物_带人脸\有用_LH)W5]I`O)MNJ5$[7U(%]HE.png
D:\一轮\hermes_带人物_带人脸\有用_L{}1_0}EOBZ10U$ZR%ST1JG.jpg	D:\一轮\hermes_带人物_带人脸\有用_L{}1_0}EOBZ10U$ZR%ST1JG.png
D:\一轮\hermes_带人物_带人脸\有用_M6RL}%0Q6{F0HEGS{@)]TBP_tmb (2024_11_13 09_19_52 UTC).PNG	D:\一轮\hermes_带人物_带人脸\有用_M6RL}%0Q6{F0HEGS{@)]TBP_tmb (2024_11_13 09_19_52 UTC).jpg
D:\一轮\hermes_带人物_带人脸\有用_MDBMQM42]1EOQSFG}A{`BR3_tmb (2024_11_13 09_19_52 UTC).PNG	D:\一轮\hermes_带人物_带人脸\有用_MDBMQM42]1EOQSFG}A{`BR3_tmb (2024_11_13 09_19_52 UTC).jpg
D:\一轮\hermes_带人物_带人脸\有用_MD{{L)LZ14U]U1R]0}8WC[K_tmb (2024_11_13 09_19_52 UTC).bmp	D:\一轮\hermes_带人物_带人脸\有用_MD{{L)LZ14U]U1R]0}8WC[K_tmb (2024_11_13 09_19_52 UTC).jpg
D:\一轮\hermes_带人物_带人脸\有用_MF@9(5)TK{}P]YPKH~L$2GB_tmb (2024_11_13 09_19_52 UTC).PNG	D:\一轮\hermes_带人物_带人脸\有用_MF@9(5)TK{}P]YPKH~L$2GB_tmb (2024_11_13 09_19_52 UTC).jpg
D:\一轮\hermes_带人物_带人脸\有用_MGKM1Q]B8ZGI$[Y}W2{%Z6E_tmb (2024_11_13 09_19_52 UTC).bmp	D:\一轮\hermes_带人物_带人脸\有用_MGKM1Q]B8ZGI$[Y}W2{%Z6E_tmb (2024_11_13 09_19_52 UTC).jpg
D:\一轮\hermes_带人物_带人脸\有用_MS0S{D5KLQ{8%[Y485M5]YE_tmb (2024_11_13 09_19_52 UTC).bmp	D:\一轮\hermes_带人物_带人脸\有用_MS0S{D5KLQ{8%[Y485M5]YE_tmb (2024_11_13 09_19_52 UTC).jpg
D:\一轮\hermes_带人物_带人脸\有用_M_X{LIIQ6{TZ5$9((GF11~C.jpg	D:\一轮\hermes_带人物_带人脸\有用_M_X{LIIQ6{TZ5$9((GF11~C.png
D:\一轮\hermes_带人物_带人脸\有用_M{FSE_(ZXIEUS@{UG)V(2VI.JPG	D:\一轮\hermes_带人物_带人脸\有用_M{FSE_(ZXIEUS@{UG)V(2VI.png
D:\一轮\hermes_带人物_带人脸\有用_M{H[(_K5`AXAUPLJHSHFIII (2024_11_13 09_19_52 UTC).bmp	D:\一轮\hermes_带人物_带人脸\有用_M{H[(_K5`AXAUPLJHSHFIII (2024_11_13 09_19_52 UTC).jpg
D:\一轮\hermes_带人物_带人脸\有用_M}~{}_XGP8M{TV4)U7H~MF5_tmb (2024_11_13 09_19_52 UTC).bmp	D:\一轮\hermes_带人物_带人脸\有用_M}~{}_XGP8M{TV4)U7H~MF5_tmb (2024_11_13 09_19_52 UTC).jpg
D:\一轮\hermes_带人物_带人脸\有用_N0)Q0V31{CS$5C`4B)HIM]M_tmb (2024_11_13 09_19_52 UTC).bmp	D:\一轮\hermes_带人物_带人脸\有用_N0)Q0V31{CS$5C`4B)HIM]M_tmb (2024_11_13 09_19_52 UTC).jpg
D:\一轮\hermes_带人物_带人脸\有用_N55D]6$H`7OFO82725{8MW5_tmb (2024_11_13 09_19_52 UTC).bmp	D:\一轮\hermes_带人物_带人脸\有用_N55D]6$H`7OFO82725{8MW5_tmb (2024_11_13 09_19_52 UTC).jpg
D:\一轮\hermes_带人物_带人脸\有用_NB(EESK[FW$7%JQVG8R@2TY.jpg	D:\一轮\hermes_带人物_带人脸\有用_NB(EESK[FW$7%JQVG8R@2TY.png
D:\一轮\hermes_带人物_带人脸\有用_NN0RX)SEQAQ]8`{3Q}PI7HM.jpg	D:\一轮\hermes_带人物_带人脸\有用_NN0RX)SEQAQ]8`{3Q}PI7HM.png
D:\一轮\hermes_带人物_带人脸\有用_O){7AG2{{HCYKV466S{~`1M.jpg	D:\一轮\hermes_带人物_带人脸\有用_O){7AG2{{HCYKV466S{~`1M.png
D:\一轮\hermes_带人物_带人脸\有用_O7BTS%]$NX{KEAJ~`OR~BSY.jpg	D:\一轮\hermes_带人物_带人脸\有用_O7BTS%]$NX{KEAJ~`OR~BSY.png
D:\一轮\hermes_带人物_带人脸\有用_OQM9N}RQAR{F3T]CKTJZ(]L_tmb (2024_11_13 09_19_52 UTC).bmp	D:\一轮\hermes_带人物_带人脸\有用_OQM9N}RQAR{F3T]CKTJZ(]L_tmb (2024_11_13 09_19_52 UTC).jpg
D:\一轮\hermes_带人物_带人脸\有用_OSE_97L808{@6S7~A@HMNTR.jpg	D:\一轮\hermes_带人物_带人脸\有用_OSE_97L808{@6S7~A@HMNTR.png
D:\一轮\hermes_带人物_带人脸\有用_OU87(A%6LN6T@HH7%(@M3~3.jpg	D:\一轮\hermes_带人物_带人脸\有用_OU87(A%6LN6T@HH7%(@M3~3.png
D:\一轮\hermes_带人物_带人脸\有用_OXW~{@N04)3GJIPOI8P~$9H_tmb (2024_11_13 09_19_52 UTC).bmp	D:\一轮\hermes_带人物_带人脸\有用_OXW~{@N04)3GJIPOI8P~$9H_tmb (2024_11_13 09_19_52 UTC).jpg
D:\一轮\hermes_带人物_带人脸\有用_OZ$GY}U0Q(X{%$$MT@BZ20T.jpg	D:\一轮\hermes_带人物_带人脸\有用_OZ$GY}U0Q(X{%$$MT@BZ20T.png
D:\一轮\hermes_带人物_带人脸\有用_O~RA]NI1YC67EXA9A{7_VTK_tmb (2024_11_13 09_19_52 UTC).png	D:\一轮\hermes_带人物_带人脸\有用_O~RA]NI1YC67EXA9A{7_VTK_tmb (2024_11_13 09_19_52 UTC).jpg
D:\一轮\hermes_带人物_带人脸\有用_P%5{9Y95M(]23K]01TB@FCL_tmb (2024_11_13 09_19_52 UTC).bmp	D:\一轮\hermes_带人物_带人脸\有用_P%5{9Y95M(]23K]01TB@FCL_tmb (2024_11_13 09_19_52 UTC).jpg
D:\一轮\hermes_带人物_带人脸\有用_P7[T$}8BAXS9S48{{[LH)]V.jpg	D:\一轮\hermes_带人物_带人脸\有用_P7[T$}8BAXS9S48{{[LH)]V.png
D:\一轮\hermes_带人物_带人脸\有用_P7{RY3YS3512G_3BQ85XU70_tmb (2024_11_13 09_19_52 UTC).bmp	D:\一轮\hermes_带人物_带人脸\有用_P7{RY3YS3512G_3BQ85XU70_tmb (2024_11_13 09_19_52 UTC).jpg
D:\一轮\hermes_带人物_带人脸\有用_PE1FKILRK}(_~L6[{B$9F2I.jpg	D:\一轮\hermes_带人物_带人脸\有用_PE1FKILRK}(_~L6[{B$9F2I.png
D:\一轮\hermes_带人物_带人脸\有用_PIH[KVRSI[{DYQFJ_LO3JXB.jpg	D:\一轮\hermes_带人物_带人脸\有用_PIH[KVRSI[{DYQFJ_LO3JXB.png
D:\一轮\hermes_带人物_带人脸\有用_PKECLTHMS`B3]7F1(%O49{O.JPG	D:\一轮\hermes_带人物_带人脸\有用_PKECLTHMS`B3]7F1(%O49{O.png
D:\一轮\hermes_带人物_带人脸\有用_PNB_SU@[PF]20O5LK%)19{O_tmb (2024_11_13 09_19_52 UTC).bmp	D:\一轮\hermes_带人物_带人脸\有用_PNB_SU@[PF]20O5LK%)19{O_tmb (2024_11_13 09_19_52 UTC).jpg
D:\一轮\hermes_带人物_带人脸\有用_PQJIKAAUM(]OYM(6{`0_DRK.jpg	D:\一轮\hermes_带人物_带人脸\有用_PQJIKAAUM(]OYM(6{`0_DRK.png
D:\一轮\hermes_带人物_带人脸\有用_PS0VH(5]20J@9N@{1YITOLV.jpg	D:\一轮\hermes_带人物_带人脸\有用_PS0VH(5]20J@9N@{1YITOLV.png
D:\一轮\hermes_带人物_带人脸\有用_PUM0JFIFEH82`O%IMC@H`[H.jpg	D:\一轮\hermes_带人物_带人脸\有用_PUM0JFIFEH82`O%IMC@H`[H.png
D:\一轮\hermes_带人物_带人脸\有用_PVR%UHT~6GAFUGBD{MI@(5H.jpg	D:\一轮\hermes_带人物_带人脸\有用_PVR%UHT~6GAFUGBD{MI@(5H.png
D:\一轮\hermes_带人物_带人脸\有用_PXIK%KPVHBL$ID1LYKWC~OD.jpg	D:\一轮\hermes_带人物_带人脸\有用_PXIK%KPVHBL$ID1LYKWC~OD.png
D:\一轮\hermes_带人物_带人脸\有用_PYFE{MZPS65~3[(4_PHI]YO.jpg	D:\一轮\hermes_带人物_带人脸\有用_PYFE{MZPS65~3[(4_PHI]YO.png
D:\一轮\hermes_带人物_带人脸\有用_P__{$K2JGB_`JP}}2$7ZFH5 (2024_11_13 09_19_52 UTC).png	D:\一轮\hermes_带人物_带人脸\有用_P__{$K2JGB_`JP}}2$7ZFH5 (2024_11_13 09_19_52 UTC).jpg
D:\一轮\hermes_带人物_带人脸\有用_P~7V_S]3{MS(]WR5~[ERLZO_tmb (2024_11_13 09_19_52 UTC).jpg	D:\一轮\hermes_带人物_带人脸\有用_P~7V_S]3{MS(]WR5~[ERLZO_tmb (2024_11_13 09_19_52 UTC).png
D:\一轮\hermes_带人物_带人脸\有用_Q(9D4N6425PUIIQ@0$D{ANQ.jpg	D:\一轮\hermes_带人物_带人脸\有用_Q(9D4N6425PUIIQ@0$D{ANQ.png
D:\一轮\hermes_带人物_带人脸\有用_Q1{LW9%6EX1WR8JR(0)UTXT_tmb (2024_11_13 09_19_52 UTC).bmp	D:\一轮\hermes_带人物_带人脸\有用_Q1{LW9%6EX1WR8JR(0)UTXT_tmb (2024_11_13 09_19_52 UTC).jpg
D:\一轮\hermes_带人物_带人脸\有用_QA%2VZ]O(F(K()RGL%H%[V3.jpg	D:\一轮\hermes_带人物_带人脸\有用_QA%2VZ]O(F(K()RGL%H%[V3.png
D:\一轮\hermes_带人物_带人脸\有用_QB`0Z89${X(%FL@(2J1ESRA_tmb (2024_11_13 09_19_52 UTC).bmp	D:\一轮\hermes_带人物_带人脸\有用_QB`0Z89${X(%FL@(2J1ESRA_tmb (2024_11_13 09_19_52 UTC).jpg
D:\一轮\hermes_带人物_带人脸\有用_QDDUFJB4~){(JXH`AM7XE(O_tmb (2024_11_13 09_19_52 UTC).bmp	D:\一轮\hermes_带人物_带人脸\有用_QDDUFJB4~){(JXH`AM7XE(O_tmb (2024_11_13 09_19_52 UTC).jpg
D:\一轮\hermes_带人物_带人脸\有用_Q{2U4{PM%]3%REFUSV%S8R0_tmb (2024_11_13 09_19_52 UTC).bmp	D:\一轮\hermes_带人物_带人脸\有用_Q{2U4{PM%]3%REFUSV%S8R0_tmb (2024_11_13 09_19_52 UTC).jpg
D:\一轮\hermes_带人物_带人脸\有用_R)F8PW(_WQ)1{50ES47BAX8.jpg	D:\一轮\hermes_带人物_带人脸\有用_R)F8PW(_WQ)1{50ES47BAX8.webp
D:\一轮\hermes_带人物_带人脸\有用_R7%{MG(8(R6@P8ACTLTLFDS_tmb (2024_11_13 09_19_52 UTC).png	D:\一轮\hermes_带人物_带人脸\有用_R7%{MG(8(R6@P8ACTLTLFDS_tmb (2024_11_13 09_19_52 UTC).jpg
D:\一轮\hermes_带人物_带人脸\有用_RMFDVCY@Q)83ZMX%2MPMH]8.jpg	D:\一轮\hermes_带人物_带人脸\有用_RMFDVCY@Q)83ZMX%2MPMH]8.png
D:\一轮\hermes_带人物_带人脸\有用_R[B[K{T$JPDRW{[YY0I}CS9.jpg	D:\一轮\hermes_带人物_带人脸\有用_R[B[K{T$JPDRW{[YY0I}CS9.png
D:\一轮\hermes_带人物_带人脸\有用_R}X9X40VW3N5TDP1`Y{QH(Y.jpg	D:\一轮\hermes_带人物_带人脸\有用_R}X9X40VW3N5TDP1`Y{QH(Y.png
D:\一轮\hermes_带人物_带人脸\有用_S0{RIQRE7G206ZD[3OZACPG.jpg	D:\一轮\hermes_带人物_带人脸\有用_S0{RIQRE7G206ZD[3OZACPG.png
D:\一轮\hermes_带人物_带人脸\有用_SBZZGC{89@ZZE`F[~T2VAZF_tmb (2024_11_13 09_19_52 UTC).PNG	D:\一轮\hermes_带人物_带人脸\有用_SBZZGC{89@ZZE`F[~T2VAZF_tmb (2024_11_13 09_19_52 UTC).jpg
D:\一轮\hermes_带人物_带人脸\有用_SI$~L(5~${I8]_%KH}DZEPA_tmb (2024_11_13 09_19_52 UTC).bmp	D:\一轮\hermes_带人物_带人脸\有用_SI$~L(5~${I8]_%KH}DZEPA_tmb (2024_11_13 09_19_52 UTC).jpg
D:\一轮\hermes_带人物_带人脸\有用_SJ}EJ6PJ_9U1([{L{P211RO.JPG	D:\一轮\hermes_带人物_带人脸\有用_SJ}EJ6PJ_9U1([{L{P211RO.png
D:\一轮\hermes_带人物_带人脸\有用_SKPL{FMRR`H]XT6_8%Q]Q{T.jpg	D:\一轮\hermes_带人物_带人脸\有用_SKPL{FMRR`H]XT6_8%Q]Q{T.png
D:\一轮\hermes_带人物_带人脸\有用_SN$3~Z3E%SE[CJ_P59{F4}M.jpg	D:\一轮\hermes_带人物_带人脸\有用_SN$3~Z3E%SE[CJ_P59{F4}M.png
D:\一轮\hermes_带人物_带人脸\有用_SP5KA]A2WHLB{UHY7K`[YFT_tmb (2024_11_13 09_19_52 UTC).png	D:\一轮\hermes_带人物_带人脸\有用_SP5KA]A2WHLB{UHY7K`[YFT_tmb (2024_11_13 09_19_52 UTC).jpg
D:\一轮\hermes_带人物_带人脸\有用_T%A$4Y283(M}GX{CKM}BN7V_tmb (2024_11_13 09_19_52 UTC).bmp	D:\一轮\hermes_带人物_带人脸\有用_T%A$4Y283(M}GX{CKM}BN7V_tmb (2024_11_13 09_19_52 UTC).jpg
D:\一轮\hermes_带人物_带人脸\有用_T4A%83IV5FNKA)}9RA~]Y`9.jpg	D:\一轮\hermes_带人物_带人脸\有用_T4A%83IV5FNKA)}9RA~]Y`9.png
D:\一轮\hermes_带人物_带人脸\有用_TCC%2462$(3}9C}}21O]3SK.jpg	D:\一轮\hermes_带人物_带人脸\有用_TCC%2462$(3}9C}}21O]3SK.png
D:\一轮\hermes_带人物_带人脸\有用_TDDZ{IRT9JDB~$TQ[X]MUIQ_tmb (2024_11_13 09_19_52 UTC).bmp	D:\一轮\hermes_带人物_带人脸\有用_TDDZ{IRT9JDB~$TQ[X]MUIQ_tmb (2024_11_13 09_19_52 UTC).jpg
D:\一轮\hermes_带人物_带人脸\有用_TT$S~HXKUXQ)RJY{B{S3F[2_tmb (2024_11_13 09_19_52 UTC).bmp	D:\一轮\hermes_带人物_带人脸\有用_TT$S~HXKUXQ)RJY{B{S3F[2_tmb (2024_11_13 09_19_52 UTC).jpg
D:\一轮\hermes_带人物_带人脸\有用_U3C$6]2D[SOZC{ABXCIA_}W.jpg	D:\一轮\hermes_带人物_带人脸\有用_U3C$6]2D[SOZC{ABXCIA_}W.png
D:\一轮\hermes_带人物_带人脸\有用_U9R1D(LAR)EO{BW26`_(4$V_tmb (2024_11_13 09_19_52 UTC).jpg	D:\一轮\hermes_带人物_带人脸\有用_U9R1D(LAR)EO{BW26`_(4$V_tmb (2024_11_13 09_19_52 UTC).png
D:\一轮\hermes_带人物_带人脸\有用_UKRSX7V$_Q[DG[@URLDG}{F.png	D:\一轮\hermes_带人物_带人脸\有用_UKRSX7V$_Q[DG[@URLDG}{F.jpg
D:\一轮\hermes_带人物_带人脸\有用_US$X~NKF8VOA([G{P27)[)0_tmb (2024_11_13 09_19_52 UTC).png	D:\一轮\hermes_带人物_带人脸\有用_US$X~NKF8VOA([G{P27)[)0_tmb (2024_11_13 09_19_52 UTC).jpg
D:\一轮\hermes_带人物_带人脸\有用_UX7M}D(DLKT{47@~7C90P94_tmb (2024_11_13 09_19_52 UTC).bmp	D:\一轮\hermes_带人物_带人脸\有用_UX7M}D(DLKT{47@~7C90P94_tmb (2024_11_13 09_19_52 UTC).png
D:\一轮\hermes_带人物_带人脸\有用_UY[3{}E[WQUIG`RTUKI7NY6.jpg	D:\一轮\hermes_带人物_带人脸\有用_UY[3{}E[WQUIG`RTUKI7NY6.png
D:\一轮\hermes_带人物_带人脸\有用_V(4V4X}UD53@7`YR%W(8}A5.jpg	D:\一轮\hermes_带人物_带人脸\有用_V(4V4X}UD53@7`YR%W(8}A5.png
D:\一轮\hermes_带人物_带人脸\有用_V66$W%G4BHSR~B8TXUVDZA2.jpg	D:\一轮\hermes_带人物_带人脸\有用_V66$W%G4BHSR~B8TXUVDZA2.png
D:\一轮\hermes_带人物_带人脸\有用_V@I3ME1N8{K7Z6(TQUW%X47_tmb (2024_11_13 09_19_52 UTC).bmp	D:\一轮\hermes_带人物_带人脸\有用_V@I3ME1N8{K7Z6(TQUW%X47_tmb (2024_11_13 09_19_52 UTC).jpg
D:\一轮\hermes_带人物_带人脸\有用_VCB26$~@Z1)2V{$KH_RZ%M2_tmb (2024_11_13 09_19_52 UTC).bmp	D:\一轮\hermes_带人物_带人脸\有用_VCB26$~@Z1)2V{$KH_RZ%M2_tmb (2024_11_13 09_19_52 UTC).jpg
D:\一轮\hermes_带人物_带人脸\有用_VH8RFFB7C{2$BDZ8(@@TRAG_tmb (2024_11_13 09_19_52 UTC).bmp	D:\一轮\hermes_带人物_带人脸\有用_VH8RFFB7C{2$BDZ8(@@TRAG_tmb (2024_11_13 09_19_52 UTC).jpg
D:\一轮\hermes_带人物_带人脸\有用_VH(A3]UW0C~%@TCO8_)~VJB.jpg	D:\一轮\hermes_带人物_带人脸\有用_VH(A3]UW0C~%@TCO8_)~VJB.png
D:\一轮\hermes_带人物_带人脸\有用_V[)CG3MEL{D_@9AP2H}}AJV_tmb (2024_11_13 09_19_52 UTC).png	D:\一轮\hermes_带人物_带人脸\有用_V[)CG3MEL{D_@9AP2H}}AJV_tmb (2024_11_13 09_19_52 UTC).jpg
D:\一轮\hermes_带人物_带人脸\有用_W8$YDGSM%8YSML3BXM9GY65.jpg	D:\一轮\hermes_带人物_带人脸\有用_W8$YDGSM%8YSML3BXM9GY65.png
D:\一轮\hermes_带人物_带人脸\有用_W88C)F(UOVN6`{O1$9C4R96_tmb (2024_11_13 09_19_52 UTC).png	D:\一轮\hermes_带人物_带人脸\有用_W88C)F(UOVN6`{O1$9C4R96_tmb (2024_11_13 09_19_52 UTC).jpg
D:\一轮\hermes_带人物_带人脸\有用_W9WWP}HB{W8OORN64(V@A3E.jpg	D:\一轮\hermes_带人物_带人脸\有用_W9WWP}HB{W8OORN64(V@A3E.png
D:\一轮\hermes_带人物_带人脸\有用_WIHH%BM5L8V8){RRJDHJ}GC.jpg	D:\一轮\hermes_带人物_带人脸\有用_WIHH%BM5L8V8){RRJDHJ}GC.png
D:\一轮\hermes_带人物_带人脸\有用_WJQ76_5%2QDC6[B_XRXUGEK.jpg	D:\一轮\hermes_带人物_带人脸\有用_WJQ76_5%2QDC6[B_XRXUGEK.png
D:\一轮\hermes_带人物_带人脸\有用_WMOI04IBP%JQ)XD]97V@[BM.jpg	D:\一轮\hermes_带人物_带人脸\有用_WMOI04IBP%JQ)XD]97V@[BM.png
D:\一轮\hermes_带人物_带人脸\有用_WOSF4OH6[6%O`)1X5T6PF74.jpg	D:\一轮\hermes_带人物_带人脸\有用_WOSF4OH6[6%O`)1X5T6PF74.png
D:\一轮\hermes_带人物_带人脸\有用_WPVO5HA~J1PBY4Z%3ZDBPMC.JPG	D:\一轮\hermes_带人物_带人脸\有用_WPVO5HA~J1PBY4Z%3ZDBPMC.png
D:\一轮\hermes_带人物_带人脸\有用_WWGS4[EWG6{F%S5D0VWM~K3_tmb (2024_11_13 09_19_52 UTC).bmp	D:\一轮\hermes_带人物_带人脸\有用_WWGS4[EWG6{F%S5D0VWM~K3_tmb (2024_11_13 09_19_52 UTC).png
D:\一轮\hermes_带人物_带人脸\有用_W`P~S_HT]XA1Q)FD%211JLM.jpg	D:\一轮\hermes_带人物_带人脸\有用_W`P~S_HT]XA1Q)FD%211JLM.png
D:\一轮\hermes_带人物_带人脸\有用_W{US1%G{~37$MB}AK8YKXT5_tmb (2024_11_13 09_19_52 UTC).bmp	D:\一轮\hermes_带人物_带人脸\有用_W{US1%G{~37$MB}AK8YKXT5_tmb (2024_11_13 09_19_52 UTC).jpg
D:\一轮\hermes_带人物_带人脸\有用_W}I~X%ZTOH`R]07U$]R]979_tmb (2024_11_13 09_19_52 UTC).jpg	D:\一轮\hermes_带人物_带人脸\有用_W}I~X%ZTOH`R]07U$]R]979_tmb (2024_11_13 09_19_52 UTC).png
D:\一轮\hermes_带人物_带人脸\有用_X$YE8}C`{S~S@J330I$S(1L.JPG	D:\一轮\hermes_带人物_带人脸\有用_X$YE8}C`{S~S@J330I$S(1L.png
D:\一轮\hermes_带人物_带人脸\有用_X%M_$XMK`Z@UE0U`C2E3R4F.jpg	D:\一轮\hermes_带人物_带人脸\有用_X%M_$XMK`Z@UE0U`C2E3R4F.png
D:\一轮\hermes_带人物_带人脸\有用_XQC9W7)I$EGUC@3FXXEX%%8_tmb (2024_11_13 09_19_52 UTC).JPG	D:\一轮\hermes_带人物_带人脸\有用_XQC9W7)I$EGUC@3FXXEX%%8_tmb (2024_11_13 09_19_52 UTC).png
D:\一轮\hermes_带人物_带人脸\有用_XTJLOAU7%9HZ(NT%N2L7BSP.jpg	D:\一轮\hermes_带人物_带人脸\有用_XTJLOAU7%9HZ(NT%N2L7BSP.png
D:\一轮\hermes_带人物_带人脸\有用_Y0_@%B)B%T70@)WIK5WV%A2.jpg	D:\一轮\hermes_带人物_带人脸\有用_Y0_@%B)B%T70@)WIK5WV%A2.png
D:\一轮\hermes_带人物_带人脸\有用_Y2B4FEEX`BJ4PN{GAYD])Y7_tmb (2024_11_13 09_19_52 UTC).png	D:\一轮\hermes_带人物_带人脸\有用_Y2B4FEEX`BJ4PN{GAYD])Y7_tmb (2024_11_13 09_19_52 UTC).jpg
D:\一轮\hermes_带人物_带人脸\有用_Y54JUM4ZGH0{}$6KPLKF(QH.jpg	D:\一轮\hermes_带人物_带人脸\有用_Y54JUM4ZGH0{}$6KPLKF(QH.png
D:\一轮\hermes_带人物_带人脸\有用_YR}608PBM2W3H{%[RI7BCYH.jpg	D:\一轮\hermes_带人物_带人脸\有用_YR}608PBM2W3H{%[RI7BCYH.png
D:\一轮\hermes_带人物_带人脸\有用_YUW~{K9}U8IPAO4~13J59K2.jpg	D:\一轮\hermes_带人物_带人脸\有用_YUW~{K9}U8IPAO4~13J59K2.png
D:\一轮\hermes_带人物_带人脸\有用_Z(CLZ}WNQZKS]D~_M)M{4`N.jpg	D:\一轮\hermes_带人物_带人脸\有用_Z(CLZ}WNQZKS]D~_M)M{4`N.png
D:\一轮\hermes_带人物_带人脸\有用_Z(OW_MTZ$[AWV}RI07%}NB2.jpg	D:\一轮\hermes_带人物_带人脸\有用_Z(OW_MTZ$[AWV}RI07%}NB2.png
D:\一轮\hermes_带人物_带人脸\有用_ZL@M)S(ADRWRBCFZUQ))9{K_tmb (2024_11_13 09_19_52 UTC).png	D:\一轮\hermes_带人物_带人脸\有用_ZL@M)S(ADRWRBCFZUQ))9{K_tmb (2024_11_13 09_19_52 UTC).jpg
D:\一轮\hermes_带人物_带人脸\有用_ZLFX]%6HR2HH3I6QVD$_ZQG.jpg	D:\一轮\hermes_带人物_带人脸\有用_ZLFX]%6HR2HH3I6QVD$_ZQG.png
D:\一轮\hermes_带人物_带人脸\有用_ZMVOVEZD3RH9ZNG7`N{ICN3_tmb (2024_11_13 09_19_52 UTC).bmp	D:\一轮\hermes_带人物_带人脸\有用_ZMVOVEZD3RH9ZNG7`N{ICN3_tmb (2024_11_13 09_19_52 UTC).png
D:\一轮\hermes_带人物_带人脸\有用_ZOR@[$L%PL$479$NB{FZ744_tmb (2024_11_13 09_19_52 UTC).bmp	D:\一轮\hermes_带人物_带人脸\有用_ZOR@[$L%PL$479$NB{FZ744_tmb (2024_11_13 09_19_52 UTC).jpg
D:\一轮\hermes_带人物_带人脸\有用_ZQS@XCWTHROL(EZI$%9C6(4_tmb (2024_11_13 09_19_52 UTC).jpg	D:\一轮\hermes_带人物_带人脸\有用_ZQS@XCWTHROL(EZI$%9C6(4_tmb (2024_11_13 09_19_52 UTC).png
D:\一轮\hermes_带人物_带人脸\有用_[%H_6$Y8TAYLFA7`(Y3X_FS.jpg	D:\一轮\hermes_带人物_带人脸\有用_[%H_6$Y8TAYLFA7`(Y3X_FS.png
D:\一轮\hermes_带人物_带人脸\有用_[%O7B1O}5XL1SBT0$4X_WBN.jpg	D:\一轮\hermes_带人物_带人脸\有用_[%O7B1O}5XL1SBT0$4X_WBN.png
D:\一轮\hermes_带人物_带人脸\有用_[CPHC%BRS({U3I9(Y{6DSXA_tmb (2024_11_13 09_19_52 UTC).bmp	D:\一轮\hermes_带人物_带人脸\有用_[CPHC%BRS({U3I9(Y{6DSXA_tmb (2024_11_13 09_19_52 UTC).jpg
D:\一轮\hermes_带人物_带人脸\有用_[E479VY2TN5$CEV{%A}0PCK.jpg	D:\一轮\hermes_带人物_带人脸\有用_[E479VY2TN5$CEV{%A}0PCK.png
D:\一轮\hermes_带人物_带人脸\有用_[GKN9NPR]A]MGS[0`NU{3$J_tmb (2024_11_13 09_19_52 UTC).png	D:\一轮\hermes_带人物_带人脸\有用_[GKN9NPR]A]MGS[0`NU{3$J_tmb (2024_11_13 09_19_52 UTC).jpg
D:\一轮\hermes_带人物_带人脸\有用_[O(E]V}6_3[5[TR()HJN{%A_tmb (2024_11_13 09_19_52 UTC).png	D:\一轮\hermes_带人物_带人脸\有用_[O(E]V}6_3[5[TR()HJN{%A_tmb (2024_11_13 09_19_52 UTC).jpg
D:\一轮\hermes_带人物_带人脸\有用_[V8C)6`[42I%MWJQB(G)%QS.jpg	D:\一轮\hermes_带人物_带人脸\有用_[V8C)6`[42I%MWJQB(G)%QS.png
D:\一轮\hermes_带人物_带人脸\有用_[W[1%]$F5X]RTSD($]2Q`TC.jpg	D:\一轮\hermes_带人物_带人脸\有用_[W[1%]$F5X]RTSD($]2Q`TC.png
D:\一轮\hermes_带人物_带人脸\有用_[W}8HYS{WS8_{0DW_%]1UOK_tmb (2024_11_13 09_19_52 UTC).PNG	D:\一轮\hermes_带人物_带人脸\有用_[W}8HYS{WS8_{0DW_%]1UOK_tmb (2024_11_13 09_19_52 UTC).jpg
D:\一轮\hermes_带人物_带人脸\有用_[YJBEIOG6N6A{5_EXU{}TRX_tmb (2024_11_13 09_19_52 UTC).png	D:\一轮\hermes_带人物_带人脸\有用_[YJBEIOG6N6A{5_EXU{}TRX_tmb (2024_11_13 09_19_52 UTC).jpg
D:\一轮\hermes_带人物_带人脸\有用_[}1QOVY575C)3AS%}0ZW}`C.jpg	D:\一轮\hermes_带人物_带人脸\有用_[}1QOVY575C)3AS%}0ZW}`C.png
D:\一轮\hermes_带人物_带人脸\有用_[~S]DT{Y[%9FQBA]2}8EZTB_tmb (2024_11_13 09_19_52 UTC).png	D:\一轮\hermes_带人物_带人脸\有用_[~S]DT{Y[%9FQBA]2}8EZTB_tmb (2024_11_13 09_19_52 UTC).jpg
D:\一轮\hermes_带人物_带人脸\有用_]%N1B{WB14298IZU`M9}UJR_tmb (2024_11_13 09_19_52 UTC).bmp	D:\一轮\hermes_带人物_带人脸\有用_]%N1B{WB14298IZU`M9}UJR_tmb (2024_11_13 09_19_52 UTC).jpg
D:\一轮\hermes_带人物_带人脸\有用_]CG]IFQ}{2~J8X`5_1`L2QF_tmb (2024_11_13 09_19_52 UTC).bmp	D:\一轮\hermes_带人物_带人脸\有用_]CG]IFQ}{2~J8X`5_1`L2QF_tmb (2024_11_13 09_19_52 UTC).jpg
D:\一轮\hermes_带人物_带人脸\有用_]E0{G4~{`_ZRG0A9O]6`@WW (2024_11_13 09_19_52 UTC).bmp	D:\一轮\hermes_带人物_带人脸\有用_]E0{G4~{`_ZRG0A9O]6`@WW (2024_11_13 09_19_52 UTC).jpg
D:\一轮\hermes_带人物_带人脸\有用_]F2A%{OV2O%694}}NI{1Z3O.jpg	D:\一轮\hermes_带人物_带人脸\有用_]F2A%{OV2O%694}}NI{1Z3O.png
D:\一轮\hermes_带人物_带人脸\有用_]HSJ`(U@{1()XYTWEV{CL[D.jpg	D:\一轮\hermes_带人物_带人脸\有用_]HSJ`(U@{1()XYTWEV{CL[D.png
D:\一轮\hermes_带人物_带人脸\有用_]J%%JDZ()$_ZH})6$CPF8NG.jpg	D:\一轮\hermes_带人物_带人脸\有用_]J%%JDZ()$_ZH})6$CPF8NG.png
D:\一轮\hermes_带人物_带人脸\有用_]QJ[2}CVGWVR4CD%}0({IK6_tmb (2024_11_13 09_19_52 UTC).bmp	D:\一轮\hermes_带人物_带人脸\有用_]QJ[2}CVGWVR4CD%}0({IK6_tmb (2024_11_13 09_19_52 UTC).jpg
D:\一轮\hermes_带人物_带人脸\有用_]QED%6_OPYNC}26`1T$%Q)W_tmb (2024_11_13 09_19_52 UTC).jpg	D:\一轮\hermes_带人物_带人脸\有用_]QED%6_OPYNC}26`1T$%Q)W_tmb (2024_11_13 09_19_52 UTC).png
D:\一轮\hermes_带人物_带人脸\有用_]S@{4T6D]5_PPM_IF4Y6028_tmb (2024_11_13 09_19_52 UTC).bmp	D:\一轮\hermes_带人物_带人脸\有用_]S@{4T6D]5_PPM_IF4Y6028_tmb (2024_11_13 09_19_52 UTC).jpg
D:\一轮\hermes_带人物_带人脸\有用_]SA{1~8J9{%EUJ$OTKAEW@4_tmb (2024_11_13 09_19_52 UTC).png	D:\一轮\hermes_带人物_带人脸\有用_]SA{1~8J9{%EUJ$OTKAEW@4_tmb (2024_11_13 09_19_52 UTC).jpg
D:\一轮\hermes_带人物_带人脸\有用_]SI$QJ$X{3DM3V63O9_%~CA.jpg	D:\一轮\hermes_带人物_带人脸\有用_]SI$QJ$X{3DM3V63O9_%~CA.png
D:\一轮\hermes_带人物_带人脸\有用_]S{}~BB9LMZ$B}(W@E~$2`O_tmb (2024_11_13 09_19_52 UTC).PNG	D:\一轮\hermes_带人物_带人脸\有用_]S{}~BB9LMZ$B}(W@E~$2`O_tmb (2024_11_13 09_19_52 UTC).jpg
D:\一轮\hermes_带人物_带人脸\有用__31IIG]G{9)9TF[T3(83CVK_tmb (2024_11_13 09_19_52 UTC).png	D:\一轮\hermes_带人物_带人脸\有用__31IIG]G{9)9TF[T3(83CVK_tmb (2024_11_13 09_19_52 UTC).jpg
D:\一轮\hermes_带人物_带人脸\有用__CV7PAV01L%W4}@FGR66F)L.jpg	D:\一轮\hermes_带人物_带人脸\有用__CV7PAV01L%W4}@FGR66F)L.png
D:\一轮\hermes_带人物_带人脸\有用__XI`EL)VQ{YN8F)_X636~AL.jpg	D:\一轮\hermes_带人物_带人脸\有用__XI`EL)VQ{YN8F)_X636~AL.png
D:\一轮\hermes_带人物_带人脸\有用__}F@](}%LU]}}R~{DAHS2B2_tmb (2024_11_13 09_19_52 UTC).bmp	D:\一轮\hermes_带人物_带人脸\有用__}F@](}%LU]}}R~{DAHS2B2_tmb (2024_11_13 09_19_52 UTC).jpg
D:\一轮\hermes_带人物_带人脸\有用_`$MPQ@KTFY{9]HEP8YJ`BSQ_tmb (2024_11_13 09_19_52 UTC).bmp	D:\一轮\hermes_带人物_带人脸\有用_`$MPQ@KTFY{9]HEP8YJ`BSQ_tmb (2024_11_13 09_19_52 UTC).jpg
D:\一轮\hermes_带人物_带人脸\有用_`C}WZ%)AN1S)WKDL)55}@PW.jpg	D:\一轮\hermes_带人物_带人脸\有用_`C}WZ%)AN1S)WKDL)55}@PW.png
D:\一轮\hermes_带人物_带人脸\有用_{%5Z166ZJS7NBW4)J`]2B[0_tmb (2024_11_13 09_19_52 UTC).bmp	D:\一轮\hermes_带人物_带人脸\有用_{%5Z166ZJS7NBW4)J`]2B[0_tmb (2024_11_13 09_19_52 UTC).jpg
D:\一轮\hermes_带人物_带人脸\有用_{FP]C0]{_W3~B4W7AV8PDMI.jpg	D:\一轮\hermes_带人物_带人脸\有用_{FP]C0]{_W3~B4W7AV8PDMI.png
D:\一轮\hermes_带人物_带人脸\有用_{IIIOCRU5FB3TLAXRHVQ32Y.jpg	D:\一轮\hermes_带人物_带人脸\有用_{IIIOCRU5FB3TLAXRHVQ32Y.png
D:\一轮\hermes_带人物_带人脸\有用_{JQEUUL[_ROQF2]`ZS@$](G.JPG	D:\一轮\hermes_带人物_带人脸\有用_{JQEUUL[_ROQF2]`ZS@$](G.png
D:\一轮\hermes_带人物_带人脸\有用_{NET_B2@W(3O50L(0EMW7ET_tmb (2024_11_13 09_19_52 UTC).bmp	D:\一轮\hermes_带人物_带人脸\有用_{NET_B2@W(3O50L(0EMW7ET_tmb (2024_11_13 09_19_52 UTC).jpg
D:\一轮\hermes_带人物_带人脸\有用_{SX8{%[M9M7UDF47)(2ER38.jpg	D:\一轮\hermes_带人物_带人脸\有用_{SX8{%[M9M7UDF47)(2ER38.png
D:\一轮\hermes_带人物_带人脸\有用_{ZCK74KNXTWV[A`R0VI]_{N.jpg	D:\一轮\hermes_带人物_带人脸\有用_{ZCK74KNXTWV[A`R0VI]_{N.png
D:\一轮\hermes_带人物_带人脸\有用_{`04FKJBM`80]HR[FU(7R7L_tmb (2024_11_13 09_19_52 UTC).bmp	D:\一轮\hermes_带人物_带人脸\有用_{`04FKJBM`80]HR[FU(7R7L_tmb (2024_11_13 09_19_52 UTC).jpg
D:\一轮\hermes_带人物_带人脸\有用_{{%~`N%X~{%NH(EFT0K5`1P.jpg	D:\一轮\hermes_带人物_带人脸\有用_{{%~`N%X~{%NH(EFT0K5`1P.png
D:\一轮\hermes_带人物_带人脸\有用_}15{Q%NXO@8F0F{8L_`}H2N_tmb (2024_11_13 09_19_52 UTC).bmp	D:\一轮\hermes_带人物_带人脸\有用_}15{Q%NXO@8F0F{8L_`}H2N_tmb (2024_11_13 09_19_52 UTC).jpg
D:\一轮\hermes_带人物_带人脸\有用_}83OXQ`PC%(UM5D4`3_(G_H.jpg	D:\一轮\hermes_带人物_带人脸\有用_}83OXQ`PC%(UM5D4`3_(G_H.png
D:\一轮\hermes_带人物_带人脸\有用_}JN0)WAT77ZEY6[NO{@]MDL.jpg	D:\一轮\hermes_带人物_带人脸\有用_}JN0)WAT77ZEY6[NO{@]MDL.png
D:\一轮\hermes_带人物_带人脸\有用_~X])K%GIDT]ACN4P43AE7]M_tmb (2024_11_13 09_19_52 UTC).bmp	D:\一轮\hermes_带人物_带人脸\有用_~X])K%GIDT]ACN4P43AE7]M_tmb (2024_11_13 09_19_52 UTC).png
D:\一轮\hermes_带人物_带人脸\有用_~_TZ49R7N{B~8{{[UJYXEMO.jpg	D:\一轮\hermes_带人物_带人脸\有用_~_TZ49R7N{B~8{{[UJYXEMO.png
D:\一轮\hermes_无人物\Hermes-base__图片_有用_112}MR_KV8SY_%Q5C)~}WNM_tmb (2024_11_13 09_19_52 UTC).jpg	D:\一轮\hermes_无人物\Hermes-base__图片_有用_112}MR_KV8SY_%Q5C)~}WNM_tmb (2024_11_13 09_19_52 UTC).gif
D:\一轮\hermes_无人物\Hermes-base__图片_有用_134}6)IOCEKB}ZP{5Y2R4HA.jpg	D:\一轮\hermes_无人物\Hermes-base__图片_有用_134}6)IOCEKB}ZP{5Y2R4HA.png
D:\一轮\hermes_无人物\Hermes-base__图片_有用_1AYK4G5~Q73(GD]L3`WM({L.jpg	D:\一轮\hermes_无人物\Hermes-base__图片_有用_1AYK4G5~Q73(GD]L3`WM({L.png
D:\一轮\hermes_无人物\Hermes-base__图片_有用_1CAR`KIAM(8%BI0D3E_T%EY.JPG	D:\一轮\hermes_无人物\Hermes-base__图片_有用_1CAR`KIAM(8%BI0D3E_T%EY.png
D:\一轮\hermes_无人物\Hermes-base__图片_有用_1GL(0P42%NM5)AD8S7XO6PU.jpg	D:\一轮\hermes_无人物\Hermes-base__图片_有用_1GL(0P42%NM5)AD8S7XO6PU.png
D:\一轮\hermes_无人物\Hermes-base__图片_有用_1X7ZU7ZPEOCDKIE{GXID7UT.jpg	D:\一轮\hermes_无人物\Hermes-base__图片_有用_1X7ZU7ZPEOCDKIE{GXID7UT.png
D:\一轮\hermes_无人物\Hermes-base__图片_有用_1YHY(1K_YMZCU0ILM%06D9K.jpg	D:\一轮\hermes_无人物\Hermes-base__图片_有用_1YHY(1K_YMZCU0ILM%06D9K.png
D:\一轮\hermes_无人物\Hermes-base__图片_有用_9[9V9K~}8]`_HL(F%]JO2BK.jpg	D:\一轮\hermes_无人物\Hermes-base__图片_有用_9[9V9K~}8]`_HL(F%]JO2BK.png
D:\一轮\hermes_无人物\Hermes-base__图片_有用_@8H2018GSPHFRT%K5DPGKA6.jpg	D:\一轮\hermes_无人物\Hermes-base__图片_有用_@8H2018GSPHFRT%K5DPGKA6.png
D:\一轮\hermes_无人物\Hermes-base__图片_有用_A%6H}$F]P{VD1R%4B3J(KFQ.jpg	D:\一轮\hermes_无人物\Hermes-base__图片_有用_A%6H}$F]P{VD1R%4B3J(KFQ.png
D:\一轮\hermes_无人物\Hermes-base__图片_有用_A(I}R6CI(~~0S_7P{O8C90M.jpg	D:\一轮\hermes_无人物\Hermes-base__图片_有用_A(I}R6CI(~~0S_7P{O8C90M.png
D:\一轮\hermes_无人物\Hermes-base__图片_有用_ASD4CU{)6PBA_CAAD9{NX)D.jpg	D:\一轮\hermes_无人物\Hermes-base__图片_有用_ASD4CU{)6PBA_CAAD9{NX)D.png
D:\一轮\hermes_无人物\Hermes-base__图片_有用_C{Q3O2W_X}8~{CPQ7]~~CUH_tmb (2024_11_13 09_19_52 UTC).bmp	D:\一轮\hermes_无人物\Hermes-base__图片_有用_C{Q3O2W_X}8~{CPQ7]~~CUH_tmb (2024_11_13 09_19_52 UTC).jpg
D:\一轮\hermes_无人物\Hermes-base__图片_有用_E($)T]@9{~R[~{}[)}Y{G2F.jpg	D:\一轮\hermes_无人物\Hermes-base__图片_有用_E($)T]@9{~R[~{}[)}Y{G2F.png
D:\一轮\hermes_无人物\Hermes-base__图片_有用_D~DO]%]75(2A4OO}R7PT_80.jpg	D:\一轮\hermes_无人物\Hermes-base__图片_有用_D~DO]%]75(2A4OO}R7PT_80.png
D:\一轮\hermes_无人物\Hermes-base__图片_有用_FVRY]LDDT`HQWW]H{%`L$~L.jpg	D:\一轮\hermes_无人物\Hermes-base__图片_有用_FVRY]LDDT`HQWW]H{%`L$~L.png
D:\一轮\hermes_无人物\Hermes-base__图片_有用_GZ42)5MFT2Y{SQJ7@FL%6$W.jpg	D:\一轮\hermes_无人物\Hermes-base__图片_有用_GZ42)5MFT2Y{SQJ7@FL%6$W.png
D:\一轮\hermes_无人物\Hermes-base__图片_有用_HK%RHPE)]AU@TJAE}HM29_7.jpg	D:\一轮\hermes_无人物\Hermes-base__图片_有用_HK%RHPE)]AU@TJAE}HM29_7.png
D:\一轮\hermes_无人物\Hermes-base__图片_有用_K666Z946B2Y}6(5X4{@~IDY.jpg	D:\一轮\hermes_无人物\Hermes-base__图片_有用_K666Z946B2Y}6(5X4{@~IDY.png
D:\一轮\hermes_无人物\Hermes-base__图片_有用_KFJ}4TXO7LPQ$(OHNU`[3%Y.JPG	D:\一轮\hermes_无人物\Hermes-base__图片_有用_KFJ}4TXO7LPQ$(OHNU`[3%Y.png
D:\一轮\hermes_无人物\Hermes-base__图片_有用_K_KQ}${F{UJ@NWX4WL61[6H.jpg	D:\一轮\hermes_无人物\Hermes-base__图片_有用_K_KQ}${F{UJ@NWX4WL61[6H.gif
D:\一轮\hermes_无人物\Hermes-base__图片_有用_L5`{S4]GW(L2~WL0E(5N57W.jpg	D:\一轮\hermes_无人物\Hermes-base__图片_有用_L5`{S4]GW(L2~WL0E(5N57W.png
D:\一轮\hermes_无人物\Hermes-base__图片_有用_LJ_ET[8]$0{(OA%EG07]3FR_tmb (2024_11_13 09_19_52 UTC).bmp	D:\一轮\hermes_无人物\Hermes-base__图片_有用_LJ_ET[8]$0{(OA%EG07]3FR_tmb (2024_11_13 09_19_52 UTC).jpg
D:\一轮\hermes_无人物\Hermes-base__图片_有用_NNJ%RP%9SS1`BZW6703739R.jpg	D:\一轮\hermes_无人物\Hermes-base__图片_有用_NNJ%RP%9SS1`BZW6703739R.png
D:\一轮\hermes_无人物\Hermes-base__图片_有用_P@9J))%]C$VMRJW`3FW8D~6.jpg	D:\一轮\hermes_无人物\Hermes-base__图片_有用_P@9J))%]C$VMRJW`3FW8D~6.png
D:\一轮\hermes_无人物\Hermes-base__图片_有用_QS]0MLMSIX%5ZU9LN{U%M{L.jpg	D:\一轮\hermes_无人物\Hermes-base__图片_有用_QS]0MLMSIX%5ZU9LN{U%M{L.gif
D:\一轮\hermes_无人物\Hermes-base__图片_有用_RM6)`S@O9[{)X@BEL3CUG03.jpg	D:\一轮\hermes_无人物\Hermes-base__图片_有用_RM6)`S@O9[{)X@BEL3CUG03.png
D:\一轮\hermes_无人物\Hermes-base__图片_有用_S%C]()(P64_1K6LQV6H~8B1_tmb (2024_11_13 09_19_52 UTC).jpg	D:\一轮\hermes_无人物\Hermes-base__图片_有用_S%C]()(P64_1K6LQV6H~8B1_tmb (2024_11_13 09_19_52 UTC).png
D:\一轮\hermes_无人物\Hermes-base__图片_有用_S(~9Q0QHGMTO0G8RT7WN%49.jpg	D:\一轮\hermes_无人物\Hermes-base__图片_有用_S(~9Q0QHGMTO0G8RT7WN%49.png
D:\一轮\hermes_无人物\Hermes-base__图片_有用_S4G8}Q20_VW`LQ]GN~2{}`K.jpg	D:\一轮\hermes_无人物\Hermes-base__图片_有用_S4G8}Q20_VW`LQ]GN~2{}`K.png
D:\一轮\hermes_无人物\Hermes-base__图片_有用_SD9`HR6IO6A{6))7[K2)$%S.jpg	D:\一轮\hermes_无人物\Hermes-base__图片_有用_SD9`HR6IO6A{6))7[K2)$%S.png
D:\一轮\hermes_无人物\Hermes-base__图片_有用_TH1{THBKAM%]R8LDNCF2(AW.jpg	D:\一轮\hermes_无人物\Hermes-base__图片_有用_TH1{THBKAM%]R8LDNCF2(AW.png
D:\一轮\hermes_无人物\Hermes-base__图片_有用_U3TLBK3RC(BJA0CGQS{D7PB_tmb (2024_11_13 09_19_52 UTC).png	D:\一轮\hermes_无人物\Hermes-base__图片_有用_U3TLBK3RC(BJA0CGQS{D7PB_tmb (2024_11_13 09_19_52 UTC).jpg
D:\一轮\hermes_无人物\Hermes-base__图片_有用_UC7M1N5559BC011GKV}ZX%K.jpg	D:\一轮\hermes_无人物\Hermes-base__图片_有用_UC7M1N5559BC011GKV}ZX%K.png
D:\一轮\hermes_无人物\Hermes-base__图片_有用_W9OG8@MK[MA8G@4WJ]Y{1O2.jpg	D:\一轮\hermes_无人物\Hermes-base__图片_有用_W9OG8@MK[MA8G@4WJ]Y{1O2.gif
D:\一轮\hermes_无人物\Hermes-base__图片_有用_WNDJOXU`M2FNU{QPD`~RWD6 (2024_11_13 09_19_52 UTC).jpg	D:\一轮\hermes_无人物\Hermes-base__图片_有用_WNDJOXU`M2FNU{QPD`~RWD6 (2024_11_13 09_19_52 UTC).png
D:\一轮\hermes_无人物\Hermes-base__图片_有用_X@U3`B]RU4ETP5XY{@_US2T_tmb (2024_11_13 09_19_52 UTC).bmp	D:\一轮\hermes_无人物\Hermes-base__图片_有用_X@U3`B]RU4ETP5XY{@_US2T_tmb (2024_11_13 09_19_52 UTC).jpg
D:\一轮\hermes_无人物\Hermes-base__图片_有用_XE%WPFF@U3F~%1}EWZ({4G9.JPG	D:\一轮\hermes_无人物\Hermes-base__图片_有用_XE%WPFF@U3F~%1}EWZ({4G9.png
D:\一轮\hermes_无人物\Hermes-base__图片_有用_Y8J)9CIH)P{)YB]K2W7$O6D.jpg	D:\一轮\hermes_无人物\Hermes-base__图片_有用_Y8J)9CIH)P{)YB]K2W7$O6D.png
D:\一轮\hermes_无人物\Hermes-base__图片_有用_ZG5JTFQMOYZ]OA@Z8(1MY{A_tmb (2024_11_13 09_19_52 UTC).png	D:\一轮\hermes_无人物\Hermes-base__图片_有用_ZG5JTFQMOYZ]OA@Z8(1MY{A_tmb (2024_11_13 09_19_52 UTC).jpg
D:\一轮\hermes_无人物\Hermes-base__图片_有用_[%0099YFUD{WG(%6}C4UDII.jpg	D:\一轮\hermes_无人物\Hermes-base__图片_有用_[%0099YFUD{WG(%6}C4UDII.png
D:\一轮\hermes_无人物\Hermes-base__图片_有用_[`4HI({I}@0C~]H1HOY_P]T.jpg	D:\一轮\hermes_无人物\Hermes-base__图片_有用_[`4HI({I}@0C~]H1HOY_P]T.png
D:\一轮\hermes_无人物\Hermes-base__图片_有用_]TW5{CJ2TKU(`JNL)LSHW[4.jpg	D:\一轮\hermes_无人物\Hermes-base__图片_有用_]TW5{CJ2TKU(`JNL)LSHW[4.png
D:\一轮\hermes_无人物\Hermes-base__图片_有用__CAW0JKS)X900%5SOACVK12.jpg	D:\一轮\hermes_无人物\Hermes-base__图片_有用__CAW0JKS)X900%5SOACVK12.png
D:\一轮\hermes_无人物\Hermes-base__图片_有用__G{X[3Y$}YY}$QZ@NPQ7XDV_tmb (2024_11_13 09_19_52 UTC).png	D:\一轮\hermes_无人物\Hermes-base__图片_有用__G{X[3Y$}YY}$QZ@NPQ7XDV_tmb (2024_11_13 09_19_52 UTC).jpg
D:\一轮\hermes_无人物\Hermes-base__图片_有用_{G~BY%L})(T$A2RT_A@V(@4.jpg	D:\一轮\hermes_无人物\Hermes-base__图片_有用_{G~BY%L})(T$A2RT_A@V(@4.png
D:\一轮\hermes_无人物\Hermes-base__图片_有用_{NV54GT[]_E_%@1}IN@P9NG.jpg	D:\一轮\hermes_无人物\Hermes-base__图片_有用_{NV54GT[]_E_%@1}IN@P9NG.png
D:\一轮\hermes_无人物\Hermes-base__图片_有用_{V23LM)G7VR5V4RFH2AC[~T.jpg	D:\一轮\hermes_无人物\Hermes-base__图片_有用_{V23LM)G7VR5V4RFH2AC[~T.png
D:\一轮\hermes_无人物\Hermes-base__图片_有用_{[VC@(D()0~13@Q72B`7}OR.jpg	D:\一轮\hermes_无人物\Hermes-base__图片_有用_{[VC@(D()0~13@Q72B`7}OR.png
D:\一轮\hermes_无人物\Hermes-base__图片_有用_}15[_OTW~DU%@J{35)UB928.jpg	D:\一轮\hermes_无人物\Hermes-base__图片_有用_}15[_OTW~DU%@J{35)UB928.png
D:\一轮\hermes_无人物\Hermes-base__图片_有用_}3J(OKBX3BDAUB90%`8SR`9.jpg	D:\一轮\hermes_无人物\Hermes-base__图片_有用_}3J(OKBX3BDAUB90%`8SR`9.png
D:\一轮\hermes_无人物\Hermes-base__图片_有用_}7F{MDI@A%9@Q$LKJF{[1RQ_tmb (2024_11_13 09_19_52 UTC).png	D:\一轮\hermes_无人物\Hermes-base__图片_有用_}7F{MDI@A%9@Q$LKJF{[1RQ_tmb (2024_11_13 09_19_52 UTC).jpg
D:\一轮\hermes_无人物\Hermes-base__图片_有用_~%{L[]_MCS`0@0GWSCRDTP0 (2024_11_13 09_19_52 UTC).png	D:\一轮\hermes_无人物\Hermes-base__图片_有用_~%{L[]_MCS`0@0GWSCRDTP0 (2024_11_13 09_19_52 UTC).jpg
D:\一轮\hermes_无人物\Hermes-base__图片_有用_~HE([JD%LZU41T7(327CF%2.jpg	D:\一轮\hermes_无人物\Hermes-base__图片_有用_~HE([JD%LZU41T7(327CF%2.png
D:\一轮\hermes_无人物\Hermes-base__图片_有用_~TW_WQ$QG6}%4I0GQ{`(2TB.jpg	D:\一轮\hermes_无人物\Hermes-base__图片_有用_~TW_WQ$QG6}%4I0GQ{`(2TB.png
D:\一轮\hermes_无人物\opencode__图片_三次元_$X}AH{I4OW8TQFKRX)E%XLY (2024_11_13 09_19_52 UTC).bmp	D:\一轮\hermes_无人物\opencode__图片_三次元_$X}AH{I4OW8TQFKRX)E%XLY (2024_11_13 09_19_52 UTC).jpg
D:\一轮\hermes_无人物\opencode__图片_三次元_%Y@7@OVC0EP%YSVJEH{C0IM.jpg	D:\一轮\hermes_无人物\opencode__图片_三次元_%Y@7@OVC0EP%YSVJEH{C0IM.png
D:\一轮\hermes_无人物\opencode__图片_三次元_(((A[U08N{A8}%AR}3FUWE8.jpg	D:\一轮\hermes_无人物\opencode__图片_三次元_(((A[U08N{A8}%AR}3FUWE8.png
D:\一轮\hermes_无人物\opencode__图片_三次元_4D$[8W({J}25LL~Y2IYW%CP.jpg	D:\一轮\hermes_无人物\opencode__图片_三次元_4D$[8W({J}25LL~Y2IYW%CP.png
D:\一轮\hermes_无人物\opencode__图片_三次元_4]3YAJX55_]{F4U~HX(J{2Q.jpg	D:\一轮\hermes_无人物\opencode__图片_三次元_4]3YAJX55_]{F4U~HX(J{2Q.png
D:\一轮\hermes_无人物\opencode__图片_三次元_4_~A5_3P)5S_}6}7@V3{F3X.jpg	D:\一轮\hermes_无人物\opencode__图片_三次元_4_~A5_3P)5S_}6}7@V3{F3X.png
D:\一轮\hermes_无人物\opencode__图片_三次元_5X8%%9ORJDO]{XCIMED7]]T.jpg	D:\一轮\hermes_无人物\opencode__图片_三次元_5X8%%9ORJDO]{XCIMED7]]T.png
D:\一轮\hermes_无人物\opencode__图片_三次元_63D(`6DP4L4EA[Z~6FOHH%P.jpg	D:\一轮\hermes_无人物\opencode__图片_三次元_63D(`6DP4L4EA[Z~6FOHH%P.png
D:\一轮\hermes_无人物\opencode__图片_三次元_6LQ1O]21%_8G_5BZ[9S05VS.jpg	D:\一轮\hermes_无人物\opencode__图片_三次元_6LQ1O]21%_8G_5BZ[9S05VS.png
D:\一轮\hermes_无人物\opencode__图片_三次元_71$(MY(C[B_{U(902${ZOEJ.JPG	D:\一轮\hermes_无人物\opencode__图片_三次元_71$(MY(C[B_{U(902${ZOEJ.png
D:\一轮\hermes_无人物\opencode__图片_三次元_78R@3%_Z[_K%F43WD4P(U5J.jpg	D:\一轮\hermes_无人物\opencode__图片_三次元_78R@3%_Z[_K%F43WD4P(U5J.png
D:\一轮\hermes_无人物\opencode__图片_三次元_82XH@25O$@}]4G%124P$F$5.jpg	D:\一轮\hermes_无人物\opencode__图片_三次元_82XH@25O$@}]4G%124P$F$5.png
D:\一轮\hermes_无人物\opencode__图片_三次元_88WMG}U`$LVYE`%AA8[2KRK.JPG	D:\一轮\hermes_无人物\opencode__图片_三次元_88WMG}U`$LVYE`%AA8[2KRK.png
D:\一轮\hermes_无人物\opencode__图片_三次元_KSA{]5U_@~S}4RJ)M%]2JNU.jpg	D:\一轮\hermes_无人物\opencode__图片_三次元_KSA{]5U_@~S}4RJ)M%]2JNU.png
D:\一轮\hermes_无人物\opencode__图片_三次元_QEO6F086WN}XK40}OP]{D)T.jpg	D:\一轮\hermes_无人物\opencode__图片_三次元_QEO6F086WN}XK40}OP]{D)T.png
D:\一轮\hermes_无人物\opencode__图片_三次元_WW7Z@B)0APG494QR{I4ZQCM.jpg	D:\一轮\hermes_无人物\opencode__图片_三次元_WW7Z@B)0APG494QR{I4ZQCM.png
D:\一轮\hermes_无人物\opencode__图片_备份_2023-04-20_8VP9D~4RA{9OQTR24RRPBXO_tmb (2024_11_13 09_19_52 UTC).bmp	D:\一轮\hermes_无人物\opencode__图片_备份_2023-04-20_8VP9D~4RA{9OQTR24RRPBXO_tmb (2024_11_13 09_19_52 UTC).jpg
D:\一轮\hermes_无人物\opencode__图片_备份_2023-04-23_2JCI1$F2~%2%D)394%{]93M_tmb (2024_11_13 09_19_52 UTC).bmp	D:\一轮\hermes_无人物\opencode__图片_备份_2023-04-23_2JCI1$F2~%2%D)394%{]93M_tmb (2024_11_13 09_19_52 UTC).jpg
D:\一轮\hermes_无人物\opencode__图片_备份_2023-07-10_$R$IMOOG{7717%YHWH70}@5_tmb (2024_11_13 09_19_52 UTC).jpg	D:\一轮\hermes_无人物\opencode__图片_备份_2023-07-10_$R$IMOOG{7717%YHWH70}@5_tmb (2024_11_13 09_19_52 UTC).png
D:\一轮\hermes_无人物\opencode__图片_备份_2023-07-25_4IV@P]P)3IYY{R%M[XGQS@J (2024_11_13 09_19_52 UTC).png	D:\一轮\hermes_无人物\opencode__图片_备份_2023-07-25_4IV@P]P)3IYY{R%M[XGQS@J (2024_11_13 09_19_52 UTC).jpg
D:\一轮\hermes_无人物\opencode__图片_备份_2023-07-26_YDK7A6N1N`SIT@_UM17{M%N_tmb (2024_11_13 09_19_52 UTC).bmp	D:\一轮\hermes_无人物\opencode__图片_备份_2023-07-26_YDK7A6N1N`SIT@_UM17{M%N_tmb (2024_11_13 09_19_52 UTC).png
D:\一轮\hermes_无人物\opencode__图片_备份_2023-08-10_XMO{@JF2I{9%[N6VUG]%MMR_tmb (2024_11_13 09_19_52 UTC).png	D:\一轮\hermes_无人物\opencode__图片_备份_2023-08-10_XMO{@JF2I{9%[N6VUG]%MMR_tmb (2024_11_13 09_19_52 UTC).jpg
D:\一轮\hermes_无人物\opencode__图片_备份_2023-08-24_7Y]{G_Q3%4~)UE7@4TO[TIN_tmb (2024_11_13 09_19_52 UTC).bmp	D:\一轮\hermes_无人物\opencode__图片_备份_2023-08-24_7Y]{G_Q3%4~)UE7@4TO[TIN_tmb (2024_11_13 09_19_52 UTC).jpg
D:\一轮\hermes_无人物\opencode__图片_备份_2023-10-27_EPETH5NIVDP]0{X2Z4[{NWS_tmb (2024_11_13 09_19_52 UTC).png	D:\一轮\hermes_无人物\opencode__图片_备份_2023-10-27_EPETH5NIVDP]0{X2Z4[{NWS_tmb (2024_11_13 09_19_52 UTC).jpg
D:\一轮\hermes_无人物\opencode__图片_备份_2023-11-05_[JIA_K$U~V{LWGTN$771RNW (2024_11_13 09_19_52 UTC).png	D:\一轮\hermes_无人物\opencode__图片_备份_2023-11-05_[JIA_K$U~V{LWGTN$771RNW (2024_11_13 09_19_52 UTC).jpg
D:\一轮\hermes_无人物\opencode__图片_备份_2023-11-08_0O6R8540C`53)AHQ%~C)4{3_tmb (2024_11_13 09_19_52 UTC).png	D:\一轮\hermes_无人物\opencode__图片_备份_2023-11-08_0O6R8540C`53)AHQ%~C)4{3_tmb (2024_11_13 09_19_52 UTC).jpg
D:\一轮\hermes_无人物\opencode__图片_备份_2023-11-09_NC@$TJJ1S{YA5YXW@[IU~YG_tmb (2024_11_13 09_19_52 UTC).png	D:\一轮\hermes_无人物\opencode__图片_备份_2023-11-09_NC@$TJJ1S{YA5YXW@[IU~YG_tmb (2024_11_13 09_19_52 UTC).jpg
D:\一轮\hermes_无人物\opencode__图片_备份_2025-03-11_DEQ{MMPR%58T2845~T2G(ZG.jpg	D:\一轮\hermes_无人物\opencode__图片_备份_2025-03-11_DEQ{MMPR%58T2845~T2G(ZG.png
D:\一轮\hermes_无人物\opencode__图片_备份_2025-03-16_LFLF~$`S%I2_G$A~BOQH6H4.jpg	D:\一轮\hermes_无人物\opencode__图片_备份_2025-03-16_LFLF~$`S%I2_G$A~BOQH6H4.png
D:\一轮\hermes_无人物\opencode__图片_备份_2025-03-19_ETL)GKAB6@(8K)E_9EFPL%T.JPG	D:\一轮\hermes_无人物\opencode__图片_备份_2025-03-19_ETL)GKAB6@(8K)E_9EFPL%T.png
D:\一轮\hermes_无人物\opencode__图片_备份_2025-04-01_~FQV%TFR_0KMTQJC_@DUFXG.jpg	D:\一轮\hermes_无人物\opencode__图片_备份_2025-04-01_~FQV%TFR_0KMTQJC_@DUFXG.png
D:\一轮\hermes_无人物\opencode__图片_备份_2025-04-04_DC7@B1[UV}(T][JV7{]{T%3.jpg	D:\一轮\hermes_无人物\opencode__图片_备份_2025-04-04_DC7@B1[UV}(T][JV7{]{T%3.png
D:\一轮\hermes_无人物\opencode__图片_备份_2025-04-11_2K`9~`S9YMECO~%2E]HF]M0.jpg	D:\一轮\hermes_无人物\opencode__图片_备份_2025-04-11_2K`9~`S9YMECO~%2E]HF]M0.png
D:\一轮\hermes_无人物\opencode__图片_备份_2025-04-11_K%DC%YVYA]TTZ6ZF3S8US]W.jpg	D:\一轮\hermes_无人物\opencode__图片_备份_2025-04-11_K%DC%YVYA]TTZ6ZF3S8US]W.png
D:\一轮\hermes_无人物\opencode__图片_备份_2025-04-28_2$9)UY6K9P)7QYX@{WFER8S.jpg	D:\一轮\hermes_无人物\opencode__图片_备份_2025-04-28_2$9)UY6K9P)7QYX@{WFER8S.png
D:\一轮\hermes_无人物\opencode__图片_备份_2025-04-28_Z7B7%S(697X]CLXX[YG$]QU.jpg	D:\一轮\hermes_无人物\opencode__图片_备份_2025-04-28_Z7B7%S(697X]CLXX[YG$]QU.png
D:\一轮\hermes_无人物\opencode__图片_备份_2025-05-09_~BJS}O5FU4EQ][`4S}7HS{R.jpg	D:\一轮\hermes_无人物\opencode__图片_备份_2025-05-09_~BJS}O5FU4EQ][`4S}7HS{R.png
D:\一轮\hermes_无人物\opencode__图片_备份_2025-06-14_)VVRW2R4%3)[A_]]F89J6IK.jpg	D:\一轮\hermes_无人物\opencode__图片_备份_2025-06-14_)VVRW2R4%3)[A_]]F89J6IK.png
D:\一轮\hermes_无人物\opencode__图片_备份_2025-06-21_M{{))R1$~])I93RBK88YT1A.jpg	D:\一轮\hermes_无人物\opencode__图片_备份_2025-06-21_M{{))R1$~])I93RBK88YT1A.png
D:\一轮\hermes_无人物\opencode__图片_备份_2025-07-31_%H}K1WMIP1GS0C}75EOD]QS.jpg	D:\一轮\hermes_无人物\opencode__图片_备份_2025-07-31_%H}K1WMIP1GS0C}75EOD]QS.png
D:\一轮\hermes_无人物\opencode__图片_备份_2025-07-31_I_TLEX%{RDQP5{V5U06$SRX.jpg	D:\一轮\hermes_无人物\opencode__图片_备份_2025-07-31_I_TLEX%{RDQP5{V5U06$SRX.png
D:\一轮\hermes_无人物\opencode__图片_备份_2025-08-05_{%14VAG@%(7[MJ66D~RX4EL.jpg	D:\一轮\hermes_无人物\opencode__图片_备份_2025-08-05_{%14VAG@%(7[MJ66D~RX4EL.png
D:\一轮\hermes_无人物\opencode__图片_备份_2025-08-21_XB7I8E@OE)LO[{AXZ%%YM[U.jpg	D:\一轮\hermes_无人物\opencode__图片_备份_2025-08-21_XB7I8E@OE)LO[{AXZ%%YM[U.png
D:\一轮\hermes_无人物\opencode__图片_备份_2025-08-27_HAGQ(5LA{VF`M$1CTQK$I)S.jpg	D:\一轮\hermes_无人物\opencode__图片_备份_2025-08-27_HAGQ(5LA{VF`M$1CTQK$I)S.png
D:\一轮\hermes_无人物\opencode__图片_备份_2025-09-03_DA@SD`N{O1G@B5CF9S3Z2PI.jpg	D:\一轮\hermes_无人物\opencode__图片_备份_2025-09-03_DA@SD`N{O1G@B5CF9S3Z2PI.png
D:\一轮\hermes_无人物\opencode__图片_备份_2025-09-06_BQ3PTAT103H$H436DV1M{8D.jpg	D:\一轮\hermes_无人物\opencode__图片_备份_2025-09-06_BQ3PTAT103H$H436DV1M{8D.png
D:\一轮\hermes_无人物\opencode__图片_备份_2025-09-08_YFNW)0N9`C4%KE]C[2E@KTE.jpg	D:\一轮\hermes_无人物\opencode__图片_备份_2025-09-08_YFNW)0N9`C4%KE]C[2E@KTE.png
D:\一轮\hermes_无人物\opencode__图片_备份_2025-09-15_K)9I4V6M{ICUT{[G[~%MLLM.jpg	D:\一轮\hermes_无人物\opencode__图片_备份_2025-09-15_K)9I4V6M{ICUT{[G[~%MLLM.png
D:\一轮\hermes_无人物\opencode__图片_备份_2025-09-16_(`9KYVXGF)INOFP{MULVIPF.jpg	D:\一轮\hermes_无人物\opencode__图片_备份_2025-09-16_(`9KYVXGF)INOFP{MULVIPF.png
D:\一轮\hermes_无人物\opencode__图片_备份_2025-09-21_R%{FK{SU3B1{97A]PS8QODB.jpg	D:\一轮\hermes_无人物\opencode__图片_备份_2025-09-21_R%{FK{SU3B1{97A]PS8QODB.png
D:\一轮\hermes_无人物\opencode__图片_备份_2025-09-24_L}(YBDCS5GT4$180M67{(8D.jpg	D:\一轮\hermes_无人物\opencode__图片_备份_2025-09-24_L}(YBDCS5GT4$180M67{(8D.png
D:\一轮\hermes_无人物\opencode__图片_备份_2025-09-28_~X4TB]WRSM31%)5O5}FF{IT.jpg	D:\一轮\hermes_无人物\opencode__图片_备份_2025-09-28_~X4TB]WRSM31%)5O5}FF{IT.png
D:\一轮\hermes_无人物\opencode__图片_备份_2025-10-22_{)PL~~_9KTBG}RE]C7%OEXE.jpg	D:\一轮\hermes_无人物\opencode__图片_备份_2025-10-22_{)PL~~_9KTBG}RE]C7%OEXE.png
D:\一轮\hermes_无人物\opencode__图片_备份_2025-10-23_GTT3CN3{1MX3ETIXHCJOAD6.jpg	D:\一轮\hermes_无人物\opencode__图片_备份_2025-10-23_GTT3CN3{1MX3ETIXHCJOAD6.png
D:\一轮\hermes_无人物\opencode__图片_备份_2025-10-24_@K~ON$9TYN7SQQQQ70V{KRH.jpg	D:\一轮\hermes_无人物\opencode__图片_备份_2025-10-24_@K~ON$9TYN7SQQQQ70V{KRH.png
D:\一轮\hermes_无人物\opencode__图片_备份_2025-11-20_K(FPSLL7`M_O`3)0V%ALMID.jpg	D:\一轮\hermes_无人物\opencode__图片_备份_2025-11-20_K(FPSLL7`M_O`3)0V%ALMID.png
D:\一轮\hermes_无人物\opencode__图片_备份_2025-12-25_4TW}D3K1`X}%_4O7DGX0{G2.jpg	D:\一轮\hermes_无人物\opencode__图片_备份_2025-12-25_4TW}D3K1`X}%_4O7DGX0{G2.png
D:\一轮\hermes_无人物\opencode__图片_备份_2026-02-04_K](_8%VEL}A7YJV)X49LX81.jpg	D:\一轮\hermes_无人物\opencode__图片_备份_2026-02-04_K](_8%VEL}A7YJV)X49LX81.png
D:\一轮\hermes_无人物\opencode__图片_备份_2026-02-08_MC`MB4M`4O0J4{(DW$Y3]NB.jpg	D:\一轮\hermes_无人物\opencode__图片_备份_2026-02-08_MC`MB4M`4O0J4{(DW$Y3]NB.png
D:\一轮\hermes_无人物\opencode__图片_备份_2026-02-11_Y`T337%)VAHCR9EPTYKJ%`8.jpg	D:\一轮\hermes_无人物\opencode__图片_备份_2026-02-11_Y`T337%)VAHCR9EPTYKJ%`8.png
D:\一轮\hermes_无人物\opencode__图片_备份_2026-02-13_)0D%KT%%{[([7)(V7]IE`E2.jpg	D:\一轮\hermes_无人物\opencode__图片_备份_2026-02-13_)0D%KT%%{[([7)(V7]IE`E2.png
D:\一轮\hermes_无人物\opencode__图片_备份_2026-02-28_8QRR}8%7U]90`8{~Y`R_`DY.jpg	D:\一轮\hermes_无人物\opencode__图片_备份_2026-02-28_8QRR}8%7U]90`8{~Y`R_`DY.png
D:\一轮\hermes_无人物\opencode__图片_备份_2026-03-02__7P80{MGVZ(MM(I_HB~6PEK.jpg	D:\一轮\hermes_无人物\opencode__图片_备份_2026-03-02__7P80{MGVZ(MM(I_HB~6PEK.png
D:\一轮\hermes_无人物\opencode__图片_备份_2026-03-02_`YO}]QO6_U9B%YN3)D3QI5R.jpg	D:\一轮\hermes_无人物\opencode__图片_备份_2026-03-02_`YO}]QO6_U9B%YN3)D3QI5R.png
D:\一轮\hermes_无人物\opencode__图片_备份_2026-03-07_JC2FA}6W]$YQ%_DBMI8ZZ18.jpg	D:\一轮\hermes_无人物\opencode__图片_备份_2026-03-07_JC2FA}6W]$YQ%_DBMI8ZZ18.png
D:\一轮\hermes_无人物\三次元_$K@%S(CHHF@G4}8N53)P[0U.jpg	D:\一轮\hermes_无人物\三次元_$K@%S(CHHF@G4}8N53)P[0U.png
D:\一轮\hermes_无人物\三次元_$L{E@P@]SCZLL1O[SLJJ6WA.jpg	D:\一轮\hermes_无人物\三次元_$L{E@P@]SCZLL1O[SLJJ6WA.png
D:\一轮\hermes_无人物\三次元_${WS{HPZCO~$)${Y1M0(1QL.jpg	D:\一轮\hermes_无人物\三次元_${WS{HPZCO~$)${Y1M0(1QL.png
D:\一轮\hermes_无人物\三次元_%6FR6{_RICVPC0G~R6W}~NJ.jpg	D:\一轮\hermes_无人物\三次元_%6FR6{_RICVPC0G~R6W}~NJ.png
D:\一轮\hermes_无人物\三次元_%8(387CV$5VTD47A`GKRG5N (2024_11_13 09_19_52 UTC).jpg	D:\一轮\hermes_无人物\三次元_%8(387CV$5VTD47A`GKRG5N (2024_11_13 09_19_52 UTC).gif
D:\一轮\hermes_无人物\三次元_%9EEDF55)K0[7KP3V2{9)MP.jpg	D:\一轮\hermes_无人物\三次元_%9EEDF55)K0[7KP3V2{9)MP.png
D:\一轮\hermes_无人物\三次元_%CMA0DLD6$DWZLN%U)Y}OY2.jpg	D:\一轮\hermes_无人物\三次元_%CMA0DLD6$DWZLN%U)Y}OY2.png
D:\一轮\hermes_无人物\三次元_%EZI(9KO0[{ZV4NS]D`1017.jpg	D:\一轮\hermes_无人物\三次元_%EZI(9KO0[{ZV4NS]D`1017.png
D:\一轮\hermes_无人物\三次元_%F$@N)9VOO81)[ZR_5({EU3_tmb (2024_11_13 09_19_52 UTC).jpg	D:\一轮\hermes_无人物\三次元_%F$@N)9VOO81)[ZR_5({EU3_tmb (2024_11_13 09_19_52 UTC).png
D:\一轮\hermes_无人物\三次元_%QUF)H1GVC[0RGV0ZTY8MDV.jpg	D:\一轮\hermes_无人物\三次元_%QUF)H1GVC[0RGV0ZTY8MDV.png
D:\一轮\hermes_无人物\三次元_%T%P_N1~RDBFSRCDEIPG6_0.jpg	D:\一轮\hermes_无人物\三次元_%T%P_N1~RDBFSRCDEIPG6_0.png
D:\一轮\hermes_无人物\三次元_%[Q(2YWTB(CXUE2K[QQF{76_tmb (2024_11_13 09_19_52 UTC).png	D:\一轮\hermes_无人物\三次元_%[Q(2YWTB(CXUE2K[QQF{76_tmb (2024_11_13 09_19_52 UTC).jpg
D:\一轮\hermes_无人物\三次元_(95D]}D$WTBD7[}Y9%GJ_`V.jpg	D:\一轮\hermes_无人物\三次元_(95D]}D$WTBD7[}Y9%GJ_`V.png
D:\一轮\hermes_无人物\三次元_(FD4WYTJX9UVV`{91K1N6EW.JPG	D:\一轮\hermes_无人物\三次元_(FD4WYTJX9UVV`{91K1N6EW.png
D:\一轮\hermes_无人物\三次元_)CMOTX%`4FFDIE5{RYYF4{1_tmb (2024_11_13 09_19_52 UTC).png	D:\一轮\hermes_无人物\三次元_)CMOTX%`4FFDIE5{RYYF4{1_tmb (2024_11_13 09_19_52 UTC).jpg
D:\一轮\hermes_无人物\三次元_)M92EIGV5X~OG{[JXG%)`RF_tmb (2024_11_13 09_19_52 UTC).bmp	D:\一轮\hermes_无人物\三次元_)M92EIGV5X~OG{[JXG%)`RF_tmb (2024_11_13 09_19_52 UTC).png
D:\一轮\hermes_无人物\三次元_)PJUX`${LE76FU61TH`XTWM (2024_11_13 09_19_52 UTC).jpg	D:\一轮\hermes_无人物\三次元_)PJUX`${LE76FU61TH`XTWM (2024_11_13 09_19_52 UTC).png
D:\一轮\hermes_无人物\三次元_)RCV02{VI5UF66IMX`)Z_Z4_tmb (2024_11_13 09_19_52 UTC).png	D:\一轮\hermes_无人物\三次元_)RCV02{VI5UF66IMX`)Z_Z4_tmb (2024_11_13 09_19_52 UTC).jpg
D:\一轮\hermes_无人物\三次元_)S6$L6{NK`MEA@68`1$I]OC.jpg	D:\一轮\hermes_无人物\三次元_)S6$L6{NK`MEA@68`1$I]OC.png
D:\一轮\hermes_无人物\三次元_){V}$D(WZJ)1B7@U40H_)D8.JPG	D:\一轮\hermes_无人物\三次元_){V}$D(WZJ)1B7@U40H_)D8.png
D:\一轮\hermes_无人物\三次元_0$2DQQE7WO4@[3BGAX{H{KQ.jpg	D:\一轮\hermes_无人物\三次元_0$2DQQE7WO4@[3BGAX{H{KQ.png
D:\一轮\hermes_无人物\三次元_02FTUP}1`XDQ[VF2TT{B1TP_tmb (2024_11_13 09_19_52 UTC).bmp	D:\一轮\hermes_无人物\三次元_02FTUP}1`XDQ[VF2TT{B1TP_tmb (2024_11_13 09_19_52 UTC).png
D:\一轮\hermes_无人物\三次元_2SH0FSS@V`3F%@4K(F$PYD4.jpg	D:\一轮\hermes_无人物\三次元_2SH0FSS@V`3F%@4K(F$PYD4.png
D:\一轮\hermes_无人物\三次元_4894B(0J3J6H3%I4Z`T6SIE.jpg	D:\一轮\hermes_无人物\三次元_4894B(0J3J6H3%I4Z`T6SIE.png
D:\一轮\hermes_无人物\三次元_4@1%40QE2ZBZE@EEI5QA`3F.jpg	D:\一轮\hermes_无人物\三次元_4@1%40QE2ZBZE@EEI5QA`3F.png
D:\一轮\hermes_无人物\三次元_4M5%MS_JW[{2]~J0_VW]X3O.jpg	D:\一轮\hermes_无人物\三次元_4M5%MS_JW[{2]~J0_VW]X3O.png
D:\一轮\hermes_无人物\三次元_4PCH$0H70{~H0RK[S[3W[]V (2024_11_13 09_19_52 UTC).bmp	D:\一轮\hermes_无人物\三次元_4PCH$0H70{~H0RK[S[3W[]V (2024_11_13 09_19_52 UTC).jpg
D:\一轮\hermes_无人物\三次元_4ULWZYPM`6M62YL{3PAMN14_tmb (2024_11_13 09_19_52 UTC).png	D:\一轮\hermes_无人物\三次元_4ULWZYPM`6M62YL{3PAMN14_tmb (2024_11_13 09_19_52 UTC).jpg
D:\一轮\hermes_无人物\三次元_5(C)UH{`}C)O`VS465_7Y@W_tmb (2024_11_13 09_19_52 UTC).bmp	D:\一轮\hermes_无人物\三次元_5(C)UH{`}C)O`VS465_7Y@W_tmb (2024_11_13 09_19_52 UTC).jpg
D:\一轮\hermes_无人物\三次元_56E5E]PH2F)SF~D%0CSDAMX.jpg	D:\一轮\hermes_无人物\三次元_56E5E]PH2F)SF~D%0CSDAMX.png
D:\一轮\hermes_无人物\三次元_58)WK782$%HK1BA7[O72QYV.JPG	D:\一轮\hermes_无人物\三次元_58)WK782$%HK1BA7[O72QYV.png
D:\一轮\hermes_无人物\三次元_5AX{8MZNGI]$IHJMNC%U5[D.jpg	D:\一轮\hermes_无人物\三次元_5AX{8MZNGI]$IHJMNC%U5[D.png
D:\一轮\hermes_无人物\三次元_5GH275V6X9Z(_`B%_}DKIAP.JPG	D:\一轮\hermes_无人物\三次元_5GH275V6X9Z(_`B%_}DKIAP.png
D:\一轮\hermes_无人物\三次元_5OATTDGG0TLL%WKA$[H07RA_tmb (2024_11_13 09_19_52 UTC).bmp	D:\一轮\hermes_无人物\三次元_5OATTDGG0TLL%WKA$[H07RA_tmb (2024_11_13 09_19_52 UTC).png
D:\一轮\hermes_无人物\三次元_6()VL1%`2[LZ9M1W[N([X[A.jpg	D:\一轮\hermes_无人物\三次元_6()VL1%`2[LZ9M1W[N([X[A.png
D:\一轮\hermes_无人物\三次元_6AD_DXV689G[N}{$E%YB{]P.jpg	D:\一轮\hermes_无人物\三次元_6AD_DXV689G[N}{$E%YB{]P.png
D:\一轮\hermes_无人物\三次元_6C$2}G29(%{2}W(9E5@8TGT.jpg	D:\一轮\hermes_无人物\三次元_6C$2}G29(%{2}W(9E5@8TGT.gif
D:\一轮\hermes_无人物\三次元_6Q78{YD@JM3HG`Z8`KE9U6M_tmb (2024_11_13 09_19_52 UTC).png	D:\一轮\hermes_无人物\三次元_6Q78{YD@JM3HG`Z8`KE9U6M_tmb (2024_11_13 09_19_52 UTC).jpg
D:\一轮\hermes_无人物\三次元_6Z)T%AUN%8P7ZJKKY4~H~CS.jpg	D:\一轮\hermes_无人物\三次元_6Z)T%AUN%8P7ZJKKY4~H~CS.png
D:\一轮\hermes_无人物\三次元_6~L3TD{3FHD855DS@IO{6~I.jpg	D:\一轮\hermes_无人物\三次元_6~L3TD{3FHD855DS@IO{6~I.png
D:\一轮\hermes_无人物\三次元_7$$~)31)XC%R_TWL2@ATP38.jpg	D:\一轮\hermes_无人物\三次元_7$$~)31)XC%R_TWL2@ATP38.png
D:\一轮\hermes_无人物\三次元_7C[RD@F8AWLNS{TJ}J}PWYJ.jpg	D:\一轮\hermes_无人物\三次元_7C[RD@F8AWLNS{TJ}J}PWYJ.png
D:\一轮\hermes_无人物\三次元_7DQY9NC(G)R%ASAO}J9Z~_D.jpg	D:\一轮\hermes_无人物\三次元_7DQY9NC(G)R%ASAO}J9Z~_D.png
D:\一轮\hermes_无人物\三次元_7V}A2LCQU6PH)DBBMDF{K[O.png	D:\一轮\hermes_无人物\三次元_7V}A2LCQU6PH)DBBMDF{K[O.jpg
D:\一轮\hermes_无人物\三次元_7Z}YCTA{VCC}EV0@{0S5FHY.jpg	D:\一轮\hermes_无人物\三次元_7Z}YCTA{VCC}EV0@{0S5FHY.png
D:\一轮\hermes_无人物\三次元_7{~X9MS$0DND4@_ZVTI0TJ2.jpg	D:\一轮\hermes_无人物\三次元_7{~X9MS$0DND4@_ZVTI0TJ2.gif
D:\一轮\hermes_无人物\三次元_7}X1WF%)U}72E4HF(U@XUU0.jpg	D:\一轮\hermes_无人物\三次元_7}X1WF%)U}72E4HF(U@XUU0.png
D:\一轮\hermes_无人物\三次元_8%9R3G8P5H34XSZHN7~$P_E.jpg	D:\一轮\hermes_无人物\三次元_8%9R3G8P5H34XSZHN7~$P_E.png
D:\一轮\hermes_无人物\三次元_8@4R~RIIWU4NN{SOH%~]KJD.jpg	D:\一轮\hermes_无人物\三次元_8@4R~RIIWU4NN{SOH%~]KJD.png
D:\一轮\hermes_无人物\三次元_8IA7]4$HYL@U)K{KO{86V48.png	D:\一轮\hermes_无人物\三次元_8IA7]4$HYL@U)K{KO{86V48.jpg
D:\一轮\hermes_无人物\三次元_8K(_3M3QCZAHIBHY7$T{DZ4.JPG	D:\一轮\hermes_无人物\三次元_8K(_3M3QCZAHIBHY7$T{DZ4.png
D:\一轮\hermes_无人物\三次元_8N~T6[(U6N]5%T]ZOIN}WNT.JPG	D:\一轮\hermes_无人物\三次元_8N~T6[(U6N]5%T]ZOIN}WNT.png
D:\一轮\hermes_无人物\三次元_8[F[TPU{E[TI`)Q4CX)Q8B4_tmb (2024_11_13 09_19_52 UTC).bmp	D:\一轮\hermes_无人物\三次元_8[F[TPU{E[TI`)Q4CX)Q8B4_tmb (2024_11_13 09_19_52 UTC).jpg
D:\一轮\hermes_无人物\三次元_9639RJJMQINZ9C%A$`X%$07.jpg	D:\一轮\hermes_无人物\三次元_9639RJJMQINZ9C%A$`X%$07.png
D:\一轮\hermes_无人物\三次元_9GE$3@_VTJJHXQI$)@{7A1N_tmb (2024_11_13 09_19_52 UTC).png	D:\一轮\hermes_无人物\三次元_9GE$3@_VTJJHXQI$)@{7A1N_tmb (2024_11_13 09_19_52 UTC).jpg
D:\一轮\hermes_无人物\三次元_9ST6H$VCXN$WWR9({4(0]FX_tmb (2024_11_13 09_19_52 UTC).bmp	D:\一轮\hermes_无人物\三次元_9ST6H$VCXN$WWR9({4(0]FX_tmb (2024_11_13 09_19_52 UTC).jpg
D:\一轮\hermes_无人物\三次元_IZ3Z4{4SZ~L)]AX(W5UKPK8 (2024_11_13 09_19_52 UTC).bmp	D:\一轮\hermes_无人物\三次元_IZ3Z4{4SZ~L)]AX(W5UKPK8 (2024_11_13 09_19_52 UTC).jpg
D:\一轮\hermes_无人物\三次元_I{FAP9[8L]A[HZ~{H1$6[@Q_tmb (2024_11_13 09_19_52 UTC).bmp	D:\一轮\hermes_无人物\三次元_I{FAP9[8L]A[HZ~{H1$6[@Q_tmb (2024_11_13 09_19_52 UTC).jpg
D:\一轮\hermes_无人物\三次元_M73RGBONDZ]Z{UGYVEXRGUE (2024_11_13 09_19_52 UTC).png	D:\一轮\hermes_无人物\三次元_M73RGBONDZ]Z{UGYVEXRGUE (2024_11_13 09_19_52 UTC).jpg
D:\一轮\hermes_无人物\三次元_PEA[Q1@U_}NHUM{YY[$`IEC_tmb (2024_11_13 09_19_52 UTC).bmp	D:\一轮\hermes_无人物\三次元_PEA[Q1@U_}NHUM{YY[$`IEC_tmb (2024_11_13 09_19_52 UTC).jpg
D:\一轮\hermes_无人物\三次元_VIQ1YQ1{6ARNWVA)L03ARH7.jpg	D:\一轮\hermes_无人物\三次元_VIQ1YQ1{6ARNWVA)L03ARH7.png
D:\一轮\hermes_无人物\三次元_VL9HK{5[IQLLU]X~$OBDZ1I.jpg	D:\一轮\hermes_无人物\三次元_VL9HK{5[IQLLU]X~$OBDZ1I.png
D:\一轮\hermes_无人物\三次元_~~)Q{KY1DEN~{YY~GNW259M.jpg	D:\一轮\hermes_无人物\三次元_~~)Q{KY1DEN~{YY~GNW259M.png
D:\一轮\hermes_无人物\备份_2023-08-17_HSLQ2MD1~)({%96P9J_DP_F_tmb (2024_11_13 09_19_52 UTC).png	D:\一轮\hermes_无人物\备份_2023-08-17_HSLQ2MD1~)({%96P9J_DP_F_tmb (2024_11_13 09_19_52 UTC).jpg
D:\一轮\hermes_无人物\备份_2023-08-17_U_SMWJ6I@%@ROZ7]{$U}JJA_tmb (2024_11_13 09_19_52 UTC).png	D:\一轮\hermes_无人物\备份_2023-08-17_U_SMWJ6I@%@ROZ7]{$U}JJA_tmb (2024_11_13 09_19_52 UTC).jpg
D:\一轮\hermes_无人物\备份_2023-08-20_55{RUH4_3CL~16YT(HR@0E5_tmb (2024_11_13 09_19_52 UTC).png	D:\一轮\hermes_无人物\备份_2023-08-20_55{RUH4_3CL~16YT(HR@0E5_tmb (2024_11_13 09_19_52 UTC).jpg
D:\一轮\hermes_无人物\备份_2023-08-22_QZ))JE_T(0H{OM@1$(G(1I8_tmb (2024_11_13 09_19_52 UTC).png	D:\一轮\hermes_无人物\备份_2023-08-22_QZ))JE_T(0H{OM@1$(G(1I8_tmb (2024_11_13 09_19_52 UTC).jpg
D:\一轮\hermes_无人物\备份_2023-08-24_NTM9XF8IWU3LF{102C994QB_tmb (2024_11_13 09_19_52 UTC).jpg	D:\一轮\hermes_无人物\备份_2023-08-24_NTM9XF8IWU3LF{102C994QB_tmb (2024_11_13 09_19_52 UTC).png
D:\一轮\hermes_无人物\备份_2023-08-24_SX{J08H$%44~YV_F_NHR_`4_tmb (2024_11_13 09_19_52 UTC).png	D:\一轮\hermes_无人物\备份_2023-08-24_SX{J08H$%44~YV_F_NHR_`4_tmb (2024_11_13 09_19_52 UTC).jpg
D:\一轮\hermes_无人物\备份_2023-08-24__1E[QWZ0{0_Q8UT)IRYT83S_tmb (2024_11_13 09_19_52 UTC).jpg	D:\一轮\hermes_无人物\备份_2023-08-24__1E[QWZ0{0_Q8UT)IRYT83S_tmb (2024_11_13 09_19_52 UTC).png
D:\一轮\hermes_无人物\备份_2023-08-30_35JBQL_J%M36XDIYFB2A2DG_tmb (2024_11_13 09_19_52 UTC).bmp	D:\一轮\hermes_无人物\备份_2023-08-30_35JBQL_J%M36XDIYFB2A2DG_tmb (2024_11_13 09_19_52 UTC).png
D:\一轮\hermes_无人物\备份_2023-08-31_EOW_C_N0{52FY[L5A]RA5FD_tmb (2024_11_13 09_19_52 UTC).bmp	D:\一轮\hermes_无人物\备份_2023-08-31_EOW_C_N0{52FY[L5A]RA5FD_tmb (2024_11_13 09_19_52 UTC).jpg
D:\一轮\hermes_无人物\备份_2023-09-02_9$IZVRM(A6V$W67T{CUBVYI_tmb (2024_11_13 09_19_52 UTC).png	D:\一轮\hermes_无人物\备份_2023-09-02_9$IZVRM(A6V$W67T{CUBVYI_tmb (2024_11_13 09_19_52 UTC).jpg
D:\一轮\hermes_无人物\备份_2023-09-06_LH{9IF{@`LK6B$G6URK``3O_tmb (2024_11_13 09_19_52 UTC).png	D:\一轮\hermes_无人物\备份_2023-09-06_LH{9IF{@`LK6B$G6URK``3O_tmb (2024_11_13 09_19_52 UTC).jpg
D:\一轮\hermes_无人物\备份_2023-09-07_79{}4UHA6VAEN1VD{P`[8FG_tmb (2024_11_13 09_19_52 UTC).png	D:\一轮\hermes_无人物\备份_2023-09-07_79{}4UHA6VAEN1VD{P`[8FG_tmb (2024_11_13 09_19_52 UTC).jpg
D:\一轮\hermes_无人物\备份_2023-09-09_$AV)NBNXSML3RW`L8{$A]4Q_tmb (2024_11_13 09_19_52 UTC).png	D:\一轮\hermes_无人物\备份_2023-09-09_$AV)NBNXSML3RW`L8{$A]4Q_tmb (2024_11_13 09_19_52 UTC).jpg
D:\一轮\hermes_无人物\备份_2023-09-14_RU%@`}({T(F`QNA146CWOFF_tmb (2024_11_13 09_19_52 UTC).png	D:\一轮\hermes_无人物\备份_2023-09-14_RU%@`}({T(F`QNA146CWOFF_tmb (2024_11_13 09_19_52 UTC).jpg
D:\一轮\hermes_无人物\备份_2023-09-15_}FLYF{6UJJ3YEUL6$O4F6@X_tmb (2024_11_13 09_19_52 UTC).jpg	D:\一轮\hermes_无人物\备份_2023-09-15_}FLYF{6UJJ3YEUL6$O4F6@X_tmb (2024_11_13 09_19_52 UTC).png
D:\一轮\hermes_无人物\备份_2023-09-17_EFISVN0I0Q@XK~]J_@{698T_tmb (2024_11_13 09_19_52 UTC).png	D:\一轮\hermes_无人物\备份_2023-09-17_EFISVN0I0Q@XK~]J_@{698T_tmb (2024_11_13 09_19_52 UTC).jpg
D:\一轮\hermes_无人物\备份_2023-09-20_RAG(([}894{0E4I)%L6UAEU_tmb (2024_11_13 09_19_52 UTC).png	D:\一轮\hermes_无人物\备份_2023-09-20_RAG(([}894{0E4I)%L6UAEU_tmb (2024_11_13 09_19_52 UTC).jpg
D:\一轮\hermes_无人物\备份_2023-09-20__TUD`{~PVZ]IDZ[L$$MX@X7_tmb (2024_11_13 09_19_52 UTC).png	D:\一轮\hermes_无人物\备份_2023-09-20__TUD`{~PVZ]IDZ[L$$MX@X7_tmb (2024_11_13 09_19_52 UTC).jpg
D:\一轮\hermes_无人物\备份_2023-09-27_]E}%8)@6[~{PTWEY6F[2LTS_tmb (2024_11_13 09_19_52 UTC).png	D:\一轮\hermes_无人物\备份_2023-09-27_]E}%8)@6[~{PTWEY6F[2LTS_tmb (2024_11_13 09_19_52 UTC).jpg
D:\一轮\hermes_无人物\备份_2023-09-29_8300}MDSE{J]%[53K~03O{6_tmb (2024_11_13 09_19_52 UTC).png	D:\一轮\hermes_无人物\备份_2023-09-29_8300}MDSE{J]%[53K~03O{6_tmb (2024_11_13 09_19_52 UTC).jpg
D:\一轮\hermes_无人物\备份_2023-09-29_{GY[1$C$CFY4PQL@2(W)1E7_tmb (2024_11_13 09_19_52 UTC).png	D:\一轮\hermes_无人物\备份_2023-09-29_{GY[1$C$CFY4PQL@2(W)1E7_tmb (2024_11_13 09_19_52 UTC).jpg
D:\一轮\hermes_无人物\备份_2023-10-01_1$T7EENF7M]W8OUN2Z83{MT_tmb (2024_11_13 09_19_52 UTC).png	D:\一轮\hermes_无人物\备份_2023-10-01_1$T7EENF7M]W8OUN2Z83{MT_tmb (2024_11_13 09_19_52 UTC).jpg
D:\一轮\hermes_无人物\备份_2023-10-06_8N{1XZ)I3_9QP{4)2HIVENM_tmb (2024_11_13 09_19_52 UTC).PNG	D:\一轮\hermes_无人物\备份_2023-10-06_8N{1XZ)I3_9QP{4)2HIVENM_tmb (2024_11_13 09_19_52 UTC).jpg
D:\一轮\hermes_无人物\备份_2023-10-08_4MYX6QQ48@)NFOSY7@AZY{R_tmb (2024_11_13 09_19_52 UTC).jpg	D:\一轮\hermes_无人物\备份_2023-10-08_4MYX6QQ48@)NFOSY7@AZY{R_tmb (2024_11_13 09_19_52 UTC).png
D:\一轮\hermes_无人物\备份_2023-10-13_CCG[[O08G8{S[``%0%}5IP0_tmb (2024_11_13 09_19_52 UTC).png	D:\一轮\hermes_无人物\备份_2023-10-13_CCG[[O08G8{S[``%0%}5IP0_tmb (2024_11_13 09_19_52 UTC).jpg
D:\一轮\hermes_无人物\备份_2023-10-18_4~%~UK3${`WZ`IX0%BM0ECT_tmb (2024_11_13 09_19_52 UTC).png	D:\一轮\hermes_无人物\备份_2023-10-18_4~%~UK3${`WZ`IX0%BM0ECT_tmb (2024_11_13 09_19_52 UTC).jpg
D:\一轮\hermes_无人物\备份_2023-10-18_6$FDKQ{${{BD9NZGM75@CLL_tmb (2024_11_13 09_19_52 UTC).png	D:\一轮\hermes_无人物\备份_2023-10-18_6$FDKQ{${{BD9NZGM75@CLL_tmb (2024_11_13 09_19_52 UTC).jpg
D:\一轮\hermes_无人物\备份_2023-10-19_Z]IXH87]OSTKA{BG3D9~$~E_tmb (2024_11_13 09_19_52 UTC).jpg	D:\一轮\hermes_无人物\备份_2023-10-19_Z]IXH87]OSTKA{BG3D9~$~E_tmb (2024_11_13 09_19_52 UTC).png
D:\一轮\hermes_无人物\备份_2023-10-25_C@TK]_UZ6)IFW`N02_V[Y{W_tmb (2024_11_13 09_19_52 UTC).png	D:\一轮\hermes_无人物\备份_2023-10-25_C@TK]_UZ6)IFW`N02_V[Y{W_tmb (2024_11_13 09_19_52 UTC).jpg
D:\一轮\hermes_无人物\备份_2023-10-26_8F0DD5Q)L{XL}EB8TGEK4ZK_tmb (2024_11_13 09_19_52 UTC).jpg	D:\一轮\hermes_无人物\备份_2023-10-26_8F0DD5Q)L{XL}EB8TGEK4ZK_tmb (2024_11_13 09_19_52 UTC).png
D:\一轮\hermes_无人物\备份_2023-10-26_F@R}E((95_O{3RN(}G40VKH_tmb (2024_11_13 09_19_52 UTC).png	D:\一轮\hermes_无人物\备份_2023-10-26_F@R}E((95_O{3RN(}G40VKH_tmb (2024_11_13 09_19_52 UTC).jpg
D:\一轮\hermes_无人物\备份_2023-10-27_5PBB0%)BXG{RXZU76KF@294_tmb (2024_11_13 09_19_52 UTC).png	D:\一轮\hermes_无人物\备份_2023-10-27_5PBB0%)BXG{RXZU76KF@294_tmb (2024_11_13 09_19_52 UTC).jpg
D:\一轮\hermes_无人物\备份_2023-10-30_}Z)__ZUROBJIE9KIET}{IYW_tmb (2024_11_13 09_19_52 UTC).png	D:\一轮\hermes_无人物\备份_2023-10-30_}Z)__ZUROBJIE9KIET}{IYW_tmb (2024_11_13 09_19_52 UTC).jpg
D:\一轮\hermes_无人物\备份_2023-11-02_@RLO}N{{%~~JO1]$_EO4QOV_tmb (2024_11_13 09_19_52 UTC).png	D:\一轮\hermes_无人物\备份_2023-11-02_@RLO}N{{%~~JO1]$_EO4QOV_tmb (2024_11_13 09_19_52 UTC).jpg
D:\一轮\hermes_无人物\备份_2023-11-08_1UC9F6PCA~D%R8)99MO}I{X_tmb (2024_11_13 09_19_52 UTC).png	D:\一轮\hermes_无人物\备份_2023-11-08_1UC9F6PCA~D%R8)99MO}I{X_tmb (2024_11_13 09_19_52 UTC).jpg
D:\一轮\hermes_无人物\备份_2025-03-11_2}KQHF%B4H`SX_(25VV8RV6.jpg	D:\一轮\hermes_无人物\备份_2025-03-11_2}KQHF%B4H`SX_(25VV8RV6.png
D:\一轮\hermes_无人物\备份_2025-03-11_X[%W8O$HW6FK91DM3RIN8]S.jpg	D:\一轮\hermes_无人物\备份_2025-03-11_X[%W8O$HW6FK91DM3RIN8]S.png
D:\一轮\hermes_无人物\备份_2025-03-13_4MYVMZGBYMJT{CWGQZ2_$H9.JPG	D:\一轮\hermes_无人物\备份_2025-03-13_4MYVMZGBYMJT{CWGQZ2_$H9.png
D:\一轮\hermes_无人物\备份_2025-03-14_(9`IU2UO71E7{`}%(H[NICY.jpg	D:\一轮\hermes_无人物\备份_2025-03-14_(9`IU2UO71E7{`}%(H[NICY.png
D:\一轮\hermes_无人物\备份_2025-03-14_CNVQYB%D}PA4O@L85J15U}5.jpg	D:\一轮\hermes_无人物\备份_2025-03-14_CNVQYB%D}PA4O@L85J15U}5.png
D:\一轮\hermes_无人物\备份_2025-03-14_M_UP$OIRRH_V{$BJ6DFV)%W.jpg	D:\一轮\hermes_无人物\备份_2025-03-14_M_UP$OIRRH_V{$BJ6DFV)%W.png
D:\一轮\hermes_无人物\备份_2025-03-14_MO%NVZP7UF{_5(`6S9JC000.jpg	D:\一轮\hermes_无人物\备份_2025-03-14_MO%NVZP7UF{_5(`6S9JC000.png
D:\一轮\hermes_无人物\备份_2025-03-17_(4~E`$71PO{UONIUB1ZTPGT.png	D:\一轮\hermes_无人物\备份_2025-03-17_(4~E`$71PO{UONIUB1ZTPGT.jpg
D:\一轮\hermes_无人物\备份_2025-03-19_RO0]0MY0BGGU$X__M8A6S{G.jpg	D:\一轮\hermes_无人物\备份_2025-03-19_RO0]0MY0BGGU$X__M8A6S{G.png
D:\一轮\hermes_无人物\备份_2025-03-19_UL@R%GIYMU_@EN0C{]ER$$L.jpg	D:\一轮\hermes_无人物\备份_2025-03-19_UL@R%GIYMU_@EN0C{]ER$$L.png
D:\一轮\hermes_无人物\备份_2025-03-20_81IF_BI%@CG[V`XHF93X57K.jpg	D:\一轮\hermes_无人物\备份_2025-03-20_81IF_BI%@CG[V`XHF93X57K.png
D:\一轮\hermes_无人物\备份_2025-03-21_B)LBKXE4_3BHP]{N@]@~_F9.jpg	D:\一轮\hermes_无人物\备份_2025-03-21_B)LBKXE4_3BHP]{N@]@~_F9.png
D:\一轮\hermes_无人物\备份_2025-04-03_EWZ%AI`O272BI}X{J(1KL`B.jpg	D:\一轮\hermes_无人物\备份_2025-04-03_EWZ%AI`O272BI}X{J(1KL`B.png
D:\一轮\hermes_无人物\备份_2025-04-04_ERX`J%0WLR%ZKE$FL[GXRYN.jpg	D:\一轮\hermes_无人物\备份_2025-04-04_ERX`J%0WLR%ZKE$FL[GXRYN.png
D:\一轮\hermes_无人物\备份_2025-04-04_LZ~NCF`64D({R%I5CLM%U58.jpg	D:\一轮\hermes_无人物\备份_2025-04-04_LZ~NCF`64D({R%I5CLM%U58.png
D:\一轮\hermes_无人物\备份_2025-04-04_WIVKXX)4Y{OQYD)$]TXT694.jpg	D:\一轮\hermes_无人物\备份_2025-04-04_WIVKXX)4Y{OQYD)$]TXT694.png
D:\一轮\hermes_无人物\备份_2025-04-05_`8QHVYQZFC2JE@E$`3${%EP.jpg	D:\一轮\hermes_无人物\备份_2025-04-05_`8QHVYQZFC2JE@E$`3${%EP.png
D:\一轮\hermes_无人物\备份_2025-04-09_63]XNLQTQL`$2P2BYU}%[B0.jpg	D:\一轮\hermes_无人物\备份_2025-04-09_63]XNLQTQL`$2P2BYU}%[B0.png
D:\一轮\hermes_无人物\备份_2025-04-09_Y[(Q6~D`4O1%$N4WBKAQOAI.jpg	D:\一轮\hermes_无人物\备份_2025-04-09_Y[(Q6~D`4O1%$N4WBKAQOAI.png
D:\一轮\hermes_无人物\备份_2025-04-09__I4MU{MA1JQ{}MWP}MBOZ4E.jpg	D:\一轮\hermes_无人物\备份_2025-04-09__I4MU{MA1JQ{}MWP}MBOZ4E.png
D:\一轮\hermes_无人物\备份_2025-04-11_EL]@Q404T@_ULR)]T{FV{[S.JPG	D:\一轮\hermes_无人物\备份_2025-04-11_EL]@Q404T@_ULR)]T{FV{[S.png
D:\一轮\hermes_无人物\备份_2025-04-11_QRSH4@B))RH{DO1`@`P}3_B.jpg	D:\一轮\hermes_无人物\备份_2025-04-11_QRSH4@B))RH{DO1`@`P}3_B.png
D:\一轮\hermes_无人物\备份_2025-04-11_TRV@BC8WT{YC`ZCU3XCX7~6.jpg	D:\一轮\hermes_无人物\备份_2025-04-11_TRV@BC8WT{YC`ZCU3XCX7~6.png
D:\一轮\hermes_无人物\备份_2025-04-11_{WX3QP`L@]R%_M}V91C~60Y.jpg	D:\一轮\hermes_无人物\备份_2025-04-11_{WX3QP`L@]R%_M}V91C~60Y.png
D:\一轮\hermes_无人物\备份_2025-04-14_Y8{VOA)ZI){$4Z_O3H0KUVO.jpg	D:\一轮\hermes_无人物\备份_2025-04-14_Y8{VOA)ZI){$4Z_O3H0KUVO.png
D:\一轮\hermes_无人物\备份_2025-04-15_SP9CV%A18@`97BC11X9`W1A.JPG	D:\一轮\hermes_无人物\备份_2025-04-15_SP9CV%A18@`97BC11X9`W1A.png
D:\一轮\hermes_无人物\备份_2025-04-17_T5URRD%FWSGBTM8TVOP}WTU.jpg	D:\一轮\hermes_无人物\备份_2025-04-17_T5URRD%FWSGBTM8TVOP}WTU.webp
D:\一轮\hermes_无人物\备份_2025-04-28_B]KY~LG%5ZQ[AEOM)(N(_29.jpg	D:\一轮\hermes_无人物\备份_2025-04-28_B]KY~LG%5ZQ[AEOM)(N(_29.png
D:\一轮\hermes_无人物\备份_2025-04-28_OJZW_OH[O)8J1ZIOL01W@{N.jpg	D:\一轮\hermes_无人物\备份_2025-04-28_OJZW_OH[O)8J1ZIOL01W@{N.png
D:\一轮\hermes_无人物\备份_2025-04-28_OP[HCDN9B[`6%ME%F8~3@HH.jpg	D:\一轮\hermes_无人物\备份_2025-04-28_OP[HCDN9B[`6%ME%F8~3@HH.gif
D:\一轮\hermes_无人物\备份_2025-04-28_UC_2%%338`8W2FJ]CLUBLFD.jpg	D:\一轮\hermes_无人物\备份_2025-04-28_UC_2%%338`8W2FJ]CLUBLFD.png
D:\一轮\hermes_无人物\备份_2025-05-09_DQAM$J0NW45Z{4)WVBYK`XQ.jpg	D:\一轮\hermes_无人物\备份_2025-05-09_DQAM$J0NW45Z{4)WVBYK`XQ.png
D:\一轮\hermes_无人物\备份_2025-05-12_A8DYD`SMEM2%)6TU506{VL5.jpg	D:\一轮\hermes_无人物\备份_2025-05-12_A8DYD`SMEM2%)6TU506{VL5.png
D:\一轮\hermes_无人物\备份_2025-05-12_X(OSQ4HKAP{A99~)9@1D6Y3.jpg	D:\一轮\hermes_无人物\备份_2025-05-12_X(OSQ4HKAP{A99~)9@1D6Y3.gif
D:\一轮\hermes_无人物\备份_2025-05-19_EF47K39T_%X~]F()$HBUOO7.jpg	D:\一轮\hermes_无人物\备份_2025-05-19_EF47K39T_%X~]F()$HBUOO7.png
D:\一轮\hermes_无人物\备份_2025-05-19_~)JKY$ULD$L78F`2)GWM{G4.jpg	D:\一轮\hermes_无人物\备份_2025-05-19_~)JKY$ULD$L78F`2)GWM{G4.gif
D:\一轮\hermes_无人物\备份_2025-05-20_DQ{)9MEY%Z)QW`$XHY~RY$V.jpg	D:\一轮\hermes_无人物\备份_2025-05-20_DQ{)9MEY%Z)QW`$XHY~RY$V.png
D:\一轮\hermes_无人物\备份_2025-05-20_L4Y26%~_U3$9GRM[UVN09BI.jpg	D:\一轮\hermes_无人物\备份_2025-05-20_L4Y26%~_U3$9GRM[UVN09BI.png
D:\一轮\hermes_无人物\备份_2025-05-23_2OPVZ8NZL9I`]5)%R5_4IGT.jpg	D:\一轮\hermes_无人物\备份_2025-05-23_2OPVZ8NZL9I`]5)%R5_4IGT.png
D:\一轮\hermes_无人物\备份_2025-05-27_PP}SBMP436}`B_]38%@J~48.jpg	D:\一轮\hermes_无人物\备份_2025-05-27_PP}SBMP436}`B_]38%@J~48.png
D:\一轮\hermes_无人物\备份_2025-05-31_LF@LQE7N50Y[7HZM]66IH%C.JPG	D:\一轮\hermes_无人物\备份_2025-05-31_LF@LQE7N50Y[7HZM]66IH%C.png
D:\一轮\hermes_无人物\备份_2025-06-07_}7{ITX[WH}}8W9BNBGRO5EU.jpg	D:\一轮\hermes_无人物\备份_2025-06-07_}7{ITX[WH}}8W9BNBGRO5EU.png
D:\一轮\hermes_无人物\备份_2025-06-11_WQQ%RLGX~TF2{BMJOWF4%08.jpg	D:\一轮\hermes_无人物\备份_2025-06-11_WQQ%RLGX~TF2{BMJOWF4%08.png
D:\一轮\hermes_无人物\备份_2025-06-12_2__ZE(OJS{IK@$@F5RO$QHH.jpg	D:\一轮\hermes_无人物\备份_2025-06-12_2__ZE(OJS{IK@$@F5RO$QHH.png
D:\一轮\hermes_无人物\备份_2025-06-12_R[G@]O8%X)@F`O[H4MD[I_H.jpg	D:\一轮\hermes_无人物\备份_2025-06-12_R[G@]O8%X)@F`O[H4MD[I_H.png
D:\一轮\hermes_无人物\备份_2025-06-12_T6D@D)9$$GD`A$21U_%F9IK.jpg	D:\一轮\hermes_无人物\备份_2025-06-12_T6D@D)9$$GD`A$21U_%F9IK.png
D:\一轮\hermes_无人物\备份_2025-06-12_{%EEM1~B_J[[1F0[B9VI85Q.jpg	D:\一轮\hermes_无人物\备份_2025-06-12_{%EEM1~B_J[[1F0[B9VI85Q.png
D:\一轮\hermes_无人物\备份_2025-06-12_~7OT`UFQ)UH{)8FGFEURSYM.jpg	D:\一轮\hermes_无人物\备份_2025-06-12_~7OT`UFQ)UH{)8FGFEURSYM.png
D:\一轮\hermes_无人物\备份_2025-06-14_1}EHSANNUYH5YX%RH%I}E@6.jpg	D:\一轮\hermes_无人物\备份_2025-06-14_1}EHSANNUYH5YX%RH%I}E@6.png
D:\一轮\hermes_无人物\备份_2025-06-14_R86(NW{ZY95(9Y8H]4B)KIL.jpg	D:\一轮\hermes_无人物\备份_2025-06-14_R86(NW{ZY95(9Y8H]4B)KIL.png
D:\一轮\hermes_无人物\备份_2025-06-20_7Z}X$[G@4OIXCTQ8TL4%BGG.jpg	D:\一轮\hermes_无人物\备份_2025-06-20_7Z}X$[G@4OIXCTQ8TL4%BGG.png
D:\一轮\hermes_无人物\备份_2025-06-21_%6JQWZ)OH7U7HI0$MVSUX]P.jpg	D:\一轮\hermes_无人物\备份_2025-06-21_%6JQWZ)OH7U7HI0$MVSUX]P.png
D:\一轮\hermes_无人物\备份_2025-06-21_3S_]_R@FKIV7K9U2%LMVRR7.jpg	D:\一轮\hermes_无人物\备份_2025-06-21_3S_]_R@FKIV7K9U2%LMVRR7.png
D:\一轮\hermes_无人物\备份_2025-06-22_[W0_)G)J2W%3HYNB`RVSTTN.jpg	D:\一轮\hermes_无人物\备份_2025-06-22_[W0_)G)J2W%3HYNB`RVSTTN.png
D:\一轮\hermes_无人物\备份_2025-07-31_M%HP2ZWYE$]0$QQO}5TNDWO.jpg	D:\一轮\hermes_无人物\备份_2025-07-31_M%HP2ZWYE$]0$QQO}5TNDWO.png
D:\一轮\hermes_无人物\备份_2025-07-31_XW6QA0{XKHUSD7I11[0FSQQ.jpg	D:\一轮\hermes_无人物\备份_2025-07-31_XW6QA0{XKHUSD7I11[0FSQQ.png
D:\一轮\hermes_无人物\备份_2025-08-04_4$TI%N@ED{)(95}RKMBG05W.jpg	D:\一轮\hermes_无人物\备份_2025-08-04_4$TI%N@ED{)(95}RKMBG05W.gif
D:\一轮\hermes_无人物\备份_2025-08-06_5[[[6A[KKIUF`M9]@[26{HQ.jpg	D:\一轮\hermes_无人物\备份_2025-08-06_5[[[6A[KKIUF`M9]@[26{HQ.png
D:\一轮\hermes_无人物\备份_2025-08-07_PJ)F0]X33@PWZN(T5{(8TEY.jpg	D:\一轮\hermes_无人物\备份_2025-08-07_PJ)F0]X33@PWZN(T5{(8TEY.png
D:\一轮\hermes_无人物\备份_2025-08-07_P]{Z%@$BUXW2D)W9E@W~S@4.jpg	D:\一轮\hermes_无人物\备份_2025-08-07_P]{Z%@$BUXW2D)W9E@W~S@4.png
D:\一轮\hermes_无人物\备份_2025-08-08_{_~8H6`Y()RMYAW_$SY3$Y5.jpg	D:\一轮\hermes_无人物\备份_2025-08-08_{_~8H6`Y()RMYAW_$SY3$Y5.png
D:\一轮\hermes_无人物\备份_2025-08-18_5]~OR08H`6VCG@CO0[%B0%W.jpg	D:\一轮\hermes_无人物\备份_2025-08-18_5]~OR08H`6VCG@CO0[%B0%W.png
D:\一轮\hermes_无人物\备份_2025-08-18_PI8@}T%%6BIC]JG)N{R_U86.jpg	D:\一轮\hermes_无人物\备份_2025-08-18_PI8@}T%%6BIC]JG)N{R_U86.png
D:\一轮\hermes_无人物\备份_2025-08-18_~VI{L2J4[{4XJ$_04]UV9]T.jpg	D:\一轮\hermes_无人物\备份_2025-08-18_~VI{L2J4[{4XJ$_04]UV9]T.png
D:\一轮\hermes_无人物\备份_2025-08-19_7Z6V@7%}FW`6UQFUYJFV%FU.jpg	D:\一轮\hermes_无人物\备份_2025-08-19_7Z6V@7%}FW`6UQFUYJFV%FU.png
D:\一轮\hermes_无人物\备份_2025-08-19_QV2]SV8%@RS3691YCPX`6$1.jpg	D:\一轮\hermes_无人物\备份_2025-08-19_QV2]SV8%@RS3691YCPX`6$1.png
D:\一轮\hermes_无人物\备份_2025-08-20_Y~376D$K9K}IL_`G1S%3%IO.jpg	D:\一轮\hermes_无人物\备份_2025-08-20_Y~376D$K9K}IL_`G1S%3%IO.png
D:\一轮\hermes_无人物\备份_2025-08-25_{SC@Q)17{(NI$1[8_NEC2[L.jpg	D:\一轮\hermes_无人物\备份_2025-08-25_{SC@Q)17{(NI$1[8_NEC2[L.png
D:\一轮\hermes_无人物\备份_2025-08-26_%K`27MPIVN@122F6OH@@EFW.jpg	D:\一轮\hermes_无人物\备份_2025-08-26_%K`27MPIVN@122F6OH@@EFW.gif
D:\一轮\hermes_无人物\备份_2025-08-27_K%9A3GQP[5V9Q$6~HRLYBOX.jpg	D:\一轮\hermes_无人物\备份_2025-08-27_K%9A3GQP[5V9Q$6~HRLYBOX.png
D:\一轮\hermes_无人物\备份_2025-08-28_LVR5@3[S3`5U{V{`PI$7F7K.jpg	D:\一轮\hermes_无人物\备份_2025-08-28_LVR5@3[S3`5U{V{`PI$7F7K.gif
D:\一轮\hermes_无人物\备份_2025-09-01_@C~{8[R6HH(XXUA_~N{SQFP.jpg	D:\一轮\hermes_无人物\备份_2025-09-01_@C~{8[R6HH(XXUA_~N{SQFP.png
D:\一轮\hermes_无人物\备份_2025-09-01_H@0[0VD%QA0MZ3U%)T8CYQN.jpg	D:\一轮\hermes_无人物\备份_2025-09-01_H@0[0VD%QA0MZ3U%)T8CYQN.png
D:\一轮\hermes_无人物\备份_2025-09-03_XW$5`$M{[FT[@LW`P)I]%IG.jpg	D:\一轮\hermes_无人物\备份_2025-09-03_XW$5`$M{[FT[@LW`P)I]%IG.png
D:\一轮\hermes_无人物\备份_2025-09-05_DUJCHA]KUR3Q_D~L~Y%AW]Y.jpg	D:\一轮\hermes_无人物\备份_2025-09-05_DUJCHA]KUR3Q_D~L~Y%AW]Y.png
D:\一轮\hermes_无人物\备份_2025-09-05_~Y(PU@X20[_1W4${}4WR00B.jpg	D:\一轮\hermes_无人物\备份_2025-09-05_~Y(PU@X20[_1W4${}4WR00B.png
D:\一轮\hermes_无人物\备份_2025-09-06_2QRS]A)%W%4$(JS747NAP~3.jpg	D:\一轮\hermes_无人物\备份_2025-09-06_2QRS]A)%W%4$(JS747NAP~3.png
D:\一轮\hermes_无人物\备份_2025-09-06_F5V9(H3ASM$D$$W909ZY{DI.jpg	D:\一轮\hermes_无人物\备份_2025-09-06_F5V9(H3ASM$D$$W909ZY{DI.png
D:\一轮\hermes_无人物\备份_2025-09-08_[F{[_U)$]}%6B`[WC[Z~ETC.jpg	D:\一轮\hermes_无人物\备份_2025-09-08_[F{[_U)$]}%6B`[WC[Z~ETC.png
D:\一轮\hermes_无人物\备份_2025-09-12_(75NX%B21[_RBS@H1I08L95.jpg	D:\一轮\hermes_无人物\备份_2025-09-12_(75NX%B21[_RBS@H1I08L95.png
D:\一轮\hermes_无人物\备份_2025-09-12_6X69TBUDJW[E3{HH50P{F$7.jpg	D:\一轮\hermes_无人物\备份_2025-09-12_6X69TBUDJW[E3{HH50P{F$7.png
D:\一轮\hermes_无人物\备份_2025-09-12_@D4%XKLN8PJUPO~9__)37GW.jpg	D:\一轮\hermes_无人物\备份_2025-09-12_@D4%XKLN8PJUPO~9__)37GW.gif
D:\一轮\hermes_无人物\备份_2025-09-13_F~V[DE}32(JA6%~{0PN4%SB.jpg	D:\一轮\hermes_无人物\备份_2025-09-13_F~V[DE}32(JA6%~{0PN4%SB.png
D:\一轮\hermes_无人物\备份_2025-09-17_PK36`@{ES7X_GA904LSZ3GQ.jpg	D:\一轮\hermes_无人物\备份_2025-09-17_PK36`@{ES7X_GA904LSZ3GQ.png
D:\一轮\hermes_无人物\备份_2025-09-18_LH55N%~MIQ[VX1[)[]RN986.jpg	D:\一轮\hermes_无人物\备份_2025-09-18_LH55N%~MIQ[VX1[)[]RN986.png
D:\一轮\hermes_无人物\备份_2025-09-19_B%D{WH_3C2S`RVDMHT57R44.jpg	D:\一轮\hermes_无人物\备份_2025-09-19_B%D{WH_3C2S`RVDMHT57R44.png
D:\一轮\hermes_无人物\备份_2025-09-20_SS33~EC(7E{4BI)A9%9VJ}Q.jpg	D:\一轮\hermes_无人物\备份_2025-09-20_SS33~EC(7E{4BI)A9%9VJ}Q.png
D:\一轮\hermes_无人物\备份_2025-09-20___TP(X~$LMA{`[089{1(6JN.jpg	D:\一轮\hermes_无人物\备份_2025-09-20___TP(X~$LMA{`[089{1(6JN.png
D:\一轮\hermes_无人物\备份_2025-09-21_CARU23W{I5U31M~3[Q0@()Q.jpg	D:\一轮\hermes_无人物\备份_2025-09-21_CARU23W{I5U31M~3[Q0@()Q.png
D:\一轮\hermes_无人物\备份_2025-09-21_JP9J@5JFONN{)OFFP4C~]_M.jpg	D:\一轮\hermes_无人物\备份_2025-09-21_JP9J@5JFONN{)OFFP4C~]_M.png
D:\一轮\hermes_无人物\备份_2025-09-22_~{GH}5I_}5PQITWW3CK4HM3.jpg	D:\一轮\hermes_无人物\备份_2025-09-22_~{GH}5I_}5PQITWW3CK4HM3.png
D:\一轮\hermes_无人物\备份_2025-09-23_D%4[MK9D9`9L}$XY85{SIA9.jpg	D:\一轮\hermes_无人物\备份_2025-09-23_D%4[MK9D9`9L}$XY85{SIA9.png
D:\一轮\hermes_无人物\备份_2025-09-23_J5@NVP${I]B~VH)K(KR~8}Q.jpg	D:\一轮\hermes_无人物\备份_2025-09-23_J5@NVP${I]B~VH)K(KR~8}Q.png
D:\一轮\hermes_无人物\备份_2025-09-27_DJ6C08{F7ALU0%QBLJK}BBT.jpg	D:\一轮\hermes_无人物\备份_2025-09-27_DJ6C08{F7ALU0%QBLJK}BBT.png
D:\一轮\hermes_无人物\备份_2025-09-28_8)P8{31}`@~S(S`L57Q1GDA.jpg	D:\一轮\hermes_无人物\备份_2025-09-28_8)P8{31}`@~S(S`L57Q1GDA.png
D:\一轮\hermes_无人物\备份_2025-09-28_PN4{A4{VXFUGX%{GKD4PU$G.jpg	D:\一轮\hermes_无人物\备份_2025-09-28_PN4{A4{VXFUGX%{GKD4PU$G.png
D:\一轮\hermes_无人物\备份_2025-09-28_T]3RAJXM%6I})`@(%[9[_Q8.jpg	D:\一轮\hermes_无人物\备份_2025-09-28_T]3RAJXM%6I})`@(%[9[_Q8.png
D:\一轮\hermes_无人物\备份_2025-09-28_VJ~$0~(9H{0Y])T838XX0RV.jpg	D:\一轮\hermes_无人物\备份_2025-09-28_VJ~$0~(9H{0Y])T838XX0RV.png
D:\一轮\hermes_无人物\备份_2025-10-02_`H6%TKZ)4PC(KD`DNSG0S6M.jpg	D:\一轮\hermes_无人物\备份_2025-10-02_`H6%TKZ)4PC(KD`DNSG0S6M.png
D:\一轮\hermes_无人物\备份_2025-10-05_SVLV154~HJX3XF57E%W]T9Y.jpg	D:\一轮\hermes_无人物\备份_2025-10-05_SVLV154~HJX3XF57E%W]T9Y.gif
D:\一轮\hermes_无人物\备份_2025-10-09_3F08B]BYZ{(P{60SG_FV4}S.jpg	D:\一轮\hermes_无人物\备份_2025-10-09_3F08B]BYZ{(P{60SG_FV4}S.png
D:\一轮\hermes_无人物\备份_2025-10-09_BENZRN1G(%SZA1[I1]~]IMA.jpg	D:\一轮\hermes_无人物\备份_2025-10-09_BENZRN1G(%SZA1[I1]~]IMA.png
D:\一轮\hermes_无人物\备份_2025-10-10_B[CE@6A}TU5%J}BVLFJWA)I.jpg	D:\一轮\hermes_无人物\备份_2025-10-10_B[CE@6A}TU5%J}BVLFJWA)I.gif
D:\一轮\hermes_无人物\备份_2025-10-10_RK(SZW{0E}D(@@1@@X9QBTS.jpg	D:\一轮\hermes_无人物\备份_2025-10-10_RK(SZW{0E}D(@@1@@X9QBTS.png
D:\一轮\hermes_无人物\备份_2025-10-11_GCO2WITJN]{M7AJ7QX2P6%5.jpg	D:\一轮\hermes_无人物\备份_2025-10-11_GCO2WITJN]{M7AJ7QX2P6%5.png
D:\一轮\hermes_无人物\备份_2025-10-12_L6M@WR{QST_3[]6B{$1NPO0.jpg	D:\一轮\hermes_无人物\备份_2025-10-12_L6M@WR{QST_3[]6B{$1NPO0.gif
D:\一轮\hermes_无人物\备份_2025-10-21_JAX%RA[`@CG029CB}6QO@~9.jpg	D:\一轮\hermes_无人物\备份_2025-10-21_JAX%RA[`@CG029CB}6QO@~9.png
D:\一轮\hermes_无人物\备份_2025-10-21_M2J]NG6RQ1[0RH~~U}IAL%O.jpg	D:\一轮\hermes_无人物\备份_2025-10-21_M2J]NG6RQ1[0RH~~U}IAL%O.png
D:\一轮\hermes_无人物\备份_2025-10-21_`~MD3Z8QIN}1([{X0I[3}D1.jpg	D:\一轮\hermes_无人物\备份_2025-10-21_`~MD3Z8QIN}1([{X0I[3}D1.png
D:\一轮\hermes_无人物\备份_2025-10-21_{9VJE~BH1YX{A3C`7)70NFL.jpg	D:\一轮\hermes_无人物\备份_2025-10-21_{9VJE~BH1YX{A3C`7)70NFL.png
D:\一轮\hermes_无人物\备份_2025-10-22_ZI_ZBXB_4ZA2{MLPWRIY%X5.jpg	D:\一轮\hermes_无人物\备份_2025-10-22_ZI_ZBXB_4ZA2{MLPWRIY%X5.png
D:\一轮\hermes_无人物\备份_2025-10-23_B5$6`{S2SK1O7NPS91}WJGC.jpg	D:\一轮\hermes_无人物\备份_2025-10-23_B5$6`{S2SK1O7NPS91}WJGC.png
D:\一轮\hermes_无人物\备份_2025-10-24_DFUDNI]{Q0U662(6{$NKM@B.jpg	D:\一轮\hermes_无人物\备份_2025-10-24_DFUDNI]{Q0U662(6{$NKM@B.png
D:\一轮\hermes_无人物\备份_2025-10-26_~AO%`%SH)@M7CM[INB46DM8.jpg	D:\一轮\hermes_无人物\备份_2025-10-26_~AO%`%SH)@M7CM[INB46DM8.png
D:\一轮\hermes_无人物\备份_2025-10-28_7IM5G{RCXW2XNLO~P~7AT_D.jpg	D:\一轮\hermes_无人物\备份_2025-10-28_7IM5G{RCXW2XNLO~P~7AT_D.png
D:\一轮\hermes_无人物\备份_2025-10-29_Z)]VZ9I1EAH5}}V%K95M(]4.jpg	D:\一轮\hermes_无人物\备份_2025-10-29_Z)]VZ9I1EAH5}}V%K95M(]4.png
D:\一轮\hermes_无人物\备份_2025-11-03_7N{D$P}55B$}E[OPJD_H833.jpg	D:\一轮\hermes_无人物\备份_2025-11-03_7N{D$P}55B$}E[OPJD_H833.gif
D:\一轮\hermes_无人物\备份_2025-11-12__2QLG26}5%JWNYAT~8}{PTN.jpg	D:\一轮\hermes_无人物\备份_2025-11-12__2QLG26}5%JWNYAT~8}{PTN.png
D:\一轮\hermes_无人物\备份_2025-11-13_H16DUI5VMU0TX)J[{H%XC%3.jpg	D:\一轮\hermes_无人物\备份_2025-11-13_H16DUI5VMU0TX)J[{H%XC%3.gif
D:\一轮\hermes_无人物\备份_2025-11-14_B_BWL%YYDI{U6OKI_KHZHGT.jpg	D:\一轮\hermes_无人物\备份_2025-11-14_B_BWL%YYDI{U6OKI_KHZHGT.png
D:\一轮\hermes_无人物\备份_2025-11-19_J9(V~05N{RK5IT2E2N3`VJ6.jpg	D:\一轮\hermes_无人物\备份_2025-11-19_J9(V~05N{RK5IT2E2N3`VJ6.png
D:\一轮\hermes_无人物\备份_2025-11-19_~$U{T3{9SDB`8EUQ6QN0Y(H.jpg	D:\一轮\hermes_无人物\备份_2025-11-19_~$U{T3{9SDB`8EUQ6QN0Y(H.png
D:\一轮\hermes_无人物\备份_2025-11-21_8X)${TITME8APRDI{BL3D}O.jpg	D:\一轮\hermes_无人物\备份_2025-11-21_8X)${TITME8APRDI{BL3D}O.png
D:\一轮\hermes_无人物\备份_2025-12-02_5FFB3O}_F{P76X~9MQUJJ]E.jpg	D:\一轮\hermes_无人物\备份_2025-12-02_5FFB3O}_F{P76X~9MQUJJ]E.png
D:\一轮\hermes_无人物\备份_2025-12-20_93VM$A4X{R~29%VW198IX38.jpg	D:\一轮\hermes_无人物\备份_2025-12-20_93VM$A4X{R~29%VW198IX38.png
D:\一轮\hermes_无人物\备份_2025-12-20_N2@N6AFX{W3KBLVT964MR34.jpg	D:\一轮\hermes_无人物\备份_2025-12-20_N2@N6AFX{W3KBLVT964MR34.png
D:\一轮\hermes_无人物\备份_2025-12-22_L)%2UOI)LORNWT96)H@%QXI.jpg	D:\一轮\hermes_无人物\备份_2025-12-22_L)%2UOI)LORNWT96)H@%QXI.png
D:\一轮\hermes_无人物\备份_2025-12-23_207H{J@$QC5VGKI$(I(~NYP.jpg	D:\一轮\hermes_无人物\备份_2025-12-23_207H{J@$QC5VGKI$(I(~NYP.png
D:\一轮\hermes_无人物\备份_2025-12-23_I]LLILPB8J%9SSUQ5I04I28.jpg	D:\一轮\hermes_无人物\备份_2025-12-23_I]LLILPB8J%9SSUQ5I04I28.png
D:\一轮\hermes_无人物\备份_2025-12-23_{9`EROIFG_]JV%W9FYWVK]T.jpg	D:\一轮\hermes_无人物\备份_2025-12-23_{9`EROIFG_]JV%W9FYWVK]T.png
D:\一轮\hermes_无人物\备份_2025-12-25_4[X5C_HQ1{JK{JRZVEGM0U8.jpg	D:\一轮\hermes_无人物\备份_2025-12-25_4[X5C_HQ1{JK{JRZVEGM0U8.png
D:\一轮\hermes_无人物\备份_2025-12-25_Y0NI](N}}N]8(TIMZ27%Z~S.jpg	D:\一轮\hermes_无人物\备份_2025-12-25_Y0NI](N}}N]8(TIMZ27%Z~S.png
D:\一轮\hermes_无人物\备份_2025-12-25_{$%4`S6~{Z`W8YNHNQEPUTT.jpg	D:\一轮\hermes_无人物\备份_2025-12-25_{$%4`S6~{Z`W8YNHNQEPUTT.png
D:\一轮\hermes_无人物\备份_2025-12-26_6@`J4~[%({Q84L{W3FS`F$7.jpg	D:\一轮\hermes_无人物\备份_2025-12-26_6@`J4~[%({Q84L{W3FS`F$7.png
D:\一轮\hermes_无人物\备份_2025-12-27_{C@L(}_%1`@_R(HEX~5`]HJ.jpg	D:\一轮\hermes_无人物\备份_2025-12-27_{C@L(}_%1`@_R(HEX~5`]HJ.png
D:\一轮\hermes_无人物\备份_2025-12-28_9H~DPID@04S%HS4V86OT{26.jpg	D:\一轮\hermes_无人物\备份_2025-12-28_9H~DPID@04S%HS4V86OT{26.png
D:\一轮\hermes_无人物\备份_2025-12-30_4V8LAT3IX~6Q_RWOB%UW[RH.jpg	D:\一轮\hermes_无人物\备份_2025-12-30_4V8LAT3IX~6Q_RWOB%UW[RH.png
D:\一轮\hermes_无人物\备份_2025-12-30_734`C%SOSG(0VJ9PIC0`KG1.jpg	D:\一轮\hermes_无人物\备份_2025-12-30_734`C%SOSG(0VJ9PIC0`KG1.png
D:\一轮\hermes_无人物\备份_2025-12-30__VQ%`B3`YXAQA6]M9](EQZW.jpg	D:\一轮\hermes_无人物\备份_2025-12-30__VQ%`B3`YXAQA6]M9](EQZW.png
D:\一轮\hermes_无人物\备份_2025-12-30_`HPEW0NQIFFT`LI4$TV%_SL.jpg	D:\一轮\hermes_无人物\备份_2025-12-30_`HPEW0NQIFFT`LI4$TV%_SL.png
D:\一轮\hermes_无人物\备份_2025-12-30_{B}`4[F{WG2I65~YV@N5@W1.jpg	D:\一轮\hermes_无人物\备份_2025-12-30_{B}`4[F{WG2I65~YV@N5@W1.png
D:\一轮\hermes_无人物\备份_2026-01-16_MWZQ`2X[KZB09%F@23(57{V.jpg	D:\一轮\hermes_无人物\备份_2026-01-16_MWZQ`2X[KZB09%F@23(57{V.png
D:\一轮\hermes_无人物\备份_2026-01-16_S0HSFEUO3S52%)Q{GGQ84$G.jpg	D:\一轮\hermes_无人物\备份_2026-01-16_S0HSFEUO3S52%)Q{GGQ84$G.png
D:\一轮\hermes_无人物\备份_2026-01-18_UAQW8K`2662O%S7Z{AZ~ZU8.jpg	D:\一轮\hermes_无人物\备份_2026-01-18_UAQW8K`2662O%S7Z{AZ~ZU8.png
D:\一轮\hermes_无人物\备份_2026-01-20_`CU8]{)}AQ8KW{M_N]3$G]L.jpg	D:\一轮\hermes_无人物\备份_2026-01-20_`CU8]{)}AQ8KW{M_N]3$G]L.png
D:\一轮\hermes_无人物\备份_2026-01-21_A]BLK8I4%9W[81S[D{O(C8A.jpg	D:\一轮\hermes_无人物\备份_2026-01-21_A]BLK8I4%9W[81S[D{O(C8A.png
D:\一轮\hermes_无人物\备份_2026-01-21_`LHBB3BD)[6EB{K6P[ZECKQ.jpg	D:\一轮\hermes_无人物\备份_2026-01-21_`LHBB3BD)[6EB{K6P[ZECKQ.png
D:\一轮\hermes_无人物\备份_2026-01-24_M0IQ@}5SE1PDB@N%G31`~X0.jpg	D:\一轮\hermes_无人物\备份_2026-01-24_M0IQ@}5SE1PDB@N%G31`~X0.png
D:\一轮\hermes_无人物\备份_2026-01-28_OED8{O1T(Y)YI5$C34EKCCU.jpg	D:\一轮\hermes_无人物\备份_2026-01-28_OED8{O1T(Y)YI5$C34EKCCU.png
D:\一轮\hermes_无人物\备份_2026-01-28_]Y@6BROLULLY{55NRZKHX0S.jpg	D:\一轮\hermes_无人物\备份_2026-01-28_]Y@6BROLULLY{55NRZKHX0S.png
D:\一轮\hermes_无人物\备份_2026-01-30_EZK2}7E~(6{NBWTX6PF$~YA.jpg	D:\一轮\hermes_无人物\备份_2026-01-30_EZK2}7E~(6{NBWTX6PF$~YA.png
D:\一轮\hermes_无人物\备份_2026-02-02_7XGS}F0$}5ALH(FQ{GANLHT.jpg	D:\一轮\hermes_无人物\备份_2026-02-02_7XGS}F0$}5ALH(FQ{GANLHT.png
D:\一轮\hermes_无人物\备份_2026-02-02__{`I(7Q$ZLXW4H%@R`I~)~R.jpg	D:\一轮\hermes_无人物\备份_2026-02-02__{`I(7Q$ZLXW4H%@R`I~)~R.png
D:\一轮\hermes_无人物\备份_2026-02-04_)%$8B8GLOP%B]TL2KG4)HWM.jpg	D:\一轮\hermes_无人物\备份_2026-02-04_)%$8B8GLOP%B]TL2KG4)HWM.png
D:\一轮\hermes_无人物\备份_2026-02-04_1{F7J))YFYJ9}I)F657%{E3.jpg	D:\一轮\hermes_无人物\备份_2026-02-04_1{F7J))YFYJ9}I)F657%{E3.png
D:\一轮\hermes_无人物\备份_2026-02-04_V%7ZKE1J_BQ{~VG5[`DP53D.jpg	D:\一轮\hermes_无人物\备份_2026-02-04_V%7ZKE1J_BQ{~VG5[`DP53D.png
D:\一轮\hermes_无人物\备份_2026-02-05_DCI%ZE4GQ1V)SX_Q4SX%NFQ.jpg	D:\一轮\hermes_无人物\备份_2026-02-05_DCI%ZE4GQ1V)SX_Q4SX%NFQ.png
D:\一轮\hermes_无人物\备份_2026-02-05_LD6H[Y9PMQCJJ4{5VFJ[S0N.jpg	D:\一轮\hermes_无人物\备份_2026-02-05_LD6H[Y9PMQCJJ4{5VFJ[S0N.png
D:\一轮\hermes_无人物\备份_2026-02-05_VXF)EEXDWTMALZ{6]`OXZ2M.jpg	D:\一轮\hermes_无人物\备份_2026-02-05_VXF)EEXDWTMALZ{6]`OXZ2M.png
D:\一轮\hermes_无人物\备份_2026-02-08_E1YSK4D`MWJ_G({F]6G68KU.jpg	D:\一轮\hermes_无人物\备份_2026-02-08_E1YSK4D`MWJ_G({F]6G68KU.png
D:\一轮\hermes_无人物\备份_2026-02-10_{R[$NO{TA5TG[4TKHYJ2M{M.jpg	D:\一轮\hermes_无人物\备份_2026-02-10_{R[$NO{TA5TG[4TKHYJ2M{M.png
D:\一轮\hermes_无人物\备份_2026-02-11_[B`FF}0F~VI[CT{B9HGW@OE.jpg	D:\一轮\hermes_无人物\备份_2026-02-11_[B`FF}0F~VI[CT{B9HGW@OE.png
D:\一轮\hermes_无人物\备份_2026-02-11_`J5$JHYJWSQ@Y%[054(27W7.jpg	D:\一轮\hermes_无人物\备份_2026-02-11_`J5$JHYJWSQ@Y%[054(27W7.png
D:\一轮\hermes_无人物\备份_2026-02-18_GLGBK9D(%V3L695ON@$L%]1.jpg	D:\一轮\hermes_无人物\备份_2026-02-18_GLGBK9D(%V3L695ON@$L%]1.png
D:\一轮\hermes_无人物\备份_2026-02-21_CZ]%%6YZ$ER2A@J{V]GQ)EJ.jpg	D:\一轮\hermes_无人物\备份_2026-02-21_CZ]%%6YZ$ER2A@J{V]GQ)EJ.png
D:\一轮\hermes_无人物\备份_2026-02-24_)VC%LJIHI2%{I2$CG}9DH7Y.jpg	D:\一轮\hermes_无人物\备份_2026-02-24_)VC%LJIHI2%{I2$CG}9DH7Y.png
D:\一轮\hermes_无人物\备份_2026-02-24_2TUXEA{9DYELWWOZ`2(QAKP.jpg	D:\一轮\hermes_无人物\备份_2026-02-24_2TUXEA{9DYELWWOZ`2(QAKP.png
D:\一轮\hermes_无人物\备份_2026-02-26_M0YN0(I8EFU}R$34}%Y)FB8.jpg	D:\一轮\hermes_无人物\备份_2026-02-26_M0YN0(I8EFU}R$34}%Y)FB8.png
D:\一轮\hermes_无人物\备份_2026-02-26_YJ8O[@T)VK7ID{3MN$$8~E3.jpg	D:\一轮\hermes_无人物\备份_2026-02-26_YJ8O[@T)VK7ID{3MN$$8~E3.png
D:\一轮\hermes_无人物\备份_2026-03-02_85(73{%)[EY3_T6C_K0{@01.jpg	D:\一轮\hermes_无人物\备份_2026-03-02_85(73{%)[EY3_T6C_K0{@01.png
D:\一轮\hermes_无人物\备份_2026-03-05_JB3L2)_2%$F7I(WO~TT%W6H.jpg	D:\一轮\hermes_无人物\备份_2026-03-05_JB3L2)_2%$F7I(WO~TT%W6H.png
D:\一轮\hermes_无人物\备份_2026-04-06_H8{1~D]DI]${$$I00F9(@}Y.jpg	D:\一轮\hermes_无人物\备份_2026-04-06_H8{1~D]DI]${$$I00F9(@}Y.png
D:\一轮\hermes_无人物\备份_2026-04-06__]D$MJZXN[$I~KWK8FI{QW3.jpg	D:\一轮\hermes_无人物\备份_2026-04-06__]D$MJZXN[$I~KWK8FI{QW3.png
D:\一轮\hermes_无人物\备份_2026-04-15_DL1]F)GMYNQH~PAHUXKJP%9.jpg	D:\一轮\hermes_无人物\备份_2026-04-15_DL1]F)GMYNQH~PAHUXKJP%9.png
D:\一轮\hermes_无人物\有用_00VU)8J}OMVYO0{T40J~G4T.jpg	D:\一轮\hermes_无人物\有用_00VU)8J}OMVYO0{T40J~G4T.png
D:\一轮\hermes_无人物\有用_0D{_}_A@BA7Z91LE9BWN[AI_tmb (2024_11_13 09_19_52 UTC).png	D:\一轮\hermes_无人物\有用_0D{_}_A@BA7Z91LE9BWN[AI_tmb (2024_11_13 09_19_52 UTC).jpg
D:\一轮\hermes_无人物\有用_0I_F$~R0C_Z{CN)~H3BJ[MH.jpg	D:\一轮\hermes_无人物\有用_0I_F$~R0C_Z{CN)~H3BJ[MH.png
D:\一轮\hermes_无人物\有用_0PKLCHH19_D1~T[{50FF6WA_tmb (2024_11_13 09_19_52 UTC).bmp	D:\一轮\hermes_无人物\有用_0PKLCHH19_D1~T[{50FF6WA_tmb (2024_11_13 09_19_52 UTC).jpg
D:\一轮\hermes_无人物\有用_0Q}I%D3_WYAJUU200O8SWLS.jpg	D:\一轮\hermes_无人物\有用_0Q}I%D3_WYAJUU200O8SWLS.png
D:\一轮\hermes_无人物\有用_0T3@%HJD6{}NB)G)BN}JUUT.jpg	D:\一轮\hermes_无人物\有用_0T3@%HJD6{}NB)G)BN}JUUT.png
D:\一轮\hermes_无人物\有用_0WFEK`0}LH1{{HQJT4ANO%I.jpg	D:\一轮\hermes_无人物\有用_0WFEK`0}LH1{{HQJT4ANO%I.png
D:\一轮\hermes_无人物\有用_0]I@0)8SR{SU4SYIE%Z3_)U.jpg	D:\一轮\hermes_无人物\有用_0]I@0)8SR{SU4SYIE%Z3_)U.gif
D:\一轮\hermes_无人物\有用_0]_BA5R){@_LGFCS8Z(NMH3.jpg	D:\一轮\hermes_无人物\有用_0]_BA5R){@_LGFCS8Z(NMH3.png
D:\一轮\hermes_无人物\有用_1%6EFQIFEYNQ@`8O~BW3EAW.jpg	D:\一轮\hermes_无人物\有用_1%6EFQIFEYNQ@`8O~BW3EAW.png
D:\一轮\hermes_无人物\有用_1V9G9Y7OHOF1FVGR{GQRUCC.jpg	D:\一轮\hermes_无人物\有用_1V9G9Y7OHOF1FVGR{GQRUCC.png
D:\一轮\hermes_无人物\有用_1}K)PZ}{AEJA6X)UKJ~T%TJ.jpg	D:\一轮\hermes_无人物\有用_1}K)PZ}{AEJA6X)UKJ~T%TJ.png
D:\一轮\hermes_无人物\有用_2%}%3M2YPEGC3A{SG[(@4FW.jpg	D:\一轮\hermes_无人物\有用_2%}%3M2YPEGC3A{SG[(@4FW.png
D:\一轮\hermes_无人物\有用_25FV]}U9({$(8I7X]RQLLUU.jpg	D:\一轮\hermes_无人物\有用_25FV]}U9({$(8I7X]RQLLUU.png
D:\一轮\hermes_无人物\有用_2@{AY8GM0_1_82N1`_LJZ{3.jpg	D:\一轮\hermes_无人物\有用_2@{AY8GM0_1_82N1`_LJZ{3.png
D:\一轮\hermes_无人物\有用_2G$OX9Z{KSJ3FP)3C]CEZU1.jpg	D:\一轮\hermes_无人物\有用_2G$OX9Z{KSJ3FP)3C]CEZU1.png
D:\一轮\hermes_无人物\有用_2R6[C@]4`[4E372JND%JS19.jpg	D:\一轮\hermes_无人物\有用_2R6[C@]4`[4E372JND%JS19.png
D:\一轮\hermes_无人物\有用_2T7O]}1JJ8C)~Y]~ZH61H%W.jpg	D:\一轮\hermes_无人物\有用_2T7O]}1JJ8C)~Y]~ZH61H%W.png
D:\一轮\hermes_无人物\有用_2VOIYJ%QJ69U$5BG%O0PSJR.JPG	D:\一轮\hermes_无人物\有用_2VOIYJ%QJ69U$5BG%O0PSJR.png
D:\一轮\hermes_无人物\有用_2W7[7UUPVZ6DT3SI0%VJVRV.jpg	D:\一轮\hermes_无人物\有用_2W7[7UUPVZ6DT3SI0%VJVRV.png
D:\一轮\hermes_无人物\有用_2_TGY[0{7{`S9VZJJVHCUP3.jpg	D:\一轮\hermes_无人物\有用_2_TGY[0{7{`S9VZJJVHCUP3.png
D:\一轮\hermes_无人物\有用_2}BE`}1O3$GP]ZNS]%T68BA.jpg	D:\一轮\hermes_无人物\有用_2}BE`}1O3$GP]ZNS]%T68BA.png
D:\一轮\hermes_无人物\有用_2~%]{U18EBN3IW7[1B6]5[Q.jpg	D:\一轮\hermes_无人物\有用_2~%]{U18EBN3IW7[1B6]5[Q.png
D:\一轮\hermes_无人物\有用_347[9(SFB86QRJ)5VD{W[RD.jpg	D:\一轮\hermes_无人物\有用_347[9(SFB86QRJ)5VD{W[RD.png
D:\一轮\hermes_无人物\有用_3C8A9ILYR(JRF@7MLC{27EK.jpg	D:\一轮\hermes_无人物\有用_3C8A9ILYR(JRF@7MLC{27EK.png
D:\一轮\hermes_无人物\有用_3H)UWLC3G4[LZ){8YFDY(NX_tmb (2024_11_13 09_19_52 UTC).bmp	D:\一轮\hermes_无人物\有用_3H)UWLC3G4[LZ){8YFDY(NX_tmb (2024_11_13 09_19_52 UTC).jpg
D:\一轮\hermes_无人物\有用_3X3DUB5VK8`W}P3XER6)[{G.jpg	D:\一轮\hermes_无人物\有用_3X3DUB5VK8`W}P3XER6)[{G.png
D:\一轮\hermes_无人物\有用_3YLWH]7S`XMR{FPDEM}YY}3_tmb (2024_11_13 09_19_52 UTC).png	D:\一轮\hermes_无人物\有用_3YLWH]7S`XMR{FPDEM}YY}3_tmb (2024_11_13 09_19_52 UTC).jpg
D:\一轮\hermes_无人物\有用_451EQIWGJ3{Q1NU_AT7JDLS_tmb (2024_11_13 09_19_52 UTC).bmp	D:\一轮\hermes_无人物\有用_451EQIWGJ3{Q1NU_AT7JDLS_tmb (2024_11_13 09_19_52 UTC).jpg
D:\一轮\hermes_无人物\有用_9YUD_EB)YP{IATF9O(1UC23_tmb (2024_11_13 09_19_52 UTC).bmp	D:\一轮\hermes_无人物\有用_9YUD_EB)YP{IATF9O(1UC23_tmb (2024_11_13 09_19_52 UTC).png
D:\一轮\hermes_无人物\有用_9[W0}Y{7G)D02C@8P3K8_KO_tmb (2024_11_13 09_19_52 UTC).bmp	D:\一轮\hermes_无人物\有用_9[W0}Y{7G)D02C@8P3K8_KO_tmb (2024_11_13 09_19_52 UTC).jpg
D:\一轮\hermes_无人物\有用_9}2Q}1OH{@Y6W4JUSS7PWR6.JPG	D:\一轮\hermes_无人物\有用_9}2Q}1OH{@Y6W4JUSS7PWR6.png
D:\一轮\hermes_无人物\有用_@1L(4SF_(H2{VF}P5{YY6H9.jpg	D:\一轮\hermes_无人物\有用_@1L(4SF_(H2{VF}P5{YY6H9.png
D:\一轮\hermes_无人物\有用_@3W`TWMJ)X%}7WY$}33INIJ.jpg	D:\一轮\hermes_无人物\有用_@3W`TWMJ)X%}7WY$}33INIJ.png
D:\一轮\hermes_无人物\有用_@566QS}NPRTEIU%@)0FFZ)K.jpg	D:\一轮\hermes_无人物\有用_@566QS}NPRTEIU%@)0FFZ)K.png
D:\一轮\hermes_无人物\有用_@A0GU%L~9{`C2C43XKX%7HS_tmb (2024_11_13 09_19_52 UTC).bmp	D:\一轮\hermes_无人物\有用_@A0GU%L~9{`C2C43XKX%7HS_tmb (2024_11_13 09_19_52 UTC).jpg
D:\一轮\hermes_无人物\有用_AMG~@BE3R@F1PP%%GWDQ1U8.jpg	D:\一轮\hermes_无人物\有用_AMG~@BE3R@F1PP%%GWDQ1U8.png
D:\一轮\hermes_无人物\有用_AXJT%%JC@P6CO}4@MFUPGR4.jpg	D:\一轮\hermes_无人物\有用_AXJT%%JC@P6CO}4@MFUPGR4.png
D:\一轮\hermes_无人物\有用_A[S`EI$M(HQTQ4K({QDJZ}C_tmb (2024_11_13 09_19_52 UTC).png	D:\一轮\hermes_无人物\有用_A[S`EI$M(HQTQ4K({QDJZ}C_tmb (2024_11_13 09_19_52 UTC).jpg
D:\一轮\hermes_无人物\有用_A]{Y8EXN0[$UBHO3T445XDD.jpg	D:\一轮\hermes_无人物\有用_A]{Y8EXN0[$UBHO3T445XDD.png
D:\一轮\hermes_无人物\有用_A{MB{$EB%VI5URADXG9~PYS.jpg	D:\一轮\hermes_无人物\有用_A{MB{$EB%VI5URADXG9~PYS.png
D:\一轮\hermes_无人物\有用_B7%U785_%HE(X{OM%HINALW.JPG	D:\一轮\hermes_无人物\有用_B7%U785_%HE(X{OM%HINALW.png
D:\一轮\hermes_无人物\有用_BA4CAMO{_L~)0D_1`9SIBNK.jpg	D:\一轮\hermes_无人物\有用_BA4CAMO{_L~)0D_1`9SIBNK.png
D:\一轮\hermes_无人物\有用_BFS(K01~9{TR)T(9C`N$J(C (2024_11_13 09_19_52 UTC).png	D:\一轮\hermes_无人物\有用_BFS(K01~9{TR)T(9C`N$J(C (2024_11_13 09_19_52 UTC).jpg
D:\一轮\hermes_无人物\有用_BNMDH@X6Q~SDQW3R{BP})UW.jpg	D:\一轮\hermes_无人物\有用_BNMDH@X6Q~SDQW3R{BP})UW.png
D:\一轮\hermes_无人物\有用_BP{NEW8S1@RXAT50PU1ILJA.jpg	D:\一轮\hermes_无人物\有用_BP{NEW8S1@RXAT50PU1ILJA.png
D:\一轮\hermes_无人物\有用_BSCVLQG[JW(OJQ@66TN9%ZK.jpg	D:\一轮\hermes_无人物\有用_BSCVLQG[JW(OJQ@66TN9%ZK.png
D:\一轮\hermes_无人物\有用_B`0QSQ~03%20L(MG}V1SMI9.jpg	D:\一轮\hermes_无人物\有用_B`0QSQ~03%20L(MG}V1SMI9.png
D:\一轮\hermes_无人物\有用_B`X32NJW[R2VE%E8LWR(AVY.jpg	D:\一轮\hermes_无人物\有用_B`X32NJW[R2VE%E8LWR(AVY.png
D:\一轮\hermes_无人物\有用_C)0V2{Z%]@9X8SGRX[7}}{6 (2024_11_13 09_19_52 UTC).jpg	D:\一轮\hermes_无人物\有用_C)0V2{Z%]@9X8SGRX[7}}{6 (2024_11_13 09_19_52 UTC).png
D:\一轮\hermes_无人物\有用_C1P%O{@HJXT9Y~UPXMON3]3.jpg	D:\一轮\hermes_无人物\有用_C1P%O{@HJXT9Y~UPXMON3]3.png
D:\一轮\hermes_无人物\有用_C6F(G{0~04(_U`8%6@TL63P_tmb (2024_11_13 09_19_52 UTC).png	D:\一轮\hermes_无人物\有用_C6F(G{0~04(_U`8%6@TL63P_tmb (2024_11_13 09_19_52 UTC).jpg
D:\一轮\hermes_无人物\有用_C9TPCLE2F{O@H`TUF[WIC@Q_tmb (2024_11_13 09_19_52 UTC).png	D:\一轮\hermes_无人物\有用_C9TPCLE2F{O@H`TUF[WIC@Q_tmb (2024_11_13 09_19_52 UTC).jpg
D:\一轮\hermes_无人物\有用_CF]_}(9R``]{B{3EG}EFV@P.jpg	D:\一轮\hermes_无人物\有用_CF]_}(9R``]{B{3EG}EFV@P.png
D:\一轮\hermes_无人物\有用_CG{M8@1W[~7]`R6[H}10F[S_tmb (2024_11_13 09_19_52 UTC).bmp	D:\一轮\hermes_无人物\有用_CG{M8@1W[~7]`R6[H}10F[S_tmb (2024_11_13 09_19_52 UTC).jpg
D:\一轮\hermes_无人物\有用_CHN~9XJ(XC)ADD6(Q{%~U_D.jpg	D:\一轮\hermes_无人物\有用_CHN~9XJ(XC)ADD6(Q{%~U_D.png
D:\一轮\hermes_无人物\有用_CLJ218TIVBMQKFL~LWF{JLM.jpg	D:\一轮\hermes_无人物\有用_CLJ218TIVBMQKFL~LWF{JLM.gif
D:\一轮\hermes_无人物\有用_CV{CIK}VKWY0JI0U_T9)Q5T.jpg	D:\一轮\hermes_无人物\有用_CV{CIK}VKWY0JI0U_T9)Q5T.png
D:\一轮\hermes_无人物\有用_CX98OK{DLP(N80W8`)G7M%F.jpg	D:\一轮\hermes_无人物\有用_CX98OK{DLP(N80W8`)G7M%F.png
D:\一轮\hermes_无人物\有用_CXX@H%5W7[GZ8{@K5N`EC6D.jpg	D:\一轮\hermes_无人物\有用_CXX@H%5W7[GZ8{@K5N`EC6D.png
D:\一轮\hermes_无人物\有用_D$%Q~FHU]B1HK_NV~B]ID1L_tmb (2024_11_13 09_19_52 UTC).bmp	D:\一轮\hermes_无人物\有用_D$%Q~FHU]B1HK_NV~B]ID1L_tmb (2024_11_13 09_19_52 UTC).png
D:\一轮\hermes_无人物\有用_D013MK3NA%]%BT0E]66_DXR.jpg	D:\一轮\hermes_无人物\有用_D013MK3NA%]%BT0E]66_DXR.png
D:\一轮\hermes_无人物\有用_D@BH6V~`{%T1U`X09IVR41U.jpg	D:\一轮\hermes_无人物\有用_D@BH6V~`{%T1U`X09IVR41U.png
D:\一轮\hermes_无人物\有用_D@DN69]4O_`6%~62R{4]5IY.jpg	D:\一轮\hermes_无人物\有用_D@DN69]4O_`6%~62R{4]5IY.png
D:\一轮\hermes_无人物\有用_DRQ~)8%9)N525OXX0Y)RDZS.jpg	D:\一轮\hermes_无人物\有用_DRQ~)8%9)N525OXX0Y)RDZS.png
D:\一轮\hermes_无人物\有用_E$IG7EJ83`1{Y}4QJ5$8IQB.jpg	D:\一轮\hermes_无人物\有用_E$IG7EJ83`1{Y}4QJ5$8IQB.png
D:\一轮\hermes_无人物\有用_E8MVM74Q}]X0%H[Q]OX7OHC.jpg	D:\一轮\hermes_无人物\有用_E8MVM74Q}]X0%H[Q]OX7OHC.png
D:\一轮\hermes_无人物\有用_EG3OX6@{$BD_632L0H]9UJF.jpg	D:\一轮\hermes_无人物\有用_EG3OX6@{$BD_632L0H]9UJF.gif
D:\一轮\hermes_无人物\有用_EGG9L3%2LND{@ZD1)A23NX2.jpg	D:\一轮\hermes_无人物\有用_EGG9L3%2LND{@ZD1)A23NX2.png
D:\一轮\hermes_无人物\有用_EJ@E[KRQUPD1YK{`SAE96_A.jpg	D:\一轮\hermes_无人物\有用_EJ@E[KRQUPD1YK{`SAE96_A.gif
D:\一轮\hermes_无人物\有用_E{D4~3P}60PN84E)G{[RGL1_tmb (2024_11_13 09_19_52 UTC).bmp	D:\一轮\hermes_无人物\有用_E{D4~3P}60PN84E)G{[RGL1_tmb (2024_11_13 09_19_52 UTC).jpg
D:\一轮\hermes_无人物\有用_F1UH5{0JA90%%`VK%YAG1{4.jpg	D:\一轮\hermes_无人物\有用_F1UH5{0JA90%%`VK%YAG1{4.png
D:\一轮\hermes_无人物\有用_FCZ9(%39%EO{(NJ_2]NT8$S.jpg	D:\一轮\hermes_无人物\有用_FCZ9(%39%EO{(NJ_2]NT8$S.png
D:\一轮\hermes_无人物\有用_FIOJH[BE5CS{]3G]AYV%0}0.JPG	D:\一轮\hermes_无人物\有用_FIOJH[BE5CS{]3G]AYV%0}0.png
D:\一轮\hermes_无人物\有用_FMBVY7K@8Z`7C_[E2)7{%JC.jpg	D:\一轮\hermes_无人物\有用_FMBVY7K@8Z`7C_[E2)7{%JC.png
D:\一轮\hermes_无人物\有用_FMH$F`YM{UKE]WW]BP8@~%5.jpg	D:\一轮\hermes_无人物\有用_FMH$F`YM{UKE]WW]BP8@~%5.png
D:\一轮\hermes_无人物\有用_FWVT)B%R%F9EK7H2@_SOCT2.jpg	D:\一轮\hermes_无人物\有用_FWVT)B%R%F9EK7H2@_SOCT2.gif
D:\一轮\hermes_无人物\有用_FZMG8BQPTVP(S{X`]C2{NJR.jpg	D:\一轮\hermes_无人物\有用_FZMG8BQPTVP(S{X`]C2{NJR.gif
D:\一轮\hermes_无人物\有用_F[}%3NAW}RCBI[MO_`HVZ{D.jpg	D:\一轮\hermes_无人物\有用_F[}%3NAW}RCBI[MO_`HVZ{D.png
D:\一轮\hermes_无人物\有用_F{8F@$JZ[$73YO77]56C7HX.JPG	D:\一轮\hermes_无人物\有用_F{8F@$JZ[$73YO77]56C7HX.png
D:\一轮\hermes_无人物\有用_F{XN8[9[DU@0V9R7IYAQ~JD_tmb (2024_11_13 09_19_52 UTC).bmp	D:\一轮\hermes_无人物\有用_F{XN8[9[DU@0V9R7IYAQ~JD_tmb (2024_11_13 09_19_52 UTC).jpg
D:\一轮\hermes_无人物\有用_G@O[D70A`%TJKIPG[{$NP)L.jpg	D:\一轮\hermes_无人物\有用_G@O[D70A`%TJKIPG[{$NP)L.png
D:\一轮\hermes_无人物\有用_GFSL}~6ULQWPXH{LLBR3]N6_tmb (2024_11_13 09_19_52 UTC).png	D:\一轮\hermes_无人物\有用_GFSL}~6ULQWPXH{LLBR3]N6_tmb (2024_11_13 09_19_52 UTC).jpg
D:\一轮\hermes_无人物\有用_GJ{1CJFB0P~$J7@A0~N3~(Q_tmb (2024_11_13 09_19_52 UTC).bmp	D:\一轮\hermes_无人物\有用_GJ{1CJFB0P~$J7@A0~N3~(Q_tmb (2024_11_13 09_19_52 UTC).jpg
D:\一轮\hermes_无人物\有用_GR%W(T%DYJ@_PIW6J)SQ{UR.bmp	D:\一轮\hermes_无人物\有用_GR%W(T%DYJ@_PIW6J)SQ{UR.jpg
D:\一轮\hermes_无人物\有用_GT8$_J5OFP~DJ7G%%1JWIE0_tmb (2024_11_13 09_19_52 UTC).bmp	D:\一轮\hermes_无人物\有用_GT8$_J5OFP~DJ7G%%1JWIE0_tmb (2024_11_13 09_19_52 UTC).png
D:\一轮\hermes_无人物\有用_GXR_()%ZS(XVT7HS6)JCRYU.jpg	D:\一轮\hermes_无人物\有用_GXR_()%ZS(XVT7HS6)JCRYU.png
D:\一轮\hermes_无人物\有用_GY3J405%7N~78]%1I~8HDR2.JPG	D:\一轮\hermes_无人物\有用_GY3J405%7N~78]%1I~8HDR2.png
D:\一轮\hermes_无人物\有用_HBU{3_5@FD1MAG4BWS{{E4B.jpg	D:\一轮\hermes_无人物\有用_HBU{3_5@FD1MAG4BWS{{E4B.png
D:\一轮\hermes_无人物\有用_HKO4}}Y)X61X54FR$`{7[DP_tmb (2024_11_13 09_19_52 UTC).png	D:\一轮\hermes_无人物\有用_HKO4}}Y)X61X54FR$`{7[DP_tmb (2024_11_13 09_19_52 UTC).jpg
D:\一轮\hermes_无人物\有用_HN3PV`G`8%1UBA9A0[9CRVU (2024_11_13 09_19_52 UTC).bmp	D:\一轮\hermes_无人物\有用_HN3PV`G`8%1UBA9A0[9CRVU (2024_11_13 09_19_52 UTC).png
D:\一轮\hermes_无人物\有用_I1Z3OYO%9F~%9KTRNR0}`)J.jpg	D:\一轮\hermes_无人物\有用_I1Z3OYO%9F~%9KTRNR0}`)J.png
D:\一轮\hermes_无人物\有用_INX9M67P({$}ZGEUVF4O5DY.jpg	D:\一轮\hermes_无人物\有用_INX9M67P({$}ZGEUVF4O5DY.png
D:\一轮\hermes_无人物\有用_J)`XW%$JR{GDA)AFWQ`(879.jpg	D:\一轮\hermes_无人物\有用_J)`XW%$JR{GDA)AFWQ`(879.png
D:\一轮\hermes_无人物\有用_J{~44R%AVC~P)W%9RP~E6BQ_tmb (2024_11_13 09_19_52 UTC).png	D:\一轮\hermes_无人物\有用_J{~44R%AVC~P)W%9RP~E6BQ_tmb (2024_11_13 09_19_52 UTC).jpg
D:\一轮\hermes_无人物\有用_K85BMKZ]}1N[M@3G{CX_9`X_tmb (2024_11_13 09_19_52 UTC).png	D:\一轮\hermes_无人物\有用_K85BMKZ]}1N[M@3G{CX_9`X_tmb (2024_11_13 09_19_52 UTC).jpg
D:\一轮\hermes_无人物\有用_KH3{T5){)~)4A4{H$SUIAE1.jpg	D:\一轮\hermes_无人物\有用_KH3{T5){)~)4A4{H$SUIAE1.png
D:\一轮\hermes_无人物\有用_KQ4U31HYA9WEAVN{Q9(4IRE.jpg	D:\一轮\hermes_无人物\有用_KQ4U31HYA9WEAVN{Q9(4IRE.png
D:\一轮\hermes_无人物\有用_KT0X$EKKCAXU(%CVF{5[7UP.jpg	D:\一轮\hermes_无人物\有用_KT0X$EKKCAXU(%CVF{5[7UP.png
D:\一轮\hermes_无人物\有用_KUM){EHK[WBR9~ZTEVXX`1E_tmb (2024_11_13 09_19_52 UTC).png	D:\一轮\hermes_无人物\有用_KUM){EHK[WBR9~ZTEVXX`1E_tmb (2024_11_13 09_19_52 UTC).jpg
D:\一轮\hermes_无人物\有用_KZ7A9{IF2QFC}4D]1ELA$1E_tmb (2024_11_13 09_19_52 UTC).png	D:\一轮\hermes_无人物\有用_KZ7A9{IF2QFC}4D]1ELA$1E_tmb (2024_11_13 09_19_52 UTC).jpg
D:\一轮\hermes_无人物\有用_L$DGL35QCG9SJ9A7WVYI{KR.jpg	D:\一轮\hermes_无人物\有用_L$DGL35QCG9SJ9A7WVYI{KR.png
D:\一轮\hermes_无人物\有用_L%TG{KZ)Z_OSWNV1Q1%6R3X.jpg	D:\一轮\hermes_无人物\有用_L%TG{KZ)Z_OSWNV1Q1%6R3X.png
D:\一轮\hermes_无人物\有用_L0I[CHTUU%74_)[EYNB(TXD.jpg	D:\一轮\hermes_无人物\有用_L0I[CHTUU%74_)[EYNB(TXD.png
D:\一轮\hermes_无人物\有用_LIU%7%RZ1Q4N3Y_RUCXJDST.jpg	D:\一轮\hermes_无人物\有用_LIU%7%RZ1Q4N3Y_RUCXJDST.png
D:\一轮\hermes_无人物\有用_LQ3W}~~[}{]C1E~6L$_LXCV_tmb (2024_11_13 09_19_52 UTC).png	D:\一轮\hermes_无人物\有用_LQ3W}~~[}{]C1E~6L$_LXCV_tmb (2024_11_13 09_19_52 UTC).jpg
D:\一轮\hermes_无人物\有用_LW1R(6HTKAW9X9S(414{JPP (2024_11_13 09_19_52 UTC).bmp	D:\一轮\hermes_无人物\有用_LW1R(6HTKAW9X9S(414{JPP (2024_11_13 09_19_52 UTC).jpg
D:\一轮\hermes_无人物\有用_M75YJMHPHRMUL{KJ4497`95_tmb (2024_11_13 09_19_52 UTC).bmp	D:\一轮\hermes_无人物\有用_M75YJMHPHRMUL{KJ4497`95_tmb (2024_11_13 09_19_52 UTC).jpg
D:\一轮\hermes_无人物\有用_MHVSG2}]7YGB%OCD4YDBTRE.jpg	D:\一轮\hermes_无人物\有用_MHVSG2}]7YGB%OCD4YDBTRE.png
D:\一轮\hermes_无人物\有用_MRK(QI(%3TX0N0HS}5(%{(U.jpg	D:\一轮\hermes_无人物\有用_MRK(QI(%3TX0N0HS}5(%{(U.png
D:\一轮\hermes_无人物\有用_MTOTAWPVX09]I{{[$6${9@R.jpg	D:\一轮\hermes_无人物\有用_MTOTAWPVX09]I{{[$6${9@R.png
D:\一轮\hermes_无人物\有用_MU18V$5%}RDWO1`ILE9~}%H.jpg	D:\一轮\hermes_无人物\有用_MU18V$5%}RDWO1`ILE9~}%H.png
D:\一轮\hermes_无人物\有用_M_JE2V2M1YT~%9QXPDMDW}G.jpg	D:\一轮\hermes_无人物\有用_M_JE2V2M1YT~%9QXPDMDW}G.png
D:\一轮\hermes_无人物\有用_N6{QV(L81%`FF2J06GJFAWY_tmb (2024_11_13 09_19_52 UTC).png	D:\一轮\hermes_无人物\有用_N6{QV(L81%`FF2J06GJFAWY_tmb (2024_11_13 09_19_52 UTC).jpg
D:\一轮\hermes_无人物\有用_N7Z40)I}HUWRQ5~C]_B@{}4_tmb (2024_11_13 09_19_52 UTC).bmp	D:\一轮\hermes_无人物\有用_N7Z40)I}HUWRQ5~C]_B@{}4_tmb (2024_11_13 09_19_52 UTC).jpg
D:\一轮\hermes_无人物\有用_N@`6]ILRGWS{M03992JPBUP.jpg	D:\一轮\hermes_无人物\有用_N@`6]ILRGWS{M03992JPBUP.png
D:\一轮\hermes_无人物\有用_NG74PA{VLH0BI}06EE`]20W.jpg	D:\一轮\hermes_无人物\有用_NG74PA{VLH0BI}06EE`]20W.png
D:\一轮\hermes_无人物\有用_NI${OFQJ{W`Z0Z1${9]{TXH.jpg	D:\一轮\hermes_无人物\有用_NI${OFQJ{W`Z0Z1${9]{TXH.png
D:\一轮\hermes_无人物\有用_NIQU7]15I4{EI%ZXD}PRVPK.jpg	D:\一轮\hermes_无人物\有用_NIQU7]15I4{EI%ZXD}PRVPK.png
D:\一轮\hermes_无人物\有用_NKJAHEL[ZX5)5{Z4JK{Q9}P.jpg	D:\一轮\hermes_无人物\有用_NKJAHEL[ZX5)5{Z4JK{Q9}P.png
D:\一轮\hermes_无人物\有用_NS{R6(36HP]SO9IZIS4`VOV_tmb (2024_11_13 09_19_52 UTC).bmp	D:\一轮\hermes_无人物\有用_NS{R6(36HP]SO9IZIS4`VOV_tmb (2024_11_13 09_19_52 UTC).jpg
D:\一轮\hermes_无人物\有用_NW1DQXY]Q%0CW1VHUKJ]$`8.JPG	D:\一轮\hermes_无人物\有用_NW1DQXY]Q%0CW1VHUKJ]$`8.png
D:\一轮\hermes_无人物\有用_N_}M9SR]2[WNO(UL9%XN`_G.jpg	D:\一轮\hermes_无人物\有用_N_}M9SR]2[WNO(UL9%XN`_G.png
D:\一轮\hermes_无人物\有用_O$H[P3G)]G($R]G{HFSHHW8.jpg	D:\一轮\hermes_无人物\有用_O$H[P3G)]G($R]G{HFSHHW8.png
D:\一轮\hermes_无人物\有用_O%KIW]NOWQU9J5S(G_}JA79.jpg	D:\一轮\hermes_无人物\有用_O%KIW]NOWQU9J5S(G_}JA79.png
D:\一轮\hermes_无人物\有用_O2@WX%6LVDV@BZ5`B_V~_6K.jpg	D:\一轮\hermes_无人物\有用_O2@WX%6LVDV@BZ5`B_V~_6K.png
D:\一轮\hermes_无人物\有用_O6Z2{I26GDW}D0@[@BBJP01.jpg	D:\一轮\hermes_无人物\有用_O6Z2{I26GDW}D0@[@BBJP01.png
D:\一轮\hermes_无人物\有用_OO35$O%BV0_}R]_(8O7X[9Q.jpg	D:\一轮\hermes_无人物\有用_OO35$O%BV0_}R]_(8O7X[9Q.png
D:\一轮\hermes_无人物\有用_ORQYII[$2([X]1{AFM$BG8T.jpg	D:\一轮\hermes_无人物\有用_ORQYII[$2([X]1{AFM$BG8T.png
D:\一轮\hermes_无人物\有用_OS_%`43REUZY~GE3WHUWEJ9.jpg	D:\一轮\hermes_无人物\有用_OS_%`43REUZY~GE3WHUWEJ9.png
D:\一轮\hermes_无人物\有用_OVJ8GI0IH1[TP]_3E@%C7BL.jpg	D:\一轮\hermes_无人物\有用_OVJ8GI0IH1[TP]_3E@%C7BL.png
D:\一轮\hermes_无人物\有用_P0XQ(I%7(SSJQN~6_H]9CH0_tmb (2024_11_13 09_19_52 UTC).JPG	D:\一轮\hermes_无人物\有用_P0XQ(I%7(SSJQN~6_H]9CH0_tmb (2024_11_13 09_19_52 UTC).png
D:\一轮\hermes_无人物\有用_P3~N{BATFCRFX8(%~0VLN]G.jpg	D:\一轮\hermes_无人物\有用_P3~N{BATFCRFX8(%~0VLN]G.png
D:\一轮\hermes_无人物\有用_P4FVOWHC@@N(%UBR_0ZK{J9_tmb (2024_11_13 09_19_52 UTC).bmp	D:\一轮\hermes_无人物\有用_P4FVOWHC@@N(%UBR_0ZK{J9_tmb (2024_11_13 09_19_52 UTC).jpg
D:\一轮\hermes_无人物\有用_P7U%~3LZDH1@2R~}BVFMLD1.jpg	D:\一轮\hermes_无人物\有用_P7U%~3LZDH1@2R~}BVFMLD1.gif
D:\一轮\hermes_无人物\有用_PBE68BM%%QTK~E]``3H{NAB.jpg	D:\一轮\hermes_无人物\有用_PBE68BM%%QTK~E]``3H{NAB.png
D:\一轮\hermes_无人物\有用_PY76{R$R]N1_C5H{YZSDZ4J.jpg	D:\一轮\hermes_无人物\有用_PY76{R$R]N1_C5H{YZSDZ4J.png
D:\一轮\hermes_无人物\有用_P~VNM2}$Q7RGZTSCU~%E$$A.jpg	D:\一轮\hermes_无人物\有用_P~VNM2}$Q7RGZTSCU~%E$$A.png
D:\一轮\hermes_无人物\有用_Q4[1)%1`0[IVPFF(%B6O5UE.jpg	D:\一轮\hermes_无人物\有用_Q4[1)%1`0[IVPFF(%B6O5UE.png
D:\一轮\hermes_无人物\有用_QII)Q~7TN}~]J`Q{A{H{O08.jpg	D:\一轮\hermes_无人物\有用_QII)Q~7TN}~]J`Q{A{H{O08.gif
D:\一轮\hermes_无人物\有用_QR[$CNPVH5%Y{5OEJG%SERP_tmb (2024_11_13 09_19_52 UTC).bmp	D:\一轮\hermes_无人物\有用_QR[$CNPVH5%Y{5OEJG%SERP_tmb (2024_11_13 09_19_52 UTC).png
D:\一轮\hermes_无人物\有用_QZ3}T%GPK12`QGMGWW~M~M3.jpg	D:\一轮\hermes_无人物\有用_QZ3}T%GPK12`QGMGWW~M~M3.png
D:\一轮\hermes_无人物\有用_RE%HZ7QQFSK)]PNO]S26U(P.jpg	D:\一轮\hermes_无人物\有用_RE%HZ7QQFSK)]PNO]S26U(P.png
D:\一轮\hermes_无人物\有用_REQGPUKKO0)6%Z]N{YZ$FJQ.JPG	D:\一轮\hermes_无人物\有用_REQGPUKKO0)6%Z]N{YZ$FJQ.png
D:\一轮\hermes_无人物\有用_RHWOYRV{V1}5[QWQ8}UJ9UA (2024_11_13 09_19_52 UTC).png	D:\一轮\hermes_无人物\有用_RHWOYRV{V1}5[QWQ8}UJ9UA (2024_11_13 09_19_52 UTC).jpg
D:\一轮\hermes_无人物\有用_RS~I7VPVSDUR2E[W70%OHO1.jpg	D:\一轮\hermes_无人物\有用_RS~I7VPVSDUR2E[W70%OHO1.png
D:\一轮\hermes_无人物\有用_RW(02Y6}K0N{G80XV$Y1`53 (2024_11_13 09_19_52 UTC).png	D:\一轮\hermes_无人物\有用_RW(02Y6}K0N{G80XV$Y1`53 (2024_11_13 09_19_52 UTC).jpg
D:\一轮\hermes_无人物\有用_R_(`DCB][[C_88$1I1Z{Y4R.jpg	D:\一轮\hermes_无人物\有用_R_(`DCB][[C_88$1I1Z{Y4R.png
D:\一轮\hermes_无人物\有用_R`W$GG$~U${W`)GP5PKDFRY_tmb (2024_11_13 09_19_52 UTC).bmp	D:\一轮\hermes_无人物\有用_R`W$GG$~U${W`)GP5PKDFRY_tmb (2024_11_13 09_19_52 UTC).jpg
D:\一轮\hermes_无人物\有用_S)%Q5%59QF$JQQFCJVB}~KP.jpg	D:\一轮\hermes_无人物\有用_S)%Q5%59QF$JQQFCJVB}~KP.png
D:\一轮\hermes_无人物\有用_S5{5$)X~K`]EY92WD9JUABG.jpg	D:\一轮\hermes_无人物\有用_S5{5$)X~K`]EY92WD9JUABG.png
D:\一轮\hermes_无人物\有用_S80DRWR{ZSE1ZAVTBFCH939_tmb (2024_11_13 09_19_52 UTC).bmp	D:\一轮\hermes_无人物\有用_S80DRWR{ZSE1ZAVTBFCH939_tmb (2024_11_13 09_19_52 UTC).jpg
D:\一轮\hermes_无人物\有用_SB)C5H{ARE}7`M%2N(MROGI.jpg	D:\一轮\hermes_无人物\有用_SB)C5H{ARE}7`M%2N(MROGI.png
D:\一轮\hermes_无人物\有用_SE%T33]B0Y8LMT$Z759DX~8.jpg	D:\一轮\hermes_无人物\有用_SE%T33]B0Y8LMT$Z759DX~8.png
D:\一轮\hermes_无人物\有用_SKGGRN%N9ZO_PZ7M5U0DU]C.jpg	D:\一轮\hermes_无人物\有用_SKGGRN%N9ZO_PZ7M5U0DU]C.png
D:\一轮\hermes_无人物\有用_SKW}`E%(5%01M636ZJ830EV.jpg	D:\一轮\hermes_无人物\有用_SKW}`E%(5%01M636ZJ830EV.png
D:\一轮\hermes_无人物\有用_ST)KSKNT@K(KH3SA7{9MH)F_tmb (2024_11_13 09_19_52 UTC).png	D:\一轮\hermes_无人物\有用_ST)KSKNT@K(KH3SA7{9MH)F_tmb (2024_11_13 09_19_52 UTC).jpg
D:\一轮\hermes_无人物\有用_SU(Z9MR{SYP`_4@{KBY10(3.JPG	D:\一轮\hermes_无人物\有用_SU(Z9MR{SYP`_4@{KBY10(3.png
D:\一轮\hermes_无人物\有用_T7%$M22XO4HJVDQ[PTTRV%0.jpg	D:\一轮\hermes_无人物\有用_T7%$M22XO4HJVDQ[PTTRV%0.png
D:\一轮\hermes_无人物\有用_T@A9~8OGOW)PKHM{`8E%V(6.jpg	D:\一轮\hermes_无人物\有用_T@A9~8OGOW)PKHM{`8E%V(6.png
D:\一轮\hermes_无人物\有用_T@G%SU6HQ(YOIF5O{QPD{8G.jpg	D:\一轮\hermes_无人物\有用_T@G%SU6HQ(YOIF5O{QPD{8G.png
D:\一轮\hermes_无人物\有用_TIBU2[5{1AORI6}XXYD6EBE.jpg	D:\一轮\hermes_无人物\有用_TIBU2[5{1AORI6}XXYD6EBE.png
D:\一轮\hermes_无人物\有用_T{NP3)7HK@DVK`U5$J%NV81.jpg	D:\一轮\hermes_无人物\有用_T{NP3)7HK@DVK`U5$J%NV81.png
D:\一轮\hermes_无人物\有用_T{`R9HUKXY$C{UXHO4QHFIE.jpg	D:\一轮\hermes_无人物\有用_T{`R9HUKXY$C{UXHO4QHFIE.png
D:\一轮\hermes_无人物\有用_UB5[QVD{IO28X3WH~{[92FK.jpg	D:\一轮\hermes_无人物\有用_UB5[QVD{IO28X3WH~{[92FK.png
D:\一轮\hermes_无人物\有用_UOHL`L%$ZG3`AM$D]%GA)(D.jpg	D:\一轮\hermes_无人物\有用_UOHL`L%$ZG3`AM$D]%GA)(D.png
D:\一轮\hermes_无人物\有用_U{UH52SWV]]CN0B`%U34[@U_tmb (2024_11_13 09_19_52 UTC).bmp	D:\一轮\hermes_无人物\有用_U{UH52SWV]]CN0B`%U34[@U_tmb (2024_11_13 09_19_52 UTC).png
D:\一轮\hermes_无人物\有用_V$UBY%(99EE6I)95`8O}O14.jpg	D:\一轮\hermes_无人物\有用_V$UBY%(99EE6I)95`8O}O14.png
D:\一轮\hermes_无人物\有用_V)[US3BB`OYTZJKMF{`_1YR_tmb (2024_11_13 09_19_52 UTC).png	D:\一轮\hermes_无人物\有用_V)[US3BB`OYTZJKMF{`_1YR_tmb (2024_11_13 09_19_52 UTC).jpg
D:\一轮\hermes_无人物\有用_V3Z0`{CMW{I{[%{AE3FG6YG.jpg	D:\一轮\hermes_无人物\有用_V3Z0`{CMW{I{[%{AE3FG6YG.png
D:\一轮\hermes_无人物\有用_V7GJYJ8{E)L62T]8NJYT{3C.jpg	D:\一轮\hermes_无人物\有用_V7GJYJ8{E)L62T]8NJYT{3C.png
D:\一轮\hermes_无人物\有用_VAQO5Q2YB%Y}AIC}{%XL8NE_tmb (2024_11_13 09_19_52 UTC).bmp	D:\一轮\hermes_无人物\有用_VAQO5Q2YB%Y}AIC}{%XL8NE_tmb (2024_11_13 09_19_52 UTC).jpg
D:\一轮\hermes_无人物\有用_VL)7YLNSJC[LJ_{PA~1{@ZJ.jpg	D:\一轮\hermes_无人物\有用_VL)7YLNSJC[LJ_{PA~1{@ZJ.png
D:\一轮\hermes_无人物\有用_WAQOPN909BFE8JK{UY[EL[B.jpg	D:\一轮\hermes_无人物\有用_WAQOPN909BFE8JK{UY[EL[B.png
D:\一轮\hermes_无人物\有用_WEAN{73O$ORDTZ2PN%P([TM.jpg	D:\一轮\hermes_无人物\有用_WEAN{73O$ORDTZ2PN%P([TM.png
D:\一轮\hermes_无人物\有用_WQ$Z)}PNL%NL{F)HUQ(}JH1_tmb (2024_11_13 09_19_52 UTC).bmp	D:\一轮\hermes_无人物\有用_WQ$Z)}PNL%NL{F)HUQ(}JH1_tmb (2024_11_13 09_19_52 UTC).jpg
D:\一轮\hermes_无人物\有用_WTBREGEP~{W9WBMQ(WZNJ2H.jpg	D:\一轮\hermes_无人物\有用_WTBREGEP~{W9WBMQ(WZNJ2H.png
D:\一轮\hermes_无人物\有用_W[EXZ6$SLKE)VO1FT{N]K{K.jpg	D:\一轮\hermes_无人物\有用_W[EXZ6$SLKE)VO1FT{N]K{K.png
D:\一轮\hermes_无人物\有用_X$RFN]ADJ2CJ(8B}EHAEJ%B.jpg	D:\一轮\hermes_无人物\有用_X$RFN]ADJ2CJ(8B}EHAEJ%B.png
D:\一轮\hermes_无人物\有用_X6X%{4F]X7(Y4Y320)WGORR.jpg	D:\一轮\hermes_无人物\有用_X6X%{4F]X7(Y4Y320)WGORR.png
D:\一轮\hermes_无人物\有用_XA708T$QIXYRZM]QV9)O%UA.JPG	D:\一轮\hermes_无人物\有用_XA708T$QIXYRZM]QV9)O%UA.png
D:\一轮\hermes_无人物\有用_XDI3`Q[`]M]_W)P~%9K7M20.jpg	D:\一轮\hermes_无人物\有用_XDI3`Q[`]M]_W)P~%9K7M20.png
D:\一轮\hermes_无人物\有用_XDYQFH5ZF%E3X4`3WVYP((3.jpg	D:\一轮\hermes_无人物\有用_XDYQFH5ZF%E3X4`3WVYP((3.png
D:\一轮\hermes_无人物\有用_XE@EDD(7DZ2LF`H}K{G[@]7.jpg	D:\一轮\hermes_无人物\有用_XE@EDD(7DZ2LF`H}K{G[@]7.png
D:\一轮\hermes_无人物\有用_XF@7EWCLTB%0(Q[EW17ON)R.jpg	D:\一轮\hermes_无人物\有用_XF@7EWCLTB%0(Q[EW17ON)R.png
D:\一轮\hermes_无人物\有用_XOT4PWRI{M]VD][EVO(BTG5.jpg	D:\一轮\hermes_无人物\有用_XOT4PWRI{M]VD][EVO(BTG5.gif
D:\一轮\hermes_无人物\有用_XYLO1OL)SO{{K)}[K}MTABK.jpg	D:\一轮\hermes_无人物\有用_XYLO1OL)SO{{K)}[K}MTABK.png
D:\一轮\hermes_无人物\有用_YB{)IV92U0)IS1}8~KLHU%O.jpg	D:\一轮\hermes_无人物\有用_YB{)IV92U0)IS1}8~KLHU%O.png
D:\一轮\hermes_无人物\有用_YJ$0[AV[OD4Y{FF``%RD0B1.jpg	D:\一轮\hermes_无人物\有用_YJ$0[AV[OD4Y{FF``%RD0B1.png
D:\一轮\hermes_无人物\有用_YK~N{%5EUFMMK3_3JHB6)MR.jpg	D:\一轮\hermes_无人物\有用_YK~N{%5EUFMMK3_3JHB6)MR.png
D:\一轮\hermes_无人物\有用_YL@22{3)2RDS8VYYGQJMW1K.jpg	D:\一轮\hermes_无人物\有用_YL@22{3)2RDS8VYYGQJMW1K.png
D:\一轮\hermes_无人物\有用_YT@H6V9_FF7N%JLEO1VF732.jpg	D:\一轮\hermes_无人物\有用_YT@H6V9_FF7N%JLEO1VF732.png
D:\一轮\hermes_无人物\有用_Z(~{U733X[Y1I_O)NJ6TIGO_tmb (2024_11_13 09_19_52 UTC).png	D:\一轮\hermes_无人物\有用_Z(~{U733X[Y1I_O)NJ6TIGO_tmb (2024_11_13 09_19_52 UTC).jpg
D:\一轮\hermes_无人物\有用_Z3RFQ6WU~F2VLF1`M1)D0%2.jpg	D:\一轮\hermes_无人物\有用_Z3RFQ6WU~F2VLF1`M1)D0%2.png
D:\一轮\hermes_无人物\有用_ZAEARL$FS0{2L5MA5NYWWMS.jpg	D:\一轮\hermes_无人物\有用_ZAEARL$FS0{2L5MA5NYWWMS.png
D:\一轮\hermes_无人物\有用_ZENW~F9C]3M1JG{}9N3R327.jpg	D:\一轮\hermes_无人物\有用_ZENW~F9C]3M1JG{}9N3R327.png
D:\一轮\hermes_无人物\有用_ZRNCURO}47JGVI{Z(`}NQ71.jpg	D:\一轮\hermes_无人物\有用_ZRNCURO}47JGVI{Z(`}NQ71.png
D:\一轮\hermes_无人物\有用_ZT[$0UQU)9MCY{K)J3TJ(HV_tmb (2024_11_13 09_19_52 UTC).png	D:\一轮\hermes_无人物\有用_ZT[$0UQU)9MCY{K)J3TJ(HV_tmb (2024_11_13 09_19_52 UTC).jpg
D:\一轮\hermes_无人物\有用_ZT]})196YKGJTSRI75{Y}`2.jpg	D:\一轮\hermes_无人物\有用_ZT]})196YKGJTSRI75{Y}`2.png
D:\一轮\hermes_无人物\有用_ZV)G[~@NENGHQU8{3%Q`S16.jpg	D:\一轮\hermes_无人物\有用_ZV)G[~@NENGHQU8{3%Q`S16.png
D:\一轮\hermes_无人物\有用_Z~B(W9}3~3%F[$KOW3]Q7LR.jpg	D:\一轮\hermes_无人物\有用_Z~B(W9}3~3%F[$KOW3]Q7LR.png
D:\一轮\hermes_无人物\有用_[%0TP5FQGMRCCC[TDVXNYTJ.jpg	D:\一轮\hermes_无人物\有用_[%0TP5FQGMRCCC[TDVXNYTJ.png
D:\一轮\hermes_无人物\有用_[%K8PJS0`APO{HYFXM0S7(X.jpg	D:\一轮\hermes_无人物\有用_[%K8PJS0`APO{HYFXM0S7(X.png
D:\一轮\hermes_无人物\有用_[2Q8AJB$@8AN{NVQD56%4ON.jpg	D:\一轮\hermes_无人物\有用_[2Q8AJB$@8AN{NVQD56%4ON.png
D:\一轮\hermes_无人物\有用_[2T[L`_AWIM_RLYJ6WN{EQQ.jpg	D:\一轮\hermes_无人物\有用_[2T[L`_AWIM_RLYJ6WN{EQQ.png
D:\一轮\hermes_无人物\有用_[4TH9%Q]_92`SS57K]PHP(Y.jpg	D:\一轮\hermes_无人物\有用_[4TH9%Q]_92`SS57K]PHP(Y.png
D:\一轮\hermes_无人物\有用_[5QK`3CWXT{3F2W@JCY%QFT_tmb (2024_11_13 09_19_52 UTC).png	D:\一轮\hermes_无人物\有用_[5QK`3CWXT{3F2W@JCY%QFT_tmb (2024_11_13 09_19_52 UTC).jpg
D:\一轮\hermes_无人物\有用_[@H@)8DG]9R(7NQ5%DDU_QJ.jpg	D:\一轮\hermes_无人物\有用_[@H@)8DG]9R(7NQ5%DDU_QJ.png
D:\一轮\hermes_无人物\有用_[GCOT_~]DX]WY{U8DS[II72_tmb (2024_11_13 09_19_52 UTC).png	D:\一轮\hermes_无人物\有用_[GCOT_~]DX]WY{U8DS[II72_tmb (2024_11_13 09_19_52 UTC).jpg
D:\一轮\hermes_无人物\有用_[LKA273B_6E}G{PHQO2ER~8_tmb (2024_11_13 09_19_52 UTC).bmp	D:\一轮\hermes_无人物\有用_[LKA273B_6E}G{PHQO2ER~8_tmb (2024_11_13 09_19_52 UTC).jpg
D:\一轮\hermes_无人物\有用_[Q~OT$FL1Z~U~LKC)XE%2[2.jpg	D:\一轮\hermes_无人物\有用_[Q~OT$FL1Z~U~LKC)XE%2[2.png
D:\一轮\hermes_无人物\有用_[T$A]I`{I$Q2SJ8J[I5ES5U.jpg	D:\一轮\hermes_无人物\有用_[T$A]I`{I$Q2SJ8J[I5ES5U.png
D:\一轮\hermes_无人物\有用_[WK3)~B62[]9RT7)4@ORN%I.jpg	D:\一轮\hermes_无人物\有用_[WK3)~B62[]9RT7)4@ORN%I.png
D:\一轮\hermes_无人物\有用_[`%HXPE@3QRI_4)XE5X56NE.jpg	D:\一轮\hermes_无人物\有用_[`%HXPE@3QRI_4)XE5X56NE.png
D:\一轮\hermes_无人物\有用_](5BS]T52@E_TAW{{56}[%6_tmb (2024_11_13 09_19_52 UTC).bmp	D:\一轮\hermes_无人物\有用_](5BS]T52@E_TAW{{56}[%6_tmb (2024_11_13 09_19_52 UTC).png
D:\一轮\hermes_无人物\有用_]78`35Y{5Y]4@YP~{C2P4AA.jpg	D:\一轮\hermes_无人物\有用_]78`35Y{5Y]4@YP~{C2P4AA.png
D:\一轮\hermes_无人物\有用_]9RD$B6M$){5NVC1YFXO6%K.jpg	D:\一轮\hermes_无人物\有用_]9RD$B6M$){5NVC1YFXO6%K.png
D:\一轮\hermes_无人物\有用_]CMT3]GU8OQ6I(C5A%}C960.jpg	D:\一轮\hermes_无人物\有用_]CMT3]GU8OQ6I(C5A%}C960.png
D:\一轮\hermes_无人物\有用_]E(31I8Q~_P0$_{BFT{C}]G.JPG	D:\一轮\hermes_无人物\有用_]E(31I8Q~_P0$_{BFT{C}]G.png
D:\一轮\hermes_无人物\有用_]G}ULEP7CIJ3(R_%8MW1X)4.jpg	D:\一轮\hermes_无人物\有用_]G}ULEP7CIJ3(R_%8MW1X)4.png
D:\一轮\hermes_无人物\有用_][`E2M5N2CJ}Y@R13Y%RL1L.jpg	D:\一轮\hermes_无人物\有用_][`E2M5N2CJ}Y@R13Y%RL1L.png
D:\一轮\hermes_无人物\有用__1[DZ`N{%[`KY$(VM_P00[8.jpg	D:\一轮\hermes_无人物\有用__1[DZ`N{%[`KY$(VM_P00[8.png
D:\一轮\hermes_无人物\有用__@_T2XM3AU%TIMPX0WOYEWK.jpg	D:\一轮\hermes_无人物\有用__@_T2XM3AU%TIMPX0WOYEWK.png
D:\一轮\hermes_无人物\有用__BKBQL1`4B_EJ{6L8CS9)2S_tmb (2024_11_13 09_19_52 UTC).jpg	D:\一轮\hermes_无人物\有用__BKBQL1`4B_EJ{6L8CS9)2S_tmb (2024_11_13 09_19_52 UTC).png
D:\一轮\hermes_无人物\有用__EN_BL%%Q3HV~]{B[]YC{4N.jpg	D:\一轮\hermes_无人物\有用__EN_BL%%Q3HV~]{B[]YC{4N.png
D:\一轮\hermes_无人物\有用__I9YZ4KQ1])`UY{$RVMTHWE_tmb (2024_11_13 09_19_52 UTC).png	D:\一轮\hermes_无人物\有用__I9YZ4KQ1])`UY{$RVMTHWE_tmb (2024_11_13 09_19_52 UTC).jpg
D:\一轮\hermes_无人物\有用__Y})CXI@7HF)4STF{(5693O.jpg	D:\一轮\hermes_无人物\有用__Y})CXI@7HF)4STF{(5693O.png
D:\一轮\hermes_无人物\有用__ZY%FV6LXHDC{CF0_L}G(9F.jpg	D:\一轮\hermes_无人物\有用__ZY%FV6LXHDC{CF0_L}G(9F.png
D:\一轮\hermes_无人物\有用_`${0KFH7P8N]2A5}(P``3PO (2024_11_13 09_19_52 UTC).bmp	D:\一轮\hermes_无人物\有用_`${0KFH7P8N]2A5}(P``3PO (2024_11_13 09_19_52 UTC).png
D:\一轮\hermes_无人物\有用_`(CIE~J6C{0_MWX)AF]TF02_tmb (2024_11_13 09_19_52 UTC).bmp	D:\一轮\hermes_无人物\有用_`(CIE~J6C{0_MWX)AF]TF02_tmb (2024_11_13 09_19_52 UTC).jpg
D:\一轮\hermes_无人物\有用_`56CV[9M5`D{6W46C[5Y8%R_tmb (2024_11_13 09_19_52 UTC).png	D:\一轮\hermes_无人物\有用_`56CV[9M5`D{6W46C[5Y8%R_tmb (2024_11_13 09_19_52 UTC).jpg
D:\一轮\hermes_无人物\有用_`FWZ{5[4D3YLFP%DG1G]S]F.jpg	D:\一轮\hermes_无人物\有用_`FWZ{5[4D3YLFP%DG1G]S]F.png
D:\一轮\hermes_无人物\有用_`S_JL_Q6N3(]YS4{336BD{B_tmb (2024_11_13 09_19_52 UTC).png	D:\一轮\hermes_无人物\有用_`S_JL_Q6N3(]YS4{336BD{B_tmb (2024_11_13 09_19_52 UTC).jpg
D:\一轮\hermes_无人物\有用_`WMB`Y1CGG6S(3%AWXN1(CD.jpg	D:\一轮\hermes_无人物\有用_`WMB`Y1CGG6S(3%AWXN1(CD.png
D:\一轮\hermes_无人物\有用_`ZI{2@E]QCQ70L~Z}4`6HEN.jpg	D:\一轮\hermes_无人物\有用_`ZI{2@E]QCQ70L~Z}4`6HEN.png
D:\一轮\hermes_无人物\有用_`}C{{Z(128TPB`2)%X~QC6Y.jpg	D:\一轮\hermes_无人物\有用_`}C{{Z(128TPB`2)%X~QC6Y.png
D:\一轮\hermes_无人物\有用_{)$283CZM]`K94F559`)_36_tmb (2024_11_13 09_19_52 UTC).bmp	D:\一轮\hermes_无人物\有用_{)$283CZM]`K94F559`)_36_tmb (2024_11_13 09_19_52 UTC).jpg
D:\一轮\hermes_无人物\有用_{)VHHOB@2LU(}@UB8RAIR~S.jpg	D:\一轮\hermes_无人物\有用_{)VHHOB@2LU(}@UB8RAIR~S.png
D:\一轮\hermes_无人物\有用_{2DDOZZR~GBHM(BU}K_6I6W.JPG	D:\一轮\hermes_无人物\有用_{2DDOZZR~GBHM(BU}K_6I6W.png
D:\一轮\hermes_无人物\有用_{30@MG3S}NEVN~AW%OQWAQ3.jpg	D:\一轮\hermes_无人物\有用_{30@MG3S}NEVN~AW%OQWAQ3.png
D:\一轮\hermes_无人物\有用_{8Z9@X20A}{_~P@MRE)CZXO.jpg	D:\一轮\hermes_无人物\有用_{8Z9@X20A}{_~P@MRE)CZXO.png
D:\一轮\hermes_无人物\有用_{@8[G~(]7SR4KA68MW(U_9L_tmb (2024_11_13 09_19_52 UTC).bmp	D:\一轮\hermes_无人物\有用_{@8[G~(]7SR4KA68MW(U_9L_tmb (2024_11_13 09_19_52 UTC).jpg
D:\一轮\hermes_无人物\有用_{@T1]`(]G052`KQ)0C~KUH2_tmb (2024_11_13 09_19_52 UTC).png	D:\一轮\hermes_无人物\有用_{@T1]`(]G052`KQ)0C~KUH2_tmb (2024_11_13 09_19_52 UTC).jpg
D:\一轮\hermes_无人物\有用_{A%QGT@0)@CJ{[87552O)B0_tmb (2024_11_13 09_19_52 UTC).bmp	D:\一轮\hermes_无人物\有用_{A%QGT@0)@CJ{[87552O)B0_tmb (2024_11_13 09_19_52 UTC).jpg
D:\一轮\hermes_无人物\有用_{D%2UM5TRROEV5WM6%SF})5_tmb (2024_11_13 09_19_52 UTC).bmp	D:\一轮\hermes_无人物\有用_{D%2UM5TRROEV5WM6%SF})5_tmb (2024_11_13 09_19_52 UTC).png
D:\一轮\hermes_无人物\有用_{IBRHA[2BP8O]6EI10Z37)U.jpg	D:\一轮\hermes_无人物\有用_{IBRHA[2BP8O]6EI10Z37)U.gif
D:\一轮\hermes_无人物\有用_{ICB5JO)GF)[Y53Z6~XGS9U.JPG	D:\一轮\hermes_无人物\有用_{ICB5JO)GF)[Y53Z6~XGS9U.png
D:\一轮\hermes_无人物\有用_{IDQHQ9$J`}([Y$HQE(N}J1.JPG	D:\一轮\hermes_无人物\有用_{IDQHQ9$J`}([Y$HQE(N}J1.png
D:\一轮\hermes_无人物\有用_{KJB(ED{0EG32({UT`YG_OO.jpg	D:\一轮\hermes_无人物\有用_{KJB(ED{0EG32({UT`YG_OO.png
D:\一轮\hermes_无人物\有用_{K[49]LDC7C1G~0UG`07J4O.jpg	D:\一轮\hermes_无人物\有用_{K[49]LDC7C1G~0UG`07J4O.png
D:\一轮\hermes_无人物\有用_{N{}S668U3C9BB$[2DE4@NO.jpg	D:\一轮\hermes_无人物\有用_{N{}S668U3C9BB$[2DE4@NO.png
D:\一轮\hermes_无人物\有用_{QM_Z`M0%9$EC0[YVC8G3~V.jpg	D:\一轮\hermes_无人物\有用_{QM_Z`M0%9$EC0[YVC8G3~V.gif
D:\一轮\hermes_无人物\有用_{T`~6J3%NR((7)9%TK4{%(8.jpg	D:\一轮\hermes_无人物\有用_{T`~6J3%NR((7)9%TK4{%(8.png
D:\一轮\hermes_无人物\有用_{YG`KN9NE)[QDR)VR3G}X]O.jpg	D:\一轮\hermes_无人物\有用_{YG`KN9NE)[QDR)VR3G}X]O.png
D:\一轮\hermes_无人物\有用_{`9`[F3YCMOC3ZRK1]MX9RC_tmb (2024_11_13 09_19_52 UTC).png	D:\一轮\hermes_无人物\有用_{`9`[F3YCMOC3ZRK1]MX9RC_tmb (2024_11_13 09_19_52 UTC).jpg
D:\一轮\hermes_无人物\有用_{{2R8ES6U18L813PS0NN[AY_tmb (2024_11_13 09_19_52 UTC).bmp	D:\一轮\hermes_无人物\有用_{{2R8ES6U18L813PS0NN[AY_tmb (2024_11_13 09_19_52 UTC).jpg
D:\一轮\hermes_无人物\有用_{{`NA1KN8%VXU2N~H4N@677.jpg	D:\一轮\hermes_无人物\有用_{{`NA1KN8%VXU2N~H4N@677.png
D:\一轮\hermes_无人物\有用_{}F6$[4L9_LV176U%R(YM}5.jpg	D:\一轮\hermes_无人物\有用_{}F6$[4L9_LV176U%R(YM}5.png
D:\一轮\hermes_无人物\有用_{~S(B[~$FCU2E%`QH9@(18R.JPG	D:\一轮\hermes_无人物\有用_{~S(B[~$FCU2E%`QH9@(18R.png
D:\一轮\hermes_无人物\有用_}00~WXEFSXJI]EO%0Z@N(QA.jpg	D:\一轮\hermes_无人物\有用_}00~WXEFSXJI]EO%0Z@N(QA.png
D:\一轮\hermes_无人物\有用_}EYOSHUYXPB~D)H5{FB1_1F.jpg	D:\一轮\hermes_无人物\有用_}EYOSHUYXPB~D)H5{FB1_1F.png
D:\一轮\hermes_无人物\有用_}F1GE5V(~[4LJ2)(HX~Q%~T.jpg	D:\一轮\hermes_无人物\有用_}F1GE5V(~[4LJ2)(HX~Q%~T.png
D:\一轮\hermes_无人物\有用_}I%2T79}}QP$Q$_B3GXI{6B.jpg	D:\一轮\hermes_无人物\有用_}I%2T79}}QP$Q$_B3GXI{6B.png
D:\一轮\hermes_无人物\有用_}KEB02SP9DY`L]2P%6T4U@0.jpg	D:\一轮\hermes_无人物\有用_}KEB02SP9DY`L]2P%6T4U@0.png
D:\一轮\hermes_无人物\有用_}LI6F@[F%[XOX9WOC{32}Q8.jpg	D:\一轮\hermes_无人物\有用_}LI6F@[F%[XOX9WOC{32}Q8.png
D:\一轮\hermes_无人物\有用_}P3}@`2SS{QC[37SPBT8SBP_tmb (2024_11_13 09_19_52 UTC).jpg	D:\一轮\hermes_无人物\有用_}P3}@`2SS{QC[37SPBT8SBP_tmb (2024_11_13 09_19_52 UTC).png
D:\一轮\hermes_无人物\有用_}SY6ZGP){[PSDR3@$)H0FOV.jpg	D:\一轮\hermes_无人物\有用_}SY6ZGP){[PSDR3@$)H0FOV.png
D:\一轮\hermes_无人物\有用_}TJBGP9RVOKD69$`9){CT}H.jpg	D:\一轮\hermes_无人物\有用_}TJBGP9RVOKD69$`9){CT}H.png
D:\一轮\hermes_无人物\有用_}V9BJDQM~(1TSBH{KAQ3SQQ.jpg	D:\一轮\hermes_无人物\有用_}V9BJDQM~(1TSBH{KAQ3SQQ.png
D:\一轮\hermes_无人物\有用_}_45`7IC%1))DZTAOYU[IDY.jpg	D:\一轮\hermes_无人物\有用_}_45`7IC%1))DZTAOYU[IDY.png
D:\一轮\hermes_无人物\有用_}~7[(288GPUA{~B6CCRTH$L.jpg	D:\一轮\hermes_无人物\有用_}~7[(288GPUA{~B6CCRTH$L.png
D:\一轮\hermes_无人物\有用_~6KHF{BPGBOA(M5D5KZSFFN.jpg	D:\一轮\hermes_无人物\有用_~6KHF{BPGBOA(M5D5KZSFFN.png
D:\一轮\hermes_无人物\有用_~8ROZ89HKV[3LU@{ME%[AZX (2024_11_13 09_19_52 UTC).bmp	D:\一轮\hermes_无人物\有用_~8ROZ89HKV[3LU@{ME%[AZX (2024_11_13 09_19_52 UTC).jpg
D:\一轮\hermes_无人物\有用_~F[P%~]M2N~YKOE}A4GICVA (2024_11_13 09_19_52 UTC).bmp	D:\一轮\hermes_无人物\有用_~F[P%~]M2N~YKOE}A4GICVA (2024_11_13 09_19_52 UTC).png
D:\一轮\hermes_无人物\有用_~KS[@V%QDF@(VUS@WJBVQ(1.jpg	D:\一轮\hermes_无人物\有用_~KS[@V%QDF@(VUS@WJBVQ(1.png
D:\一轮\hermes_无人物\有用_~M(SEQ849HJ[JL%KT_(D2TD.jpg	D:\一轮\hermes_无人物\有用_~M(SEQ849HJ[JL%KT_(D2TD.png
D:\一轮\hermes_无人物\有用_~PVOD~C0C]{LR{I4OYQ5()Q.jpg	D:\一轮\hermes_无人物\有用_~PVOD~C0C]{LR{I4OYQ5()Q.png
D:\一轮\hermes_无人物\有用_~QIC4[$M()~$P{YERKRGND0.jpg	D:\一轮\hermes_无人物\有用_~QIC4[$M()~$P{YERKRGND0.png
D:\一轮\hermes_无人物\有用_~VBJBLUICD3B4IFO9L7AK%I.jpg	D:\一轮\hermes_无人物\有用_~VBJBLUICD3B4IFO9L7AK%I.png
D:\一轮\hermes_无人物\有用_~]NT@5W)E}7A{FOZ$)J6W_Y.jpg	D:\一轮\hermes_无人物\有用_~]NT@5W)E}7A{FOZ$)J6W_Y.png
D:\一轮\hermes_无人物\备份_2025-09-07_JC9SZ}~HCV{}}59E1U)@T}T.png	D:\一轮\hermes_无人物\备份_2025-09-07_JC9SZ}~HCV{}}59E1U)@T}T.jpg
D:\一轮\hermes_无人物\备份_2025-09-07_JWYRWU$%]UB[JLQ02}PHIRK.jpg	D:\一轮\hermes_无人物\备份_2025-09-07_JWYRWU$%]UB[JLQ02}PHIRK.png
D:\一轮\hermes_无人物\备份_2025-09-07_LQ0J%@LKUIG9~_R[57Z~TIO.jpg	D:\一轮\hermes_无人物\备份_2025-09-07_LQ0J%@LKUIG9~_R[57Z~TIO.png
D:\一轮\hermes_无人物\备份_2025-09-07_PI6PVY]]1W}_(5{DN6F_BTW.jpg	D:\一轮\hermes_无人物\备份_2025-09-07_PI6PVY]]1W}_(5{DN6F_BTW.gif
D:\一轮\hermes_无人物\备份_2025-09-07__XP}JMZ`K%ZLYG47DWI87NW.jpg	D:\一轮\hermes_无人物\备份_2025-09-07__XP}JMZ`K%ZLYG47DWI87NW.png
